date,hub_name,price_with_vat,price_without_vat
2017-01-05,TTF,8019.32,6682.77
2017-01-05,Gaspool,7994.82,6662.35
2017-01-05,NCG,8204.83,6837.36
2017-01-06,TTF,7901.85,6584.87
2017-01-06,Gaspool,7936.53,6613.77
2017-01-06,NCG,7981.62,6651.35
2017-01-06,CEGH,8089.13,6740.94
2017-01-10,TTF,8708.49,7257.07
2017-01-10,Gaspool,8313.05,6927.54
2017-01-10,NCG,8798.36,7331.97
2017-01-10,CEGH,8730.06,7275.05
2017-01-11,TTF,8925.07,7437.56
2017-01-11,Gaspool,8509.99,7091.66
2017-01-11,NCG,9051.4,7542.83
2017-01-11,CEGH,8914.24,7428.53
2017-01-12,TTF,8921.0,7434.17
2017-01-12,Gaspool,8616.89,7180.74
2017-01-12,NCG,8974.67,7478.89
2017-01-12,CEGH,9056.96,7547.47
2017-01-13,TTF,8879.62,7399.68
2017-01-13,Gaspool,8707.77,7256.47
2017-01-13,NCG,9109.97,7591.64
2017-01-13,CEGH,9139.22,7616.02
2017-01-16,TTF,8597.22,7164.35
2017-01-16,Gaspool,8882.59,7402.16
2017-01-16,NCG,8715.82,7263.18
2017-01-16,CEGH,9253.21,7711.01
2017-01-17,TTF,8919.86,7433.22
2017-01-17,Gaspool,8458.63,7048.86
2017-01-17,NCG,9196.6,7663.83
2017-01-17,CEGH,8953.07,7460.89
2017-01-18,TTF,8962.35,7468.62
2017-01-18,Gaspool,8795.46,7329.55
2017-01-18,NCG,8980.9,7484.08
2017-01-18,CEGH,9333.24,7777.7
2017-01-19,TTF,9130.06,7608.38
2017-01-19,Gaspool,8607.02,7172.52
2017-01-19,NCG,9233.2,7694.33
2017-01-19,CEGH,8956.94,7464.12
2017-01-20,TTF,9146.25,7621.87
2017-01-20,Gaspool,8778.43,7315.36
2017-01-20,NCG,9330.15,7775.12
2017-01-20,CEGH,9271.3,7726.08
2017-01-23,TTF,9643.49,8036.24
2017-01-23,Gaspool,9038.95,7532.46
2017-01-23,NCG,9735.09,8112.57
2017-01-23,CEGH,9225.81,7688.17
2017-01-24,TTF,9545.43,7954.52
2017-01-24,Gaspool,9424.0,7853.33
2017-01-24,NCG,9655.81,8046.51
2017-01-24,CEGH,9670.53,8058.77
2017-01-25,TTF,9104.4,7587.0
2017-01-25,Gaspool,9288.27,7740.22
2017-01-25,NCG,9280.91,7734.09
2017-01-25,CEGH,9648.65,8040.54
2017-01-26,TTF,8945.52,7454.6
2017-01-26,Gaspool,8890.43,7408.69
2017-01-26,NCG,9165.86,7638.22
2017-01-26,CEGH,9158.52,7632.1
2017-01-27,TTF,8711.75,7259.79
2017-01-27,Gaspool,8711.75,7259.79
2017-01-27,NCG,8858.09,7381.74
2017-01-27,CEGH,9055.64,7546.37
2017-01-30,TTF,9055.25,7546.04
2017-01-30,Gaspool,8701.29,7251.07
2017-01-30,NCG,9146.48,7622.07
2017-01-30,CEGH,8799.82,7333.18
2017-01-31,TTF,9170.79,7642.32
2017-01-31,Gaspool,8855.68,7379.73
2017-01-31,NCG,9369.99,7808.32
2017-01-31,CEGH,9105.59,7587.99
2017-02-01,TTF,9651.88,8043.23
2017-02-01,Gaspool,9315.23,7762.69
2017-02-01,NCG,9673.83,8061.52
2017-02-01,CEGH,9494.53,7912.11
2017-02-02,TTF,9554.2,7961.83
2017-02-02,Gaspool,9444.4,7870.33
2017-02-02,NCG,9645.7,8038.08
2017-02-02,CEGH,9956.81,8297.34
2017-02-03,TTF,9931.81,8276.51
2017-02-03,Gaspool,9612.99,8010.82
2017-02-03,NCG,9968.46,8307.05
2017-02-03,CEGH,9726.6,8105.5
2017-02-06,TTF,9906.04,8255.03
2017-02-06,Gaspool,9723.33,8102.77
2017-02-06,NCG,9997.39,8331.16
2017-02-06,CEGH,9854.88,8212.4
2017-02-07,TTF,9536.86,7947.38
2017-02-07,Gaspool,9801.04,8167.53
2017-02-07,NCG,9782.69,8152.24
2017-02-07,CEGH,9643.26,8036.05
2017-02-08,TTF,8942.64,7452.2
2017-02-08,Gaspool,9395.84,7829.87
2017-02-08,NCG,8989.78,7491.48
2017-02-08,CEGH,9453.84,7878.2
2017-02-09,TTF,8913.21,7427.67
2017-02-09,Gaspool,8913.21,7427.67
2017-02-09,NCG,9118.76,7598.97
2017-02-09,CEGH,9079.1,7565.92
2017-02-10,TTF,8790.64,7325.53
2017-02-10,Gaspool,8863.24,7386.03
2017-02-10,NCG,8954.0,7461.67
2017-02-10,CEGH,9073.81,7561.51
2017-02-13,TTF,8429.4,7024.5
2017-02-13,Gaspool,8781.82,7318.18
2017-02-13,NCG,8690.99,7242.49
2017-02-13,CEGH,8901.72,7418.1
2017-02-14,TTF,8242.34,6868.62
2017-02-14,Gaspool,8576.09,7146.74
2017-02-14,NCG,8568.83,7140.69
2017-02-14,CEGH,8674.04,7228.37
2017-02-15,TTF,8330.42,6942.02
2017-02-15,Gaspool,8304.98,6920.82
2017-02-15,NCG,8548.48,7123.73
2017-02-15,CEGH,8544.85,7120.71
2017-02-16,TTF,8243.48,6869.57
2017-02-16,Gaspool,8171.89,6809.91
2017-02-16,NCG,8415.31,7012.76
2017-02-16,CEGH,8440.37,7033.64
2017-02-17,TTF,8072.01,6726.67
2017-02-17,Gaspool,8295.95,6913.29
2017-02-17,NCG,8368.19,6973.49
2017-02-17,CEGH,8487.39,7072.82
2017-02-20,TTF,8052.84,6710.7
2017-02-20,Gaspool,8070.92,6725.77
2017-02-20,NCG,8089.0,6740.83
2017-02-20,CEGH,8447.02,7039.18
2017-02-21,TTF,7891.2,6576.0
2017-02-21,Gaspool,8046.2,6705.17
2017-02-21,NCG,8100.27,6750.22
2017-02-21,CEGH,8316.54,6930.45
2017-02-22,TTF,7851.22,6542.68
2017-02-22,Gaspool,7869.12,6557.6
2017-02-22,NCG,8148.37,6790.31
2017-02-22,CEGH,8209.23,6841.02
2017-02-23,TTF,8045.66,6704.72
2017-02-23,Gaspool,7938.78,6615.65
2017-02-23,NCG,8170.35,6808.62
2017-02-23,CEGH,8109.79,6758.16
2017-02-24,TTF,7747.62,6456.35
2017-02-24,Gaspool,8015.69,6679.74
2017-02-24,NCG,7915.61,6596.34
2017-02-24,CEGH,8233.72,6861.43
2017-02-27,TTF,7677.87,6398.22
2017-02-27,Gaspool,7936.77,6613.97
2017-02-27,NCG,7918.79,6598.99
2017-02-27,CEGH,8170.49,6808.74
2017-02-28,TTF,7637.91,6364.92
2017-02-28,Gaspool,7799.84,6499.87
2017-02-28,NCG,7781.85,6484.87
2017-02-28,CEGH,8040.95,6700.79
2017-03-01,TTF,7693.92,6411.6
2017-03-01,Gaspool,7639.67,6366.39
2017-03-01,NCG,7885.6,6571.33
2017-03-01,CEGH,7936.23,6613.52
2017-03-02,TTF,7607.91,6339.92
2017-03-02,Gaspool,7665.46,6387.88
2017-03-02,NCG,7773.37,6477.81
2017-03-02,CEGH,8046.75,6705.62
2017-03-03,TTF,7455.45,6212.87
2017-03-03,Gaspool,7555.65,6296.37
2017-03-03,NCG,7616.49,6347.07
2017-03-03,CEGH,7867.0,6555.83
2017-03-06,TTF,7544.16,6286.8
2017-03-06,Gaspool,7605.36,6337.8
2017-03-06,NCG,7785.35,6487.79
2017-03-06,CEGH,7853.74,6544.78
2017-03-07,TTF,7380.47,6150.39
2017-03-07,Gaspool,7632.19,6360.16
2017-03-07,NCG,7560.27,6300.22
2017-03-07,CEGH,7761.64,6468.03
2017-03-09,TTF,7227.68,6023.07
2017-03-09,Gaspool,7299.33,6082.77
2017-03-09,NCG,7388.89,6157.41
2017-03-09,CEGH,7643.23,6369.36
2017-03-10,TTF,7180.12,5983.43
2017-03-10,Gaspool,7411.98,6176.65
2017-03-10,NCG,7465.48,6221.23
2017-03-10,CEGH,7579.63,6316.36
2017-03-13,TTF,7128.31,5940.26
2017-03-13,Gaspool,7367.67,6139.72
2017-03-13,NCG,7314.08,6095.07
2017-03-13,CEGH,7592.74,6327.28
2017-03-14,TTF,7230.26,6025.22
2017-03-14,Gaspool,7259.08,6049.23
2017-03-14,NCG,7374.38,6145.32
2017-03-14,CEGH,7565.34,6304.45
2017-03-15,TTF,7147.69,5956.41
2017-03-15,Gaspool,7284.24,6070.2
2017-03-15,NCG,7366.9,6139.08
2017-03-15,CEGH,7571.73,6309.77
2017-03-16,TTF,7121.38,5934.48
2017-03-16,Gaspool,7264.88,6054.07
2017-03-16,NCG,7325.86,6104.88
2017-03-16,CEGH,7598.5,6332.08
2017-03-17,TTF,7202.53,6002.11
2017-03-17,Gaspool,7220.71,6017.26
2017-03-17,NCG,7384.31,6153.59
2017-03-17,CEGH,7642.45,6368.71
2017-03-20,TTF,7081.96,5901.63
2017-03-20,Gaspool,7190.87,5992.39
2017-03-20,NCG,7263.47,6052.89
2017-03-20,CEGH,7640.99,6367.49
2017-03-21,TTF,7129.24,5941.03
2017-03-21,Gaspool,7194.62,5995.52
2017-03-21,NCG,7332.65,6110.54
2017-03-21,CEGH,7528.79,6273.99
2017-03-22,TTF,7125.21,5937.67
2017-03-22,Gaspool,7289.2,6074.33
2017-03-22,NCG,7318.35,6098.62
2017-03-22,CEGH,7500.56,6250.47
2017-03-23,TTF,7055.22,5879.35
2017-03-23,Gaspool,7230.67,6025.56
2017-03-23,NCG,7340.33,6116.94
2017-03-23,CEGH,7534.05,6278.37
2017-03-24,TTF,6968.34,5806.95
2017-03-24,Gaspool,7298.35,6081.96
2017-03-24,NCG,7188.34,5990.28
2017-03-24,CEGH,7533.02,6277.52
2017-03-27,TTF,6934.55,5778.79
2017-03-27,Gaspool,7052.39,5876.99
2017-03-27,NCG,7070.8,5892.33
2017-03-27,CEGH,7490.58,6242.15
2017-03-28,TTF,6944.48,5787.07
2017-03-28,Gaspool,7055.93,5879.94
2017-03-28,NCG,7148.8,5957.33
2017-03-28,CEGH,7382.83,6152.36
2017-03-29,TTF,7066.08,5888.4
2017-03-29,Gaspool,7029.08,5857.57
2017-03-29,NCG,7276.99,6064.16
2017-03-29,CEGH,7450.9,6209.08
2017-03-30,TTF,7225.52,6021.27
2017-03-30,Gaspool,7105.02,5920.85
2017-03-30,NCG,7378.88,6149.07
2017-03-30,CEGH,7528.58,6273.82
2017-03-31,TTF,7070.43,5892.02
2017-03-31,Gaspool,7208.71,6007.26
2017-03-31,NCG,7379.75,6149.79
2017-03-31,CEGH,7612.65,6343.87
2017-04-03,TTF,7336.9,6114.08
2017-04-03,Gaspool,7217.13,6014.27
2017-04-03,NCG,7474.83,6229.02
2017-04-03,CEGH,7492.98,6244.15
2017-04-04,TTF,7300.13,6083.44
2017-04-04,Gaspool,7354.43,6128.69
2017-04-04,NCG,7463.03,6219.19
2017-04-04,CEGH,7683.83,6403.19
2017-04-05,TTF,7409.85,6174.87
2017-04-05,Gaspool,7427.99,6189.99
2017-04-05,NCG,7500.57,6250.47
2017-04-05,CEGH,7696.54,6413.78
2017-04-06,TTF,7321.44,6101.2
2017-04-06,Gaspool,7601.98,6334.98
2017-04-06,NCG,7481.74,6234.78
2017-04-06,CEGH,7729.49,6441.24
2017-04-07,TTF,7160.4,5967.0
2017-04-07,Gaspool,7352.88,6127.4
2017-04-07,NCG,7305.66,6088.05
2017-04-07,CEGH,7650.67,6375.56
2017-04-10,TTF,7104.33,5920.27
2017-04-10,Gaspool,7158.36,5965.3
2017-04-10,NCG,7255.63,6046.36
2017-04-10,CEGH,7493.4,6244.5
2017-04-11,TTF,7078.76,5898.97
2017-04-11,Gaspool,7114.56,5928.8
2017-04-11,NCG,7204.04,6003.37
2017-04-11,CEGH,7397.34,6164.45
2017-04-12,TTF,7121.03,5934.19
2017-04-12,Gaspool,7146.14,5955.12
2017-04-12,NCG,7217.89,6014.91
2017-04-12,CEGH,7451.05,6209.21
2017-04-13,TTF,7098.54,5915.45
2017-04-13,Gaspool,7145.09,5954.24
2017-04-13,NCG,7313.4,6094.5
2017-04-13,CEGH,7420.82,6184.02
2017-04-14,TTF,7111.29,5926.07
2017-04-14,NCG,7290.68,6075.57
2017-04-18,TTF,7348.15,6123.46
2017-04-18,Gaspool,7251.46,6042.88
2017-04-18,NCG,7580.91,6317.42
2017-04-18,CEGH,7509.29,6257.74
2017-04-19,TTF,7337.15,6114.29
2017-04-19,Gaspool,7643.39,6369.49
2017-04-19,NCG,7578.54,6315.45
2017-04-19,CEGH,7787.5,6489.58
2017-04-20,TTF,7295.04,6079.2
2017-04-20,Gaspool,7500.79,6250.66
2017-04-20,NCG,7475.52,6229.6
2017-04-20,CEGH,7764.28,6470.23
2017-04-21,TTF,7473.0,6227.5
2017-04-21,Gaspool,7451.33,6209.44
2017-04-21,NCG,7516.35,6263.62
2017-04-21,CEGH,7700.57,6417.14
2017-04-24,TTF,7324.02,6103.35
2017-04-24,Gaspool,7352.76,6127.3
2017-04-24,NCG,7550.39,6291.99
2017-04-24,CEGH,7794.72,6495.6
2017-04-25,TTF,7335.63,6113.02
2017-04-25,Gaspool,7626.46,6355.38
2017-04-25,NCG,7586.47,6322.06
2017-04-25,CEGH,7786.42,6488.68
2017-04-26,TTF,7468.18,6223.48
2017-04-26,Gaspool,7566.57,6305.47
2017-04-26,NCG,7613.94,6344.95
2017-04-26,CEGH,7650.39,6375.32
2017-04-27,TTF,7366.45,6138.71
2017-04-27,Gaspool,7548.4,6290.33
2017-04-27,NCG,7566.6,6305.5
2017-04-27,CEGH,7752.18,6460.15
2017-04-28,TTF,7493.61,6244.67
2017-04-28,Gaspool,7540.8,6284.0
2017-04-28,NCG,7475.46,6229.55
2017-04-28,CEGH,7700.51,6417.09
2017-05-03,TTF,7546.49,6288.74
2017-05-03,Gaspool,7663.21,6386.01
2017-05-03,NCG,7582.97,6319.14
2017-05-03,CEGH,7871.12,6559.27
2017-05-04,TTF,7346.72,6122.27
2017-05-04,Gaspool,7554.12,6295.1
2017-05-04,NCG,7503.18,6252.65
2017-05-04,CEGH,7805.19,6504.32
2017-05-05,TTF,7305.02,6087.52
2017-05-05,Gaspool,7486.82,6239.02
2017-05-05,NCG,7359.56,6132.97
2017-05-05,CEGH,7686.81,6405.67
2017-05-10,TTF,7314.78,6095.65
2017-05-10,Gaspool,7435.25,6196.04
2017-05-10,NCG,7533.82,6278.18
2017-05-10,CEGH,7628.74,6357.28
2017-05-11,TTF,7015.15,5845.96
2017-05-11,Gaspool,7394.94,6162.45
2017-05-11,NCG,7134.51,5945.42
2017-05-11,CEGH,7637.29,6364.41
2017-05-12,TTF,7095.61,5913.01
2017-05-12,Gaspool,7066.76,5888.97
2017-05-12,NCG,7247.07,6039.22
2017-05-12,CEGH,7470.64,6225.53
2017-05-15,TTF,7081.51,5901.26
2017-05-15,Gaspool,7070.65,5892.21
2017-05-15,NCG,7262.39,6051.99
2017-05-15,CEGH,7584.35,6320.29
2017-05-16,TTF,7172.72,5977.27
2017-05-16,Gaspool,7212.86,6010.72
2017-05-16,NCG,7249.35,6041.12
2017-05-16,CEGH,7661.72,6384.77
2017-05-17,TTF,7190.22,5991.85
2017-05-17,Gaspool,7237.97,6031.64
2017-05-17,NCG,7329.79,6108.16
2017-05-17,CEGH,7601.58,6334.65
2017-05-18,TTF,7258.39,6048.66
2017-05-18,Gaspool,7321.12,6100.93
2017-05-18,NCG,7387.54,6156.28
2017-05-18,CEGH,7778.66,6482.22
2017-05-19,TTF,7148.49,5957.07
2017-05-19,Gaspool,7362.53,6135.44
2017-05-19,NCG,7340.39,6116.99
2017-05-19,CEGH,7798.01,6498.34
2017-05-22,TTF,7153.84,5961.53
2017-05-22,Gaspool,7376.06,6146.72
2017-05-22,NCG,7246.43,6038.69
2017-05-22,CEGH,7842.73,6535.61
2017-05-23,TTF,7296.6,6080.5
2017-05-23,Gaspool,7315.21,6096.01
2017-05-23,NCG,7371.02,6142.52
2017-05-23,CEGH,7869.63,6558.02
2017-05-24,TTF,7139.35,5949.46
2017-05-24,Gaspool,7361.73,6134.77
2017-05-24,NCG,7306.14,6088.45
2017-05-24,CEGH,7850.98,6542.48
2017-05-25,TTF,7041.84,5868.2
2017-05-25,Gaspool,7226.53,6022.11
2017-05-25,NCG,7245.0,6037.5
2017-05-25,CEGH,7887.71,6573.09
2017-05-26,TTF,7094.17,5911.81
2017-05-26,Gaspool,7242.26,6035.22
2017-05-26,NCG,7253.36,6044.47
2017-05-26,CEGH,7875.33,6562.77
2017-05-29,TTF,7190.87,5992.39
2017-05-29,NCG,7424.35,6186.96
2017-05-30,TTF,7286.61,6072.17
2017-05-30,Gaspool,7383.05,6152.54
2017-05-30,NCG,7442.4,6202.0
2017-05-30,CEGH,7824.45,6520.37
2017-05-31,TTF,7164.13,5970.11
2017-05-31,Gaspool,7386.09,6155.07
2017-05-31,NCG,7338.0,6115.0
2017-05-31,CEGH,7933.6,6611.33
2017-06-01,TTF,7096.32,5913.6
2017-06-01,Gaspool,7292.91,6077.42
2017-06-01,NCG,7218.72,6015.6
2017-06-01,CEGH,7834.46,6528.72
2017-06-02,TTF,6928.98,5774.15
2017-06-02,Gaspool,7188.19,5990.16
2017-06-02,NCG,7114.13,5928.44
2017-06-02,CEGH,7821.41,6517.84
2017-06-06,TTF,7004.52,5837.1
2017-06-06,Gaspool,7245.27,6037.72
2017-06-06,NCG,7097.11,5914.26
2017-06-06,CEGH,7778.61,6482.17
2017-06-07,TTF,7067.76,5889.8
2017-06-07,Gaspool,7112.31,5926.92
2017-06-07,NCG,7193.98,5994.98
2017-06-07,CEGH,7628.34,6356.95
2017-06-08,TTF,7069.33,5891.11
2017-06-08,Gaspool,7235.52,6029.6
2017-06-08,NCG,7261.38,6051.15
2017-06-08,CEGH,7660.24,6383.53
2017-06-09,TTF,7057.61,5881.34
2017-06-09,Gaspool,7160.91,5967.42
2017-06-09,NCG,7171.98,5976.65
2017-06-09,CEGH,7751.17,6459.31
2017-06-12,TTF,7041.59,5867.99
2017-06-12,Gaspool,7030.58,5858.82
2017-06-12,NCG,7140.63,5950.52
2017-06-12,CEGH,7727.56,6439.63
2017-06-13,TTF,7072.12,5893.43
2017-06-13,Gaspool,7116.22,5930.18
2017-06-13,NCG,7134.6,5945.5
2017-06-13,CEGH,7674.89,6395.74
2017-06-14,TTF,7019.96,5849.97
2017-06-14,Gaspool,6965.0,5804.17
2017-06-14,NCG,7129.86,5941.55
2017-06-14,CEGH,7562.16,6301.8
2017-06-15,TTF,6870.54,5725.45
2017-06-15,Gaspool,6980.39,5816.99
2017-06-15,NCG,6954.76,5795.63
2017-06-15,CEGH,7573.59,6311.32
2017-06-16,TTF,7022.2,5851.83
2017-06-16,Gaspool,6920.04,5766.7
2017-06-16,NCG,7157.19,5964.32
2017-06-16,CEGH,7529.34,6274.45
2017-06-19,TTF,7099.8,5916.5
2017-06-19,Gaspool,6924.56,5770.47
2017-06-19,NCG,7216.63,6013.86
2017-06-19,CEGH,7486.8,6239.0
2017-06-20,TTF,7119.36,5932.8
2017-06-20,Gaspool,7082.75,5902.29
2017-06-20,NCG,7284.14,6070.12
2017-06-20,CEGH,7500.17,6250.14
2017-06-21,TTF,7096.73,5913.94
2017-06-21,Gaspool,6994.55,5828.79
2017-06-21,NCG,7249.99,6041.66
2017-06-21,CEGH,7622.21,6351.84
2017-06-22,TTF,7033.58,5861.32
2017-06-22,Gaspool,7015.35,5846.12
2017-06-22,NCG,7142.91,5952.42
2017-06-22,CEGH,7500.09,6250.07
2017-06-23,TTF,6988.82,5824.02
2017-06-23,Gaspool,6890.21,5741.84
2017-06-23,NCG,7054.56,5878.8
2017-06-23,CEGH,7489.16,6240.97
2017-06-26,TTF,7113.23,5927.69
2017-06-26,Gaspool,6985.33,5821.11
2017-06-26,NCG,7215.55,6012.96
2017-06-26,CEGH,7500.57,6250.47
2017-06-27,TTF,7093.88,5911.57
2017-06-27,Gaspool,7049.97,5874.97
2017-06-27,NCG,7196.35,5996.96
2017-06-27,CEGH,7511.07,6259.22
2017-06-29,TTF,7034.72,5862.27
2017-06-29,Gaspool,7201.01,6000.84
2017-06-29,NCG,7182.54,5985.45
2017-06-29,CEGH,7703.6,6419.67
2017-06-30,TTF,7257.87,6048.22
2017-06-30,Gaspool,7164.31,5970.26
2017-06-30,NCG,7321.49,6101.24
2017-06-30,CEGH,7748.13,6456.77
2017-07-03,TTF,7404.14,6170.12
2017-07-03,Gaspool,7191.46,5992.88
2017-07-03,NCG,7404.14,6170.12
2017-07-03,CEGH,7762.34,6468.62
2017-07-04,TTF,7202.44,6002.03
2017-07-04,Gaspool,7265.56,6054.63
2017-07-04,NCG,7221.0,6017.5
2017-07-04,CEGH,7685.14,6404.28
2017-07-05,TTF,7199.18,5999.32
2017-07-05,Gaspool,7199.18,5999.32
2017-07-05,NCG,7254.85,6045.71
2017-07-05,CEGH,7700.18,6416.82
2017-07-06,TTF,7131.15,5942.62
2017-07-06,Gaspool,7242.68,6035.57
2017-07-06,NCG,7212.94,6010.78
2017-07-06,CEGH,7733.42,6444.52
2017-07-07,TTF,7107.28,5922.73
2017-07-07,Gaspool,7204.2,6003.5
2017-07-07,NCG,7248.93,6040.77
2017-07-07,CEGH,7688.8,6407.33
2017-07-10,TTF,7116.73,5930.61
2017-07-10,Gaspool,7172.7,5977.25
2017-07-10,NCG,7124.19,5936.82
2017-07-10,CEGH,7493.58,6244.65
2017-07-11,TTF,6974.09,5811.74
2017-07-11,Gaspool,7178.71,5982.26
2017-07-11,NCG,7048.5,5873.75
2017-07-11,CEGH,7558.18,6298.48
2017-07-12,TTF,6994.47,5828.72
2017-07-12,Gaspool,7031.69,5859.74
2017-07-12,NCG,7113.56,5927.97
2017-07-12,CEGH,7511.77,6259.81
2017-07-13,TTF,7115.19,5929.32
2017-07-13,Gaspool,7010.83,5842.36
2017-07-13,NCG,7133.83,5944.86
2017-07-13,CEGH,7532.63,6277.19
2017-07-14,TTF,7093.64,5911.37
2017-07-14,Gaspool,7112.26,5926.88
2017-07-14,NCG,7130.89,5942.41
2017-07-14,CEGH,7615.14,6345.95
2017-07-17,TTF,7068.54,5890.45
2017-07-17,Gaspool,7154.36,5961.97
2017-07-17,NCG,7161.82,5968.18
2017-07-17,CEGH,7557.35,6297.79
2017-07-18,TTF,7111.54,5926.28
2017-07-18,Gaspool,7137.71,5948.09
2017-07-18,NCG,7205.02,6004.18
2017-07-18,CEGH,7463.02,6219.18
2017-07-19,TTF,7175.35,5979.46
2017-07-19,Gaspool,7118.88,5932.4
2017-07-19,NCG,7307.1,6089.25
2017-07-19,CEGH,7566.85,6305.71
2017-07-20,TTF,7267.78,6056.48
2017-07-20,Gaspool,7211.39,6009.49
2017-07-20,NCG,7256.51,6047.09
2017-07-20,CEGH,7583.57,6319.64
2017-07-21,TTF,7148.69,5957.24
2017-07-21,Gaspool,7178.62,5982.18
2017-07-21,NCG,7234.74,6028.95
2017-07-21,CEGH,7601.4,6334.5
2017-07-24,TTF,7184.89,5987.41
2017-07-24,Gaspool,7203.82,6003.18
2017-07-24,NCG,7279.56,6066.3
2017-07-24,CEGH,7711.27,6426.06
2017-07-25,TTF,7226.44,6022.03
2017-07-25,Gaspool,7215.11,6012.59
2017-07-25,NCG,7264.23,6053.52
2017-07-25,CEGH,7581.67,6318.06
2017-07-26,TTF,7373.29,6144.41
2017-07-26,Gaspool,7240.4,6033.67
2017-07-26,NCG,7392.28,6160.23
2017-07-26,CEGH,7650.48,6375.4
2017-07-27,TTF,7222.57,6018.81
2017-07-27,Gaspool,7305.88,6088.23
2017-07-27,NCG,7279.37,6066.14
2017-07-27,CEGH,7676.99,6397.49
2017-07-28,TTF,7237.26,6031.05
2017-07-28,Gaspool,7313.37,6094.47
2017-07-28,NCG,7275.31,6062.76
2017-07-28,CEGH,7762.4,6468.67
2017-07-31,TTF,7281.1,6067.58
2017-07-31,Gaspool,7281.1,6067.58
2017-07-31,NCG,7414.77,6178.97
2017-07-31,CEGH,7682.1,6401.75
2017-08-01,TTF,7148.56,5957.13
2017-08-01,Gaspool,7262.85,6052.37
2017-08-01,NCG,7293.32,6077.77
2017-08-01,CEGH,7758.07,6465.06
2017-08-02,TTF,7267.28,6056.07
2017-08-02,Gaspool,7286.47,6072.06
2017-08-02,NCG,7301.82,6084.85
2017-08-02,CEGH,7570.43,6308.69
2017-08-03,TTF,7367.44,6139.53
2017-08-03,Gaspool,7298.14,6081.78
2017-08-03,NCG,7509.89,6258.24
2017-08-03,CEGH,7767.83,6473.19
2017-08-04,TTF,7399.76,6166.47
2017-08-04,Gaspool,7465.34,6221.12
2017-08-04,NCG,7465.34,6221.12
2017-08-04,CEGH,7681.34,6401.12
2017-08-07,TTF,7534.81,6279.01
2017-08-07,Gaspool,7399.94,6166.62
2017-08-07,NCG,7638.85,6365.71
2017-08-07,CEGH,7750.6,6458.83
2017-08-08,TTF,7448.48,6207.07
2017-08-08,Gaspool,7437.02,6197.52
2017-08-08,NCG,7463.77,6219.81
2017-08-08,CEGH,7819.2,6516.0
2017-08-09,TTF,7596.3,6330.25
2017-08-09,Gaspool,7443.52,6202.93
2017-08-09,NCG,7661.23,6384.36
2017-08-09,CEGH,7779.64,6483.03
2017-08-10,TTF,7645.65,6371.37
2017-08-10,Gaspool,7520.53,6267.11
2017-08-10,NCG,7675.98,6396.65
2017-08-10,CEGH,7888.3,6573.58
2017-08-11,TTF,7655.65,6379.71
2017-08-11,Gaspool,7655.65,6379.71
2017-08-11,NCG,7648.07,6373.39
2017-08-11,CEGH,7886.66,6572.22
2017-08-14,TTF,7536.57,6280.47
2017-08-14,Gaspool,7608.73,6340.61
2017-08-14,NCG,7525.17,6270.97
2017-08-14,CEGH,7863.21,6552.67
2017-08-15,TTF,7525.5,6271.25
2017-08-15,Gaspool,7574.89,6312.41
2017-08-15,NCG,7533.1,6277.58
2017-08-15,CEGH,7620.47,6350.39
2017-08-16,TTF,7635.02,6362.52
2017-08-16,Gaspool,7559.48,6299.57
2017-08-16,NCG,7661.46,6384.55
2017-08-16,CEGH,7623.69,6353.07
2017-08-17,TTF,7568.8,6307.33
2017-08-17,Gaspool,7531.18,6275.98
2017-08-17,NCG,7587.61,6323.01
2017-08-17,CEGH,7888.6,6573.83
2017-08-18,TTF,7653.67,6378.06
2017-08-18,Gaspool,7541.22,6284.35
2017-08-18,NCG,7634.93,6362.44
2017-08-18,CEGH,7803.61,6503.01
2017-08-21,TTF,7637.99,6364.99
2017-08-21,Gaspool,7581.59,6317.99
2017-08-21,NCG,7724.46,6437.05
2017-08-21,CEGH,7773.34,6477.78
2017-08-22,TTF,7617.99,6348.32
2017-08-22,Gaspool,7580.39,6316.99
2017-08-22,NCG,7591.67,6326.39
2017-08-22,CEGH,7775.89,6479.91
2017-08-23,TTF,7750.92,6459.1
2017-08-23,Gaspool,7551.42,6292.85
2017-08-23,NCG,7777.26,6481.05
2017-08-23,CEGH,7837.49,6531.24
2017-08-28,TTF,7869.05,6557.54
2017-08-28,NCG,7831.18,6525.98
2017-08-29,TTF,7817.39,6514.49
2017-08-29,Gaspool,7821.21,6517.67
2017-08-29,NCG,7886.2,6571.83
2017-08-29,CEGH,8004.71,6670.59
2017-08-30,TTF,8017.16,6680.97
2017-08-30,Gaspool,7832.31,6526.92
2017-08-30,NCG,7967.1,6639.25
2017-08-30,CEGH,8009.46,6674.55
2017-08-31,TTF,7785.35,6487.79
2017-08-31,Gaspool,7881.09,6567.57
2017-08-31,NCG,7804.5,6503.75
2017-08-31,CEGH,8172.14,6810.12
2017-09-01,TTF,7820.65,6517.21
2017-09-01,Gaspool,7809.2,6507.67
2017-09-01,NCG,7858.82,6549.02
2017-09-01,CEGH,8141.31,6784.42
2017-09-04,TTF,7912.51,6593.76
2017-09-04,Gaspool,7885.51,6571.26
2017-09-04,NCG,7897.08,6580.9
2017-09-04,CEGH,8147.73,6789.77
2017-09-05,TTF,8118.11,6765.09
2017-09-05,Gaspool,7924.37,6603.64
2017-09-05,NCG,8118.11,6765.09
2017-09-06,TTF,8142.78,6785.65
2017-09-06,Gaspool,8026.47,6688.72
2017-09-06,NCG,8104.01,6753.34
2017-09-07,TTF,8061.48,6717.9
2017-09-07,Gaspool,8112.11,6760.09
2017-09-07,NCG,8100.43,6750.36
2017-09-08,TTF,8230.61,6858.84
2017-09-08,Gaspool,8093.73,6744.77
2017-09-08,NCG,8230.61,6858.84
2017-09-11,TTF,8382.27,6985.22
2017-09-11,Gaspool,8113.62,6761.35
2017-09-11,NCG,8441.53,7034.61
2017-09-11,CEGH,8342.76,6952.3
2017-09-12,TTF,8327.8,6939.83
2017-09-12,Gaspool,8347.4,6956.17
2017-09-12,NCG,8347.4,6956.17
2017-09-12,CEGH,8461.09,7050.91
2017-09-13,TTF,8456.46,7047.05
2017-09-13,Gaspool,8327.73,6939.77
2017-09-13,NCG,8378.44,6982.03
2017-09-13,CEGH,8425.25,7021.04
2017-09-14,TTF,8625.1,7187.58
2017-09-14,Gaspool,8495.58,7079.65
2017-09-14,NCG,8625.1,7187.58
2017-09-14,CEGH,8526.98,7105.82
2017-09-15,TTF,8517.2,7097.67
2017-09-15,Gaspool,8478.14,7065.12
2017-09-15,NCG,8439.07,7032.56
2017-09-15,CEGH,8646.12,7205.1
2017-09-18,TTF,8669.8,7224.83
2017-09-18,Gaspool,8504.25,7086.87
2017-09-18,NCG,8638.26,7198.55
2017-09-18,CEGH,8567.32,7139.43
2017-09-19,TTF,8479.92,7066.6
2017-09-19,Gaspool,8558.52,7132.1
2017-09-19,NCG,8546.73,7122.27
2017-09-19,CEGH,8609.62,7174.68
2017-09-20,TTF,8447.13,7039.27
2017-09-20,Gaspool,8498.21,7081.84
2017-09-20,NCG,8427.48,7022.9
2017-09-20,CEGH,8568.95,7140.79
2017-09-21,TTF,8384.5,6987.08
2017-09-21,Gaspool,8360.79,6967.32
2017-09-21,NCG,8443.76,7036.47
2017-09-21,CEGH,8601.79,7168.16
2017-09-22,TTF,8331.7,6943.08
2017-09-22,Gaspool,8272.83,6894.02
2017-09-22,NCG,8300.3,6916.92
2017-09-22,CEGH,8476.9,7064.08
2017-09-25,TTF,8633.34,7194.45
2017-09-25,Gaspool,8140.03,6783.36
2017-09-25,NCG,8554.41,7128.67
2017-09-25,CEGH,8357.09,6964.24
2017-09-26,TTF,8515.93,7096.61
2017-09-26,Gaspool,8339.36,6949.47
2017-09-26,NCG,8555.17,7129.31
2017-09-26,CEGH,8409.99,7008.32
2017-09-27,TTF,8396.7,6997.25
2017-09-27,Gaspool,8326.37,6938.64
2017-09-27,NCG,8424.05,7020.04
2017-09-27,CEGH,8537.36,7114.47
2017-09-28,TTF,8479.72,7066.43
2017-09-28,Gaspool,8432.86,7027.38
2017-09-28,NCG,8491.43,7076.19
2017-09-28,CEGH,8444.57,7037.14
2017-09-29,TTF,8010.51,6675.42
2017-09-29,Gaspool,8501.08,7084.23
2017-09-29,NCG,8049.75,6708.12
2017-09-29,CEGH,8508.93,7090.77
2017-10-02,TTF,8097.24,6747.7
2017-10-02,Gaspool,8065.7,6721.42
2017-10-02,NCG,8152.43,6793.69
2017-10-02,CEGH,8515.13,7095.94
2017-10-03,TTF,8422.04,7018.37
2017-10-03,Gaspool,8134.93,6779.11
2017-10-03,NCG,8394.51,6995.42
2017-10-03,CEGH,8724.87,7270.72
2017-10-04,TTF,8475.41,7062.84
2017-10-04,Gaspool,8294.02,6911.68
2017-10-04,NCG,8503.01,7085.84
2017-10-04,CEGH,8759.33,7299.44
2017-10-05,TTF,8698.81,7249.01
2017-10-05,Gaspool,8559.86,7133.22
2017-10-05,NCG,8738.52,7282.1
2017-10-05,CEGH,8865.56,7387.97
2017-10-06,TTF,8596.97,7164.14
2017-10-06,Gaspool,8644.42,7203.68
2017-10-06,NCG,8624.65,7187.21
2017-10-06,CEGH,8968.62,7473.85
2017-10-09,TTF,8620.29,7183.57
2017-10-09,Gaspool,8600.63,7167.19
2017-10-09,NCG,8679.29,7232.74
2017-10-09,CEGH,8868.08,7390.07
2017-10-10,TTF,8481.0,7067.5
2017-10-10,Gaspool,8645.58,7204.65
2017-10-10,NCG,8528.03,7106.69
2017-10-10,CEGH,8912.03,7426.69
2017-10-11,TTF,8357.72,6964.77
2017-10-11,Gaspool,8653.26,7211.05
2017-10-11,NCG,8369.54,6974.62
2017-10-11,CEGH,8838.47,7365.39
2017-10-12,TTF,8276.56,6897.13
2017-10-12,Gaspool,8402.76,7002.3
2017-10-12,NCG,8402.76,7002.3
2017-10-12,CEGH,8757.69,7298.07
2017-10-13,TTF,8206.54,6838.78
2017-10-13,Gaspool,8273.98,6894.98
2017-10-13,NCG,8365.23,6971.02
2017-10-13,CEGH,8845.3,7371.08
2017-10-16,CEGH,8908.78,7423.98
2017-10-17,TTF,8213.5,6844.58
2017-10-17,Gaspool,7996.92,6664.1
2017-10-17,NCG,7996.92,6664.1
2017-10-17,CEGH,8878.97,7399.14
2017-10-18,TTF,8155.39,6796.16
2017-10-18,Gaspool,8300.16,6916.8
2017-10-18,NCG,8300.16,6916.8
2017-10-18,CEGH,8984.9,7487.42
2017-10-19,TTF,7982.45,6652.04
2017-10-19,Gaspool,8364.72,6970.6
2017-10-19,NCG,8364.72,6970.6
2017-10-19,CEGH,8957.64,7464.7
2017-10-20,TTF,8020.59,6683.82
2017-10-20,Gaspool,8257.0,6880.83
2017-10-20,NCG,8257.0,6880.83
2017-10-20,CEGH,8859.83,7383.19
2017-10-23,TTF,8230.91,6859.09
2017-10-23,Gaspool,8159.98,6799.98
2017-10-23,NCG,8159.98,6799.98
2017-10-23,CEGH,8845.63,7371.36
2017-10-24,TTF,8073.26,6727.72
2017-10-24,Gaspool,8328.07,6940.06
2017-10-24,NCG,8328.07,6940.06
2017-10-24,CEGH,8712.24,7260.2
2017-10-25,TTF,8272.99,6894.16
2017-10-25,Gaspool,8339.99,6949.99
2017-10-25,NCG,8339.99,6949.99
2017-10-25,CEGH,8592.2,7160.17
2017-10-26,TTF,8347.91,6956.59
2017-10-26,Gaspool,8427.19,7022.66
2017-10-26,NCG,8427.19,7022.66
2017-10-26,CEGH,8795.82,7329.85
2017-10-27,TTF,8355.81,6963.17
2017-10-27,Gaspool,8395.43,6996.19
2017-10-27,NCG,8395.43,6996.19
2017-10-27,CEGH,8763.83,7303.19
2017-10-30,TTF,8584.27,7153.56
2017-10-30,Gaspool,8306.04,6921.7
2017-10-30,NCG,8306.04,6921.7
2017-10-30,CEGH,8498.06,7081.72
2017-10-31,TTF,8582.2,7151.83
2017-10-31,Gaspool,8601.78,7168.15
2017-10-31,NCG,8601.78,7168.15
2017-10-31,CEGH,8871.86,7393.22
2017-11-01,TTF,8799.51,7332.92
2017-11-01,Gaspool,8406.74,7005.62
2017-11-01,NCG,8406.74,7005.62
2017-11-01,CEGH,8901.64,7418.03
2017-11-02,TTF,8676.31,7230.26
2017-11-02,Gaspool,8774.34,7311.95
2017-11-02,NCG,8774.34,7311.95
2017-11-02,CEGH,8821.4,7351.17
2017-11-03,TTF,8795.78,7329.82
2017-11-03,Gaspool,8736.67,7280.56
2017-11-03,NCG,8736.67,7280.56
2017-11-03,CEGH,8894.28,7411.9
2017-11-06,TTF,9063.43,7552.86
2017-11-06,Gaspool,8755.41,7296.17
2017-11-06,NCG,8755.41,7296.17
2017-11-06,CEGH,8873.88,7394.9
2017-11-07,TTF,9101.23,7584.36
2017-11-07,Gaspool,8944.83,7454.02
2017-11-07,NCG,9015.21,7512.67
2017-11-07,CEGH,9030.85,7525.71
2017-11-08,TTF,9066.14,7555.12
2017-11-08,Gaspool,8980.65,7483.87
2017-11-08,NCG,9124.43,7603.69
2017-11-08,CEGH,9171.06,7642.55
2017-11-09,TTF,9059.69,7549.74
2017-11-09,Gaspool,8931.69,7443.07
2017-11-09,NCG,9067.44,7556.2
2017-11-09,CEGH,9102.35,7585.29
2017-11-10,TTF,9264.87,7720.72
2017-11-10,Gaspool,9024.27,7520.22
2017-11-10,NCG,9257.11,7714.26
2017-11-10,CEGH,9222.18,7685.15
2017-11-13,CEGH,9311.25,7759.37
2017-11-14,TTF,9058.29,7548.57
2017-11-14,Gaspool,9182.42,7652.02
2017-11-14,NCG,9124.24,7603.53
2017-11-14,CEGH,9380.26,7816.88
2017-11-15,TTF,8978.76,7482.3
2017-11-15,Gaspool,8939.66,7449.72
2017-11-15,NCG,9017.86,7514.88
2017-11-15,CEGH,9307.19,7755.99
2017-11-16,TTF,9130.01,7608.34
2017-11-16,Gaspool,9023.64,7519.7
2017-11-16,NCG,9252.13,7710.11
2017-11-16,CEGH,9216.68,7680.57
2017-11-17,TTF,9030.13,7525.11
2017-11-17,Gaspool,9041.88,7534.9
2017-11-17,NCG,9100.61,7583.84
2017-11-17,CEGH,9276.82,7730.68
2017-11-20,TTF,9240.05,7700.04
2017-11-20,Gaspool,8878.77,7398.97
2017-11-20,NCG,9291.1,7742.58
2017-11-20,CEGH,9169.37,7641.14
2017-11-21,TTF,9272.84,7727.37
2017-11-21,Gaspool,9206.21,7671.84
2017-11-21,NCG,9312.03,7760.02
2017-11-21,CEGH,9304.19,7753.49
2017-11-22,CEGH,9417.86,7848.22
2017-11-23,TTF,9288.61,7740.51
2017-11-23,Gaspool,9257.14,7714.28
2017-11-23,NCG,9288.61,7740.51
2017-11-23,CEGH,9438.09,7865.07
2017-11-24,TTF,9798.54,8165.45
2017-11-24,Gaspool,9598.61,7998.84
2017-11-24,NCG,9878.51,8232.09
2017-11-24,CEGH,9766.55,8138.79
2017-11-27,TTF,10001.27,8334.39
2017-11-27,Gaspool,9639.82,8033.18
2017-11-27,NCG,10081.6,8401.33
2017-11-27,CEGH,9981.19,8317.66
2017-11-28,TTF,9931.84,8276.53
2017-11-28,Gaspool,9863.34,8219.45
2017-11-28,NCG,9931.84,8276.53
2017-11-28,CEGH,10133.33,8444.44
2017-11-29,TTF,9954.47,8295.39
2017-11-29,Gaspool,9693.59,8077.99
2017-11-29,NCG,9974.54,8312.12
2017-11-29,CEGH,9926.38,8271.98
2017-11-30,CEGH,9945.8,8288.17
2017-12-01,TTF,10048.23,8373.52
2017-12-01,Gaspool,9838.01,8198.34
2017-12-01,NCG,10116.96,8430.8
2017-12-01,CEGH,10064.4,8387.0
2017-12-04,TTF,10322.64,8602.2
2017-12-04,Gaspool,9837.86,8198.22
2017-12-04,NCG,10354.96,8629.13
2017-12-04,CEGH,10209.52,8507.93
2017-12-05,TTF,10306.42,8588.68
2017-12-05,Gaspool,10176.6,8480.5
2017-12-05,NCG,10257.74,8548.12
2017-12-05,CEGH,10517.39,8764.49
2017-12-06,TTF,10171.07,8475.89
2017-12-06,Gaspool,10142.77,8452.31
2017-12-06,NCG,10150.85,8459.04
2017-12-06,CEGH,10429.84,8691.53
2017-12-07,TTF,10226.33,8521.94
2017-12-07,Gaspool,10004.96,8337.47
2017-12-07,NCG,10145.83,8454.86
2017-12-07,CEGH,10286.7,8572.25
2017-12-08,TTF,10043.77,8369.81
2017-12-08,Gaspool,10043.77,8369.81
2017-12-08,NCG,10043.77,8369.81
2017-12-08,CEGH,10216.45,8513.71
2017-12-11,TTF,10312.05,8593.37
2017-12-11,Gaspool,9824.13,8186.77
2017-12-11,NCG,10324.04,8603.37
2017-12-11,CEGH,10192.07,8493.39
2017-12-12,TTF,10528.55,8773.79
2017-12-12,Gaspool,10379.75,8649.79
2017-12-12,NCG,10512.46,8760.38
2017-12-12,CEGH,10194.75,8495.62
2017-12-13,TTF,10249.65,8541.37
2017-12-13,Gaspool,10370.17,8641.81
2017-12-13,NCG,10101.0,8417.5
2017-12-13,CEGH,10506.77,8755.64
2017-12-14,TTF,10298.76,8582.3
2017-12-14,Gaspool,9856.49,8213.74
2017-12-14,NCG,10258.55,8548.79
2017-12-14,CEGH,10125.87,8438.22
2017-12-15,TTF,10416.37,8680.31
2017-12-15,Gaspool,10106.36,8421.97
2017-12-15,NCG,10424.53,8687.11
2017-12-15,CEGH,10412.3,8676.92
2017-12-18,TTF,10333.41,8611.17
2017-12-18,Gaspool,10210.44,8508.7
2017-12-18,NCG,10107.96,8423.3
2017-12-18,CEGH,10407.2,8672.67
2017-12-19,TTF,9987.84,8323.2
2017-12-19,Gaspool,10062.19,8385.16
2017-12-19,NCG,10062.19,8385.16
2017-12-19,CEGH,10235.68,8529.73
2017-12-20,TTF,10101.38,8417.82
2017-12-20,Gaspool,9861.14,8217.62
2017-12-20,NCG,9923.27,8269.39
2017-12-20,CEGH,10229.78,8524.82
2017-12-21,TTF,10036.26,8363.55
2017-12-21,Gaspool,9953.33,8294.44
2017-12-21,NCG,10056.99,8380.82
2017-12-21,CEGH,10326.5,8605.42
2017-12-22,TTF,9962.84,8302.37
2017-12-22,Gaspool,9962.84,8302.37
2017-12-22,NCG,9776.07,8146.72
2017-12-22,CEGH,10033.4,8361.17
2017-12-26,TTF,9929.53,8274.61
2017-12-26,NCG,9917.04,8264.2
2017-12-27,TTF,9968.89,8307.41
2017-12-27,Gaspool,9810.75,8175.62
2017-12-27,NCG,9864.85,8220.71
2017-12-27,CEGH,9823.23,8186.02
2017-12-28,TTF,9933.12,8277.6
2017-12-28,Gaspool,9607.32,8006.1
2017-12-28,NCG,9941.47,8284.56
2017-12-28,CEGH,9837.05,8197.54
2018-01-03,TTF,9699.44,8082.87
2018-01-03,Gaspool,9678.4,8065.33
2018-01-03,NCG,9720.48,8100.4
2018-01-03,CEGH,9787.82,8156.52
2018-01-04,TTF,9728.22,8106.85
2018-01-04,Gaspool,9686.09,8071.74
2018-01-04,NCG,9622.89,8019.07
2018-01-04,CEGH,9829.33,8191.11
2018-01-05,TTF,9663.6,8053.0
2018-01-05,Gaspool,9761.26,8134.38
2018-01-05,NCG,9604.15,8003.46
2018-01-05,CEGH,9850.44,8208.7
2018-01-09,TTF,9991.13,8325.94
2018-01-09,Gaspool,9705.16,8087.63
2018-01-09,NCG,9939.91,8283.26
2018-01-09,CEGH,9863.08,8219.23
2018-01-10,TTF,9905.55,8254.62
2018-01-10,Gaspool,9757.57,8131.31
2018-01-10,NCG,9795.62,8163.02
2018-01-10,CEGH,9897.1,8247.58
2018-01-11,TTF,9929.26,8274.38
2018-01-11,Gaspool,9899.39,8249.49
2018-01-11,NCG,9814.02,8178.35
2018-01-11,CEGH,9976.21,8313.51
2018-01-12,TTF,10131.86,8443.22
2018-01-12,Gaspool,9917.12,8264.27
2018-01-12,NCG,10003.02,8335.85
2018-01-12,CEGH,9968.66,8307.22
2018-01-15,TTF,10000.39,8333.66
2018-01-15,Gaspool,10122.23,8435.19
2018-01-15,NCG,9882.9,8235.75
2018-01-15,CEGH,10196.21,8496.84
2018-01-16,TTF,10033.68,8361.4
2018-01-16,Gaspool,10033.68,8361.4
2018-01-16,NCG,9989.62,8324.68
2018-01-16,CEGH,10086.56,8405.47
2018-01-17,TTF,9859.32,8216.1
2018-01-17,Gaspool,10017.81,8348.17
2018-01-17,NCG,9784.47,8153.72
2018-01-17,CEGH,10070.65,8392.21
2018-01-18,TTF,9979.4,8316.17
2018-01-18,Gaspool,9746.46,8122.05
2018-01-18,NCG,9878.31,8231.92
2018-01-18,CEGH,9816.78,8180.65
2018-01-19,TTF,9853.09,8210.91
2018-01-19,Gaspool,9830.97,8192.47
2018-01-19,NCG,9808.85,8174.04
2018-01-19,CEGH,9804.43,8170.36
2018-01-22,TTF,9980.4,8317.0
2018-01-22,Gaspool,9802.75,8168.96
2018-01-22,NCG,9904.9,8254.08
2018-01-22,CEGH,9802.75,8168.96
2018-01-23,TTF,9756.64,8130.53
2018-01-23,Gaspool,9903.17,8252.64
2018-01-23,NCG,9801.05,8167.54
2018-01-23,CEGH,9929.82,8274.85
2018-01-24,TTF,9693.91,8078.26
2018-01-24,Gaspool,9729.44,8107.87
2018-01-24,NCG,9685.02,8070.85
2018-01-24,CEGH,9747.21,8122.67
2018-01-25,TTF,9763.01,8135.84
2018-01-25,Gaspool,9637.58,8031.32
2018-01-25,NCG,9740.62,8117.18
2018-01-25,CEGH,9830.21,8191.84
2018-01-26,TTF,9571.09,7975.91
2018-01-26,Gaspool,9705.51,8087.92
2018-01-26,NCG,9705.51,8087.92
2018-01-26,CEGH,9709.99,8091.66
2018-01-29,TTF,9549.14,7957.62
2018-01-29,Gaspool,9504.54,7920.45
2018-01-29,NCG,9517.92,7931.6
2018-01-29,CEGH,9647.28,8039.4
2018-01-30,TTF,9384.75,7820.62
2018-01-30,Gaspool,9340.82,7784.02
2018-01-30,NCG,9406.72,7838.93
2018-01-30,CEGH,9340.82,7784.02
2018-01-31,TTF,9523.88,7936.57
2018-01-31,Gaspool,9161.08,7634.23
2018-01-31,NCG,9545.73,7954.77
2018-01-31,CEGH,9296.58,7747.15
2018-02-01,TTF,9611.56,8009.63
2018-02-01,Gaspool,9567.98,7973.32
2018-02-01,NCG,9493.9,7911.58
2018-02-01,CEGH,9502.62,7918.85
2018-02-02,TTF,9696.17,8080.14
2018-02-02,Gaspool,9578.38,7981.98
2018-02-02,NCG,9556.57,7963.81
2018-02-02,CEGH,9539.12,7949.27
2018-02-05,TTF,9499.31,7916.09
2018-02-05,Gaspool,9586.85,7989.04
2018-02-05,NCG,9534.33,7945.27
2018-02-05,CEGH,9564.97,7970.81
2018-02-06,TTF,9512.15,7926.79
2018-02-06,Gaspool,9338.7,7782.25
2018-02-06,NCG,9477.46,7897.88
2018-02-06,CEGH,9408.08,7840.07
2018-02-07,TTF,9492.64,7910.53
2018-02-07,Gaspool,9207.64,7673.03
2018-02-07,NCG,9407.57,7839.64
2018-02-07,CEGH,9224.65,7687.21
2018-02-08,TTF,9225.68,7688.07
2018-02-08,Gaspool,9065.94,7554.95
2018-02-08,NCG,9057.53,7547.94
2018-02-08,CEGH,9187.85,7656.54
2018-02-09,CEGH,8919.35,7432.79
2018-02-12,TTF,9187.75,7656.46
2018-02-12,Gaspool,8991.65,7493.04
2018-02-12,NCG,9083.44,7569.53
2018-02-12,CEGH,8929.06,7440.88
2018-02-13,TTF,9263.71,7719.76
2018-02-13,Gaspool,8941.15,7450.96
2018-02-13,NCG,9243.03,7702.52
2018-02-13,CEGH,8879.12,7399.27
2018-02-14,TTF,9182.66,7652.22
2018-02-14,Gaspool,9058.55,7548.79
2018-02-14,NCG,9120.61,7600.51
2018-02-14,CEGH,9066.82,7555.68
2018-02-15,TTF,9074.57,7562.14
2018-02-15,Gaspool,9000.13,7500.11
2018-02-15,NCG,8979.46,7482.88
2018-02-15,CEGH,8983.59,7486.32
2018-02-16,TTF,9317.62,7764.68
2018-02-16,Gaspool,9032.0,7526.67
2018-02-16,NCG,9254.61,7712.17
2018-02-16,CEGH,9116.0,7596.67
2018-02-19,TTF,9956.26,8296.88
2018-02-19,Gaspool,9208.13,7673.44
2018-02-19,NCG,9787.19,8155.99
2018-02-19,CEGH,9212.36,7676.97
2018-02-20,TTF,10566.99,8805.82
2018-02-20,Gaspool,9703.59,8086.32
2018-02-20,NCG,10377.46,8647.88
2018-02-20,CEGH,9674.11,8061.76
2018-02-21,TTF,10919.56,9099.63
2018-02-21,Gaspool,9891.2,8242.67
2018-02-21,NCG,10596.37,8830.31
2018-02-21,CEGH,9979.35,8316.12
2018-02-22,TTF,10840.66,9033.88
2018-02-22,Gaspool,10310.47,8592.06
2018-02-22,NCG,10978.43,9148.69
2018-02-22,CEGH,10277.07,8564.22
2018-02-23,TTF,12764.42,10637.02
2018-02-23,Gaspool,10843.71,9036.42
2018-02-23,NCG,12513.89,10428.24
2018-02-23,CEGH,10939.75,9116.46
2018-02-26,TTF,12247.83,10206.52
2018-02-26,Gaspool,12498.05,10415.04
2018-02-26,NCG,11905.86,9921.55
2018-02-26,CEGH,13765.86,11471.55
2018-02-27,TTF,16038.49,13365.41
2018-02-27,Gaspool,11607.36,9672.8
2018-02-27,NCG,16080.3,13400.25
2018-02-27,CEGH,12280.39,10233.66
2018-02-28,TTF,20436.11,17030.09
2018-02-28,Gaspool,16187.98,13489.98
2018-02-28,NCG,20082.1,16735.08
2018-02-28,CEGH,16171.32,13476.1
2018-03-01,TTF,32897.66,27414.72
2018-03-01,Gaspool,18541.59,15451.32
2018-03-01,NCG,30223.89,25186.57
2018-03-01,CEGH,19068.12,15890.1
2018-03-02,TTF,13245.43,11037.86
2018-03-02,Gaspool,30414.67,25345.56
2018-03-02,NCG,18037.32,15031.1
2018-03-02,CEGH,23852.84,19877.37
2018-03-05,TTF,9961.23,8301.02
2018-03-05,Gaspool,12300.96,10250.8
2018-03-05,NCG,9838.09,8198.41
2018-03-05,CEGH,14271.26,11892.72
2018-03-06,TTF,9650.52,8042.1
2018-03-06,Gaspool,9978.1,8315.08
2018-03-06,NCG,9568.62,7973.85
2018-03-06,CEGH,9990.38,8325.32
2018-03-07,TTF,9351.12,7792.6
2018-03-07,Gaspool,9671.6,8059.67
2018-03-07,NCG,9289.49,7741.24
2018-03-07,CEGH,9704.47,8087.06
2018-03-12,TTF,12338.4,10282.0
2018-03-12,Gaspool,9517.3,7931.08
2018-03-12,NCG,11829.54,9857.95
2018-03-12,CEGH,9639.43,8032.86
2018-03-13,TTF,11607.45,9672.87
2018-03-13,Gaspool,11787.76,9823.13
2018-03-13,NCG,11346.99,9455.82
2018-03-13,CEGH,10489.5,8741.25
2018-03-14,TTF,10725.69,8938.07
2018-03-14,Gaspool,11390.7,9492.25
2018-03-14,NCG,10665.24,8887.7
2018-03-14,CEGH,10217.87,8514.89
2018-03-15,TTF,11425.79,9521.49
2018-03-15,Gaspool,10900.24,9083.53
2018-03-15,NCG,11486.43,9572.02
2018-03-15,CEGH,10120.0,8433.33
2018-03-16,TTF,9843.98,8203.32
2018-03-16,Gaspool,11106.81,9255.67
2018-03-16,NCG,10292.08,8576.73
2018-03-16,CEGH,10593.53,8827.94
2018-03-19,TTF,10026.98,8355.82
2018-03-19,Gaspool,10149.17,8457.64
2018-03-19,NCG,10149.17,8457.64
2018-03-19,CEGH,9640.05,8033.37
2018-03-20,TTF,10379.32,8649.43
2018-03-20,Gaspool,10240.32,8533.6
2018-03-20,NCG,10342.52,8618.77
2018-03-20,CEGH,9659.77,8049.81
2018-03-21,TTF,10453.86,8711.55
2018-03-21,Gaspool,10401.13,8667.61
2018-03-21,NCG,10587.73,8823.11
2018-03-21,CEGH,9812.93,8177.44
2018-03-22,TTF,9987.52,8322.93
2018-03-22,Gaspool,10628.49,8857.07
2018-03-22,NCG,10182.24,8485.2
2018-03-22,CEGH,9780.62,8150.52
2018-03-23,TTF,9573.98,7978.32
2018-03-23,Gaspool,10081.79,8401.49
2018-03-23,NCG,9606.48,8005.4
2018-03-23,CEGH,9606.48,8005.4
2018-03-26,TTF,9111.77,7593.14
2018-03-26,Gaspool,8431.38,7026.15
2018-03-26,NCG,9233.99,7694.99
2018-03-26,CEGH,9466.22,7888.52
2018-03-27,TTF,9265.58,7721.32
2018-03-27,Gaspool,9355.81,7796.51
2018-03-27,NCG,9409.14,7840.95
2018-03-27,CEGH,9388.63,7823.86
2018-03-28,TTF,9188.04,7656.7
2018-03-28,Gaspool,9282.12,7735.1
2018-03-28,NCG,9249.4,7707.83
2018-03-28,CEGH,9335.3,7779.42
2018-03-29,TTF,9649.62,8041.35
2018-03-29,Gaspool,9176.61,7647.17
2018-03-29,NCG,9526.22,7938.52
2018-03-29,CEGH,9369.92,7808.27
2018-03-30,TTF,9642.36,8035.3
2018-03-30,NCG,9490.33,7908.61
2018-04-02,TTF,9666.42,8055.35
2018-04-02,NCG,9686.78,8072.32
2018-04-03,TTF,9159.17,7632.64
2018-04-03,Gaspool,9596.54,7997.12
2018-04-03,NCG,9341.41,7784.51
2018-04-03,CEGH,9503.4,7919.5
2018-04-04,TTF,9392.11,7826.76
2018-04-04,Gaspool,9241.46,7701.22
2018-04-04,NCG,9331.03,7775.86
2018-04-04,CEGH,9274.03,7728.36
2018-04-05,TTF,9336.95,7780.79
2018-04-05,Gaspool,9272.13,7726.77
2018-04-05,NCG,9272.13,7726.77
2018-04-05,CEGH,9308.59,7757.16
2018-04-06,TTF,9155.13,7629.27
2018-04-06,Gaspool,9191.27,7659.39
2018-04-06,NCG,9082.86,7569.05
2018-04-06,CEGH,9235.43,7696.19
2018-04-10,TTF,9670.75,8058.96
2018-04-10,Gaspool,9150.68,7625.57
2018-04-10,NCG,9458.72,7882.27
2018-04-10,CEGH,9370.71,7808.92
2018-04-11,TTF,9477.51,7897.92
2018-04-11,Gaspool,9425.07,7854.22
2018-04-11,NCG,9517.85,7931.54
2018-04-11,CEGH,9505.75,7921.46
2018-04-12,TTF,9976.49,8313.74
2018-04-12,Gaspool,9262.49,7718.74
2018-04-12,NCG,9706.22,8088.52
2018-04-12,CEGH,9633.61,8028.01
2018-04-13,TTF,9723.07,8102.56
2018-04-13,Gaspool,9582.25,7985.21
2018-04-13,NCG,9803.54,8169.62
2018-04-13,CEGH,9678.81,8065.67
2018-04-16,TTF,9406.49,7838.74
2018-04-16,Gaspool,9547.99,7956.66
2018-04-16,NCG,9406.49,7838.74
2018-04-16,CEGH,9790.56,8158.8
2018-04-17,TTF,9310.76,7758.97
2018-04-17,Gaspool,9371.58,7809.65
2018-04-17,NCG,9351.31,7792.76
2018-04-17,CEGH,9760.83,8134.02
2018-04-18,TTF,9359.84,7799.87
2018-04-18,Gaspool,9380.09,7816.74
2018-04-18,NCG,9359.84,7799.87
2018-04-18,CEGH,9643.3,8036.08
2018-04-19,TTF,9719.06,8099.22
2018-04-19,Gaspool,9446.39,7871.99
2018-04-19,NCG,9792.31,8160.26
2018-04-19,CEGH,9719.06,8099.22
2018-04-20,TTF,9625.27,8021.06
2018-04-20,Gaspool,9776.23,8146.86
2018-04-20,NCG,9604.87,8004.06
2018-04-20,CEGH,9927.19,8272.66
2018-04-23,TTF,9622.33,8018.61
2018-04-23,Gaspool,9468.48,7890.4
2018-04-23,NCG,9610.18,8008.48
2018-04-23,CEGH,9877.38,8231.15
2018-04-24,TTF,9501.54,7917.95
2018-04-24,Gaspool,9521.63,7934.69
2018-04-24,NCG,9537.7,7948.08
2018-04-24,CEGH,9830.94,8192.45
2018-04-25,TTF,9582.04,7985.03
2018-04-25,Gaspool,9489.65,7908.04
2018-04-25,NCG,9610.15,8008.46
2018-04-25,CEGH,9714.59,8095.49
2018-04-26,TTF,9695.58,8079.65
2018-04-26,Gaspool,9582.97,7985.81
2018-04-26,NCG,9735.8,8113.17
2018-04-26,CEGH,9776.02,8146.68
2018-04-27,TTF,9675.7,8063.08
2018-04-27,Gaspool,9707.78,8089.82
2018-04-27,NCG,9747.88,8123.23
2018-04-27,CEGH,9868.18,8223.48
2018-05-02,TTF,9679.71,8066.42
2018-05-02,Gaspool,9588.34,7990.28
2018-05-02,NCG,9767.1,8139.25
2018-05-02,CEGH,9822.72,8185.6
2018-05-03,TTF,9458.48,7882.07
2018-05-03,Gaspool,9643.93,8036.61
2018-05-03,NCG,9604.47,8003.72
2018-05-03,CEGH,9687.33,8072.77
2018-05-04,TTF,9633.94,8028.28
2018-05-04,Gaspool,9468.2,7890.17
2018-05-04,NCG,9626.04,8021.7
2018-05-04,CEGH,9704.97,8087.47
2018-05-07,CEGH,9768.85,8140.71
2018-05-08,TTF,9710.7,8092.25
2018-05-08,Gaspool,9632.08,8026.73
2018-05-08,NCG,9801.12,8167.6
2018-05-08,CEGH,9691.05,8075.87
2018-05-10,TTF,9737.64,8114.7
2018-05-10,Gaspool,9647.71,8039.76
2018-05-10,NCG,9808.03,8173.36
2018-05-10,CEGH,9819.76,8183.13
2018-05-11,TTF,9870.76,8225.63
2018-05-11,Gaspool,9773.04,8144.2
2018-05-11,NCG,9890.3,8241.92
2018-05-11,CEGH,9882.49,8235.41
2018-05-14,TTF,10027.65,8356.37
2018-05-14,Gaspool,10074.79,8395.66
2018-05-14,NCG,10094.43,8412.02
2018-05-14,CEGH,10098.36,8415.3
2018-05-15,TTF,10001.83,8334.86
2018-05-15,Gaspool,10049.13,8374.27
2018-05-15,NCG,10139.8,8449.83
2018-05-15,CEGH,10171.33,8476.11
2018-05-16,TTF,10077.44,8397.87
2018-05-16,Gaspool,10128.31,8440.26
2018-05-16,NCG,10128.31,8440.26
2018-05-16,CEGH,10218.32,8515.27
2018-05-17,TTF,10209.16,8507.63
2018-05-17,Gaspool,10015.15,8345.96
2018-05-17,NCG,10298.4,8582.0
2018-05-17,CEGH,10185.88,8488.23
2018-05-18,CEGH,10064.6,8387.17
2018-05-21,TTF,10156.12,8463.43
2018-05-21,Gaspool,10156.12,8463.43
2018-05-21,NCG,10171.6,8476.33
2018-05-21,CEGH,10125.16,8437.63
2018-05-22,TTF,10332.59,8610.49
2018-05-22,Gaspool,10274.79,8562.32
2018-05-22,NCG,10390.39,8658.66
2018-05-22,CEGH,10109.08,8424.23
2018-05-23,TTF,10357.24,8631.03
2018-05-23,Gaspool,10434.5,8695.42
2018-05-23,NCG,10337.92,8614.93
2018-05-23,CEGH,10395.87,8663.22
2018-05-24,TTF,10250.28,8541.9
2018-05-24,Gaspool,10231.1,8525.92
2018-05-24,NCG,10277.14,8564.28
2018-05-24,CEGH,10261.79,8551.49
2018-05-25,TTF,9931.13,8275.94
2018-05-25,Gaspool,10335.06,8612.55
2018-05-25,NCG,9961.9,8301.58
2018-05-25,CEGH,10296.59,8580.49
2018-05-29,TTF,10210.77,8508.97
2018-05-29,Gaspool,10057.34,8381.12
2018-05-29,NCG,10237.62,8531.35
2018-05-29,CEGH,9919.25,8266.04
2018-05-30,TTF,10149.67,8458.06
2018-05-30,Gaspool,10217.89,8514.91
2018-05-30,NCG,10119.35,8432.79
2018-05-30,CEGH,10202.73,8502.27
2018-05-31,TTF,10111.99,8426.66
2018-05-31,Gaspool,10196.02,8496.68
2018-05-31,NCG,10054.7,8378.92
2018-05-31,CEGH,10364.08,8636.73
2018-06-01,TTF,9932.35,8276.96
2018-06-01,Gaspool,10105.13,8420.94
2018-06-01,NCG,9901.63,8251.36
2018-06-01,CEGH,10419.98,8683.32
2018-06-04,TTF,10019.57,8349.64
2018-06-04,Gaspool,9904.71,8253.92
2018-06-04,NCG,9942.99,8285.82
2018-06-04,CEGH,10161.22,8467.68
2018-06-05,TTF,9967.37,8306.14
2018-06-05,Gaspool,10063.71,8386.42
2018-06-05,NCG,9921.13,8267.61
2018-06-05,CEGH,10148.49,8457.07
2018-06-06,TTF,9829.72,8191.43
2018-06-06,Gaspool,9975.52,8312.93
2018-06-06,NCG,9783.68,8153.07
2018-06-06,CEGH,9994.7,8328.92
2018-06-07,TTF,9962.82,8302.35
2018-06-07,Gaspool,10090.44,8408.7
2018-06-07,NCG,9943.48,8286.23
2018-06-07,CEGH,9966.69,8305.57
2018-06-08,TTF,10004.69,8337.24
2018-06-08,Gaspool,10031.93,8359.94
2018-06-08,NCG,10024.15,8353.46
2018-06-08,CEGH,10191.5,8492.92
2018-06-11,TTF,9886.1,8238.42
2018-06-11,Gaspool,9963.3,8302.75
2018-06-11,NCG,9866.8,8222.33
2018-06-11,CEGH,10059.79,8383.16
2018-06-12,TTF,10025.61,8354.67
2018-06-12,Gaspool,9840.1,8200.08
2018-06-12,NCG,10052.67,8377.22
2018-06-12,CEGH,10064.26,8386.88
2018-06-13,TTF,10235.01,8529.17
2018-06-13,Gaspool,10010.92,8342.43
2018-06-13,NCG,10262.06,8551.72
2018-06-13,CEGH,10177.06,8480.88
2018-06-14,TTF,10341.32,8617.77
2018-06-14,Gaspool,10237.07,8530.89
2018-06-14,NCG,10372.21,8643.51
2018-06-14,CEGH,10372.21,8643.51
2018-06-15,TTF,10006.34,8338.62
2018-06-15,Gaspool,10315.47,8596.22
2018-06-15,NCG,10052.71,8377.26
2018-06-15,CEGH,10365.71,8638.09
2018-06-18,TTF,10189.57,8491.31
2018-06-18,Gaspool,10028.55,8357.12
2018-06-18,NCG,10124.4,8437.0
2018-06-18,CEGH,9990.21,8325.17
2018-06-19,TTF,10047.8,8373.17
2018-06-19,Gaspool,10143.84,8453.2
2018-06-19,NCG,10055.49,8379.57
2018-06-19,CEGH,10251.4,8542.83
2018-06-20,TTF,9930.85,8275.71
2018-06-20,Gaspool,10015.16,8345.97
2018-06-20,NCG,9900.19,8250.16
2018-06-20,CEGH,10045.82,8371.52
2018-06-21,TTF,9909.02,8257.52
2018-06-21,Gaspool,10005.3,8337.75
2018-06-21,NCG,9889.76,8241.47
2018-06-21,CEGH,10028.41,8357.01
2018-06-22,TTF,9793.46,8161.22
2018-06-22,Gaspool,9785.83,8154.86
2018-06-22,NCG,9843.03,8202.52
2018-06-22,CEGH,10048.95,8374.12
2018-06-25,TTF,9838.9,8199.08
2018-06-25,Gaspool,9915.7,8263.08
2018-06-25,NCG,9850.42,8208.68
2018-06-25,CEGH,10157.62,8464.68
2018-06-26,TTF,9868.03,8223.36
2018-06-26,Gaspool,9979.61,8316.34
2018-06-26,NCG,9814.17,8178.47
2018-06-26,CEGH,10018.09,8348.41
2018-06-27,TTF,10050.91,8375.76
2018-06-27,Gaspool,9858.88,8215.73
2018-06-27,NCG,10024.03,8353.36
2018-06-27,CEGH,10035.55,8362.96
2018-07-02,TTF,10049.73,8374.77
2018-07-02,Gaspool,10057.41,8381.17
2018-07-02,NCG,10049.73,8374.77
2018-07-02,CEGH,10218.79,8515.66
2018-07-03,TTF,10078.62,8398.85
2018-07-03,Gaspool,10109.31,8424.42
2018-07-03,NCG,10116.98,8430.82
2018-07-03,CEGH,10308.79,8590.66
2018-07-04,TTF,10164.43,8470.36
2018-07-04,Gaspool,10280.06,8566.72
2018-07-04,NCG,10183.7,8486.42
2018-07-04,CEGH,10465.08,8720.9
2018-07-05,TTF,10198.68,8498.9
2018-07-05,Gaspool,10314.69,8595.57
2018-07-05,NCG,10237.35,8531.12
2018-07-05,CEGH,10523.52,8769.6
2018-07-06,TTF,10205.26,8504.38
2018-07-06,Gaspool,10407.44,8672.87
2018-07-06,NCG,10174.15,8478.46
2018-07-06,CEGH,10578.52,8815.43
2018-07-09,TTF,10328.87,8607.39
2018-07-09,Gaspool,10356.01,8630.01
2018-07-09,NCG,10309.49,8591.24
2018-07-09,CEGH,10452.92,8710.77
2018-07-10,TTF,10416.15,8680.12
2018-07-10,Gaspool,10532.8,8777.33
2018-07-10,NCG,10377.27,8647.72
2018-07-10,CEGH,10622.22,8851.85
2018-07-11,TTF,10235.25,8529.37
2018-07-11,Gaspool,10524.53,8770.44
2018-07-11,NCG,10258.39,8548.66
2018-07-11,CEGH,10586.24,8821.87
2018-07-12,TTF,10098.4,8415.33
2018-07-12,Gaspool,10427.09,8689.24
2018-07-12,NCG,10090.67,8408.89
2018-07-12,CEGH,10523.76,8769.8
2018-07-13,TTF,10181.0,8484.17
2018-07-13,Gaspool,10200.21,8500.17
2018-07-13,NCG,10257.84,8548.2
2018-07-13,CEGH,10234.79,8528.99
2018-07-16,TTF,10005.41,8337.84
2018-07-16,Gaspool,10170.42,8475.35
2018-07-16,NCG,9997.73,8331.44
2018-07-16,CEGH,10416.01,8680.01
2018-07-17,TTF,10020.26,8350.22
2018-07-17,Gaspool,10097.44,8414.53
2018-07-17,NCG,10051.13,8375.94
2018-07-17,CEGH,10294.25,8578.54
2018-07-18,TTF,10111.63,8426.36
2018-07-18,Gaspool,10111.63,8426.36
2018-07-18,NCG,10092.34,8410.28
2018-07-18,CEGH,10258.19,8548.49
2018-07-19,TTF,10074.72,8395.6
2018-07-19,Gaspool,10063.21,8386.01
2018-07-19,NCG,10044.03,8370.02
2018-07-19,CEGH,10316.46,8597.05
2018-07-20,TTF,10012.27,8343.56
2018-07-20,Gaspool,10320.61,8600.51
2018-07-20,NCG,10031.55,8359.62
2018-07-20,CEGH,10416.96,8680.8
2018-07-23,TTF,10178.87,8482.39
2018-07-23,Gaspool,10101.32,8417.77
2018-07-23,NCG,10167.23,8472.69
2018-07-23,CEGH,10361.11,8634.26
2018-07-24,TTF,10187.67,8489.72
2018-07-24,Gaspool,10343.4,8619.5
2018-07-24,NCG,10207.13,8505.94
2018-07-24,CEGH,10483.56,8736.3
2018-07-25,TTF,10261.97,8551.64
2018-07-25,Gaspool,10301.06,8584.22
2018-07-25,NCG,10301.06,8584.22
2018-07-25,CEGH,10504.37,8753.64
2018-07-26,TTF,10280.97,8567.47
2018-07-26,Gaspool,10382.65,8652.21
2018-07-26,NCG,10265.33,8554.44
2018-07-26,CEGH,10519.53,8766.27
2018-07-27,TTF,10265.37,8554.47
2018-07-27,Gaspool,10414.44,8678.7
2018-07-27,NCG,10265.37,8554.47
2018-07-27,CEGH,10567.44,8806.2
2018-07-30,TTF,10289.45,8574.54
2018-07-30,Gaspool,10230.82,8525.68
2018-07-30,NCG,10250.36,8541.97
2018-07-30,CEGH,10488.79,8740.66
2018-07-31,TTF,10239.02,8532.52
2018-07-31,Gaspool,10415.76,8679.8
2018-07-31,NCG,10250.8,8542.33
2018-07-31,CEGH,10639.63,8866.36
2018-08-02,TTF,10368.01,8640.01
2018-08-02,Gaspool,10399.7,8666.42
2018-08-02,NCG,10348.2,8623.5
2018-08-02,CEGH,10633.46,8861.22
2018-08-03,TTF,10331.53,8609.61
2018-08-03,Gaspool,10260.56,8550.47
2018-08-03,NCG,10339.42,8616.18
2018-08-03,CEGH,10548.37,8790.31
2018-08-06,TTF,10455.93,8713.27
2018-08-06,Gaspool,10463.82,8719.85
2018-08-06,NCG,10384.93,8654.11
2018-08-06,CEGH,10601.87,8834.89
2018-08-07,TTF,10530.27,8775.22
2018-08-07,Gaspool,10471.25,8726.04
2018-08-07,NCG,10459.44,8716.2
2018-08-07,CEGH,10679.79,8899.82
2018-08-08,TTF,10499.47,8749.56
2018-08-08,Gaspool,10558.55,8798.79
2018-08-08,NCG,10444.32,8703.6
2018-08-08,CEGH,10723.98,8936.65
2018-08-09,TTF,10480.83,8734.02
2018-08-09,Gaspool,10492.61,8743.84
2018-08-09,NCG,10421.94,8684.95
2018-08-09,CEGH,10728.15,8940.12
2018-08-10,TTF,10712.31,8926.92
2018-08-10,Gaspool,10613.59,8844.66
2018-08-10,NCG,10514.87,8762.39
2018-08-10,CEGH,10846.57,9038.81
2018-08-13,TTF,10839.03,9032.52
2018-08-13,Gaspool,10635.11,8862.59
2018-08-13,NCG,10752.76,8960.63
2018-08-13,CEGH,10854.72,9045.6
2018-08-14,TTF,10810.32,9008.6
2018-08-14,Gaspool,10880.83,9067.36
2018-08-14,NCG,10771.14,8975.95
2018-08-14,CEGH,11053.21,9211.01
2018-08-15,TTF,10799.3,8999.42
2018-08-15,Gaspool,10917.35,9097.79
2018-08-15,NCG,10791.43,8992.86
2018-08-15,CEGH,11180.99,9317.49
2018-08-16,TTF,10808.14,9006.78
2018-08-16,Gaspool,10788.62,8990.52
2018-08-16,NCG,10823.76,9019.8
2018-08-16,CEGH,10913.56,9094.63
2018-08-17,TTF,11126.18,9271.82
2018-08-17,Gaspool,11066.88,9222.4
2018-08-17,NCG,11126.18,9271.82
2018-08-17,CEGH,11268.48,9390.4
2018-08-20,TTF,11265.76,9388.13
2018-08-20,Gaspool,11357.59,9464.66
2018-08-20,NCG,11249.79,9374.82
2018-08-20,CEGH,11437.45,9531.21
2018-08-21,TTF,11223.58,9352.98
2018-08-21,Gaspool,11394.46,9495.38
2018-08-21,NCG,11243.45,9369.54
2018-08-21,CEGH,11326.9,9439.08
2018-08-22,TTF,11478.6,9565.5
2018-08-22,Gaspool,11526.65,9605.54
2018-08-22,NCG,11426.55,9522.12
2018-08-22,CEGH,11566.7,9638.92
2018-08-23,TTF,11751.4,9792.83
2018-08-23,Gaspool,11649.66,9708.05
2018-08-23,NCG,11718.85,9765.71
2018-08-23,CEGH,11832.8,9860.67
2018-08-27,CEGH,11969.17,9974.31
2018-08-28,TTF,12134.69,10112.24
2018-08-28,Gaspool,11971.67,9976.39
2018-08-28,NCG,12134.69,10112.24
2018-08-28,CEGH,12053.18,10044.32
2018-08-29,TTF,12511.93,10426.61
2018-08-29,Gaspool,12305.57,10254.64
2018-08-29,NCG,12524.31,10436.92
2018-08-29,CEGH,12363.35,10302.79
2018-08-30,TTF,12468.67,10390.56
2018-08-30,Gaspool,12386.29,10321.91
2018-08-30,NCG,12435.71,10363.09
2018-08-30,CEGH,12641.66,10534.72
2018-08-31,TTF,12428.81,10357.34
2018-08-31,Gaspool,12491.13,10409.27
2018-08-31,NCG,12374.81,10312.34
2018-08-31,CEGH,12682.22,10568.52
2018-09-03,TTF,12558.18,10465.15
2018-09-03,Gaspool,12392.79,10327.32
2018-09-03,NCG,12537.51,10447.92
2018-09-03,CEGH,12516.84,10430.7
2018-09-04,TTF,12821.35,10684.46
2018-09-04,Gaspool,12510.91,10425.76
2018-09-04,NCG,12705.45,10587.87
2018-09-04,CEGH,12742.7,10618.92
2018-09-05,TTF,12926.25,10771.87
2018-09-05,Gaspool,12773.11,10644.26
2018-09-05,NCG,12905.56,10754.63
2018-09-05,CEGH,12934.53,10778.77
2018-09-06,TTF,13014.22,10845.18
2018-09-06,Gaspool,12869.52,10724.6
2018-09-06,NCG,13014.22,10845.18
2018-09-06,CEGH,13113.45,10927.87
2018-09-07,TTF,13294.17,11078.47
2018-09-07,Gaspool,12972.38,10810.32
2018-09-07,NCG,13294.17,11078.47
2018-09-07,CEGH,13232.29,11026.91
2018-09-10,TTF,13696.35,11413.62
2018-09-10,Gaspool,13168.38,10973.65
2018-09-10,NCG,13683.97,11403.31
2018-09-10,CEGH,13403.49,11169.57
2018-09-11,TTF,13418.24,11181.87
2018-09-11,Gaspool,13664.22,11386.85
2018-09-11,NCG,13397.74,11164.78
2018-09-11,CEGH,13783.12,11485.93
2018-09-12,TTF,12922.19,10768.49
2018-09-12,Gaspool,13281.72,11068.1
2018-09-12,NCG,12881.33,10734.44
2018-09-12,CEGH,13637.16,11364.3
2018-09-13,TTF,12473.74,10394.78
2018-09-13,Gaspool,12820.48,10683.73
2018-09-13,NCG,12506.37,10421.97
2018-09-13,CEGH,12991.81,10826.51
2018-09-14,TTF,12842.57,10702.14
2018-09-14,Gaspool,12637.25,10531.04
2018-09-14,NCG,12739.91,10616.59
2018-09-14,CEGH,12842.57,10702.14
2018-09-17,TTF,13051.95,10876.62
2018-09-17,Gaspool,12845.23,10704.36
2018-09-17,NCG,13064.35,10886.96
2018-09-17,CEGH,13109.83,10924.86
2018-09-18,TTF,12958.92,10799.1
2018-09-18,Gaspool,13041.4,10867.83
2018-09-18,NCG,12868.18,10723.48
2018-09-18,CEGH,13346.6,11122.17
2018-09-19,TTF,13349.7,11124.75
2018-09-19,Gaspool,12902.89,10752.41
2018-09-19,NCG,13391.07,11159.22
2018-09-19,CEGH,13200.76,11000.63
2018-09-20,TTF,13293.73,11078.11
2018-09-20,Gaspool,13268.99,11057.49
2018-09-20,NCG,13281.36,11067.8
2018-09-20,CEGH,13442.12,11201.77
2018-09-21,TTF,13498.78,11248.98
2018-09-21,Gaspool,13283.01,11069.17
2018-09-21,NCG,13544.42,11287.02
2018-09-21,CEGH,13689.65,11408.04
2018-09-24,TTF,13886.18,11571.82
2018-09-24,Gaspool,13479.87,11233.22
2018-09-24,NCG,13964.95,11637.46
2018-09-24,CEGH,13778.38,11481.98
2018-09-25,TTF,13863.73,11553.11
2018-09-25,Gaspool,14100.74,11750.62
2018-09-25,NCG,13976.0,11646.67
2018-09-25,CEGH,13996.79,11663.99
2018-09-26,TTF,13312.21,11093.51
2018-09-26,Gaspool,13768.95,11474.12
2018-09-26,NCG,13353.73,11128.11
2018-09-26,CEGH,13918.42,11598.68
2018-09-27,TTF,13078.77,10898.97
2018-09-27,Gaspool,13369.28,11141.07
2018-09-27,NCG,13078.77,10898.97
2018-09-27,CEGH,13452.28,11210.23
2018-09-28,TTF,12910.35,10758.62
2018-09-28,Gaspool,13118.47,10932.06
2018-09-28,NCG,13056.03,10880.02
2018-09-28,CEGH,13101.82,10918.18
2018-10-01,TTF,12840.07,10700.06
2018-10-01,Gaspool,12757.84,10631.53
2018-10-01,NCG,12881.19,10734.32
2018-10-01,CEGH,12971.64,10809.7
2018-10-02,TTF,12722.77,10602.31
2018-10-02,Gaspool,12936.69,10780.57
2018-10-02,NCG,12693.97,10578.31
2018-10-02,CEGH,13109.47,10924.56
2018-10-03,TTF,12725.53,10604.61
2018-10-03,Gaspool,12643.51,10536.26
2018-10-03,NCG,12676.32,10563.6
2018-10-03,CEGH,12782.94,10652.45
2018-10-04,TTF,12750.57,10625.47
2018-10-04,Gaspool,12668.39,10556.99
2018-10-04,NCG,12771.12,10642.6
2018-10-04,CEGH,12943.69,10786.41
2018-10-05,TTF,12778.94,10649.12
2018-10-05,Gaspool,12880.73,10733.94
2018-10-05,NCG,12901.09,10750.91
2018-10-05,CEGH,13011.03,10842.52
2018-10-08,TTF,12559.6,10466.33
2018-10-08,Gaspool,12742.3,10618.58
2018-10-08,NCG,12620.5,10517.08
2018-10-08,CEGH,13083.34,10902.78
2018-10-09,TTF,12337.02,10280.85
2018-10-09,Gaspool,12571.95,10476.62
2018-10-09,NCG,12490.94,10409.12
2018-10-09,CEGH,12871.69,10726.41
2018-10-10,TTF,11970.82,9975.68
2018-10-10,Gaspool,12273.4,10227.83
2018-10-10,NCG,12059.58,10049.65
2018-10-10,CEGH,12600.19,10500.16
2018-10-11,TTF,11658.9,9715.75
2018-10-11,Gaspool,12091.82,10076.52
2018-10-11,NCG,11881.43,9901.19
2018-10-11,CEGH,12334.58,10278.82
2018-10-12,TTF,11956.48,9963.73
2018-10-12,Gaspool,11948.34,9956.95
2018-10-12,NCG,12241.36,10201.13
2018-10-12,CEGH,12159.96,10133.3
2018-10-16,TTF,12004.51,10003.76
2018-10-16,Gaspool,12166.95,10139.12
2018-10-16,NCG,12093.85,10078.21
2018-10-16,CEGH,12447.18,10372.65
2018-10-17,TTF,11945.13,9954.27
2018-10-17,Gaspool,12128.1,10106.75
2018-10-17,NCG,12067.11,10055.92
2018-10-17,CEGH,12412.72,10343.93
2018-10-18,TTF,11810.04,9841.7
2018-10-18,Gaspool,11793.87,9828.22
2018-10-18,NCG,11903.06,9919.22
2018-10-18,CEGH,12299.38,10249.48
2018-10-19,TTF,12293.85,10244.87
2018-10-19,Gaspool,11868.32,9890.27
2018-10-19,NCG,12374.9,10312.42
2018-10-19,CEGH,12188.48,10157.07
2018-10-22,TTF,11773.0,9810.83
2018-10-22,Gaspool,12422.8,10352.33
2018-10-22,NCG,12065.41,10054.51
2018-10-22,CEGH,12707.09,10589.24
2018-10-23,TTF,11624.46,9687.05
2018-10-23,Gaspool,11847.49,9872.91
2018-10-23,NCG,11977.25,9981.04
2018-10-23,CEGH,12334.1,10278.42
2018-10-24,TTF,11807.88,9839.9
2018-10-24,Gaspool,11828.18,9856.82
2018-10-24,NCG,11929.67,9941.39
2018-10-24,CEGH,12140.76,10117.3
2018-10-25,TTF,11503.89,9586.57
2018-10-25,Gaspool,11766.3,9805.25
2018-10-25,NCG,11685.55,9737.96
2018-10-25,CEGH,11867.22,9889.35
2018-10-26,TTF,11348.56,9457.13
2018-10-26,Gaspool,11722.46,9768.72
2018-10-26,NCG,11702.14,9751.78
2018-10-26,CEGH,11840.32,9866.93
2018-10-29,TTF,11510.76,9592.3
2018-10-29,Gaspool,11623.57,9686.31
2018-10-29,NCG,11776.68,9813.9
2018-10-29,CEGH,11478.53,9565.44
2018-10-30,TTF,11201.44,9334.53
2018-10-30,Gaspool,11721.66,9768.05
2018-10-30,NCG,11511.96,9593.3
2018-10-30,CEGH,11713.59,9761.32
2018-10-31,TTF,11045.01,9204.17
2018-10-31,Gaspool,11527.89,9606.57
2018-10-31,NCG,11145.61,9288.01
2018-10-31,CEGH,11467.53,9556.27
2018-11-01,TTF,10936.77,9113.97
2018-11-01,Gaspool,10996.75,9163.96
2018-11-01,NCG,11048.73,9207.27
2018-11-01,CEGH,11120.7,9267.25
2018-11-02,TTF,11142.65,9285.54
2018-11-02,Gaspool,11134.59,9278.82
2018-11-02,NCG,11162.8,9302.33
2018-11-02,CEGH,11017.7,9181.42
2018-11-05,TTF,11026.17,9188.47
2018-11-05,Gaspool,11316.73,9430.61
2018-11-05,NCG,11046.35,9205.29
2018-11-05,CEGH,11320.76,9433.97
2018-11-06,TTF,10904.63,9087.19
2018-11-06,Gaspool,11116.73,9263.94
2018-11-06,NCG,11024.69,9187.24
2018-11-06,CEGH,11080.72,9233.93
2018-11-07,TTF,11376.38,9480.32
2018-11-07,Gaspool,10954.92,9129.1
2018-11-07,NCG,11195.76,9329.8
2018-11-07,CEGH,11027.17,9189.31
2018-11-08,TTF,11308.22,9423.52
2018-11-08,Gaspool,11509.53,9591.27
2018-11-08,NCG,11549.79,9624.82
2018-11-08,CEGH,11445.11,9537.59
2018-11-09,TTF,11172.31,9310.26
2018-11-09,Gaspool,11432.86,9527.38
2018-11-09,NCG,11160.29,9300.24
2018-11-09,CEGH,11260.5,9383.75
2018-11-12,TTF,11748.93,9790.77
2018-11-12,Gaspool,11152.53,9293.77
2018-11-12,NCG,11629.65,9691.37
2018-11-12,CEGH,11112.77,9260.64
2018-11-13,TTF,11989.04,9990.87
2018-11-13,Gaspool,11574.36,9645.3
2018-11-13,NCG,12048.28,10040.23
2018-11-13,CEGH,11716.53,9763.77
2018-11-14,TTF,12050.37,10041.97
2018-11-14,Gaspool,12050.37,10041.97
2018-11-14,NCG,12160.97,10134.14
2018-11-14,CEGH,11999.02,9999.18
2018-11-15,TTF,12072.19,10060.16
2018-11-15,Gaspool,12052.43,10043.69
2018-11-15,NCG,12111.7,10093.08
2018-11-15,CEGH,11953.66,9961.38
2018-11-16,TTF,11737.61,9781.34
2018-11-16,Gaspool,12171.55,10142.96
2018-11-16,NCG,11887.51,9906.26
2018-11-16,CEGH,11954.58,9962.15
2018-11-19,TTF,11216.58,9347.15
2018-11-19,Gaspool,12027.66,10023.05
2018-11-19,NCG,11453.97,9544.97
2018-11-19,CEGH,11762.58,9802.15
2018-11-20,TTF,11429.24,9524.37
2018-11-20,Gaspool,11497.01,9580.84
2018-11-20,NCG,11556.8,9630.67
2018-11-20,CEGH,11233.92,9361.6
2018-11-21,TTF,11439.0,9532.5
2018-11-21,Gaspool,11582.43,9652.02
2018-11-21,NCG,11550.55,9625.46
2018-11-21,CEGH,11375.26,9479.38
2018-11-22,TTF,11483.72,9569.77
2018-11-22,Gaspool,11495.66,9579.72
2018-11-22,NCG,11662.88,9719.07
2018-11-22,CEGH,11340.39,9450.32
2018-11-23,TTF,11485.76,9571.47
2018-11-23,Gaspool,11477.81,9564.84
2018-11-23,NCG,11585.14,9654.28
2018-11-23,CEGH,11330.73,9442.27
2018-11-26,TTF,11337.92,9448.27
2018-11-26,Gaspool,11655.07,9712.56
2018-11-26,NCG,11508.39,9590.32
2018-11-26,CEGH,11306.21,9421.84
2018-11-27,TTF,11609.46,9674.55
2018-11-27,Gaspool,11561.67,9634.72
2018-11-27,NCG,11800.64,9833.87
2018-11-27,CEGH,11298.79,9415.66
2018-11-28,TTF,11352.82,9460.68
2018-11-28,Gaspool,11820.83,9850.69
2018-11-28,NCG,11500.82,9584.02
2018-11-28,CEGH,11444.82,9537.35
2018-11-29,TTF,11464.41,9553.67
2018-11-29,Gaspool,11524.53,9603.77
2018-11-29,NCG,11652.77,9710.64
2018-11-29,CEGH,11256.01,9380.01
2018-11-30,TTF,11452.59,9543.82
2018-11-30,Gaspool,11647.55,9706.29
2018-11-30,NCG,11444.46,9537.05
2018-11-30,CEGH,11675.99,9729.99
2018-12-03,TTF,11539.05,9615.87
2018-12-03,Gaspool,11438.35,9531.96
2018-12-03,NCG,11659.88,9716.57
2018-12-03,CEGH,11482.66,9568.88
2018-12-04,TTF,11203.42,9336.18
2018-12-04,Gaspool,11632.6,9693.83
2018-12-04,NCG,11371.88,9476.57
2018-12-04,CEGH,11668.7,9723.92
2018-12-05,TTF,11024.1,9186.75
2018-12-05,Gaspool,11386.95,9489.12
2018-12-05,NCG,11145.05,9287.54
2018-12-05,CEGH,11479.68,9566.4
2018-12-06,TTF,10635.01,8862.51
2018-12-06,Gaspool,11014.13,9178.44
2018-12-06,NCG,10774.69,8978.91
2018-12-06,CEGH,11109.91,9258.26
2018-12-07,TTF,10647.48,8872.9
2018-12-07,Gaspool,10838.33,9031.94
2018-12-07,NCG,10838.33,9031.94
2018-12-07,CEGH,10834.35,9028.62
2018-12-10,TTF,10529.06,8774.22
2018-12-10,Gaspool,10680.12,8900.1
2018-12-10,NCG,10795.39,8996.16
2018-12-10,CEGH,10862.97,9052.47
2018-12-11,TTF,10810.25,9008.54
2018-12-11,Gaspool,10890.0,9075.0
2018-12-11,NCG,11009.61,9174.67
2018-12-11,CEGH,10921.89,9101.57
2018-12-12,TTF,10902.2,9085.17
2018-12-12,Gaspool,11052.76,9210.63
2018-12-12,NCG,11132.0,9276.67
2018-12-12,CEGH,10989.37,9157.81
2018-12-13,TTF,11107.25,9256.04
2018-12-13,Gaspool,11257.88,9381.57
2018-12-13,NCG,11349.06,9457.55
2018-12-13,CEGH,11257.88,9381.57
2018-12-14,TTF,11226.03,9355.02
2018-12-14,Gaspool,11357.41,9464.51
2018-12-14,NCG,11417.13,9514.27
2018-12-14,CEGH,11218.07,9348.39
2018-12-17,TTF,11290.21,9408.51
2018-12-17,Gaspool,11436.24,9530.2
2018-12-17,NCG,11554.65,9628.87
2018-12-17,CEGH,11329.68,9441.4
2018-12-18,TTF,11332.33,9443.61
2018-12-18,Gaspool,11503.19,9585.99
2018-12-18,NCG,11578.68,9648.9
2018-12-18,CEGH,11431.67,9526.39
2018-12-19,TTF,11128.52,9273.77
2018-12-19,Gaspool,11263.86,9386.55
2018-12-19,NCG,11315.61,9429.67
2018-12-19,CEGH,11184.25,9320.21
2018-12-20,TTF,11209.67,9341.39
2018-12-20,Gaspool,11249.38,9374.48
2018-12-20,NCG,11384.42,9487.02
2018-12-20,CEGH,11364.56,9470.47
2018-12-21,TTF,11287.56,9406.3
2018-12-21,Gaspool,11382.78,9485.65
2018-12-21,NCG,11275.66,9396.38
2018-12-21,CEGH,11422.46,9518.72
2018-12-26,CEGH,11237.38,9364.48
2018-12-27,TTF,11132.4,9277.0
2018-12-27,Gaspool,11003.42,9169.52
2018-12-27,NCG,11218.38,9348.65
2018-12-27,CEGH,11151.94,9293.28
2018-12-28,TTF,10724.24,8936.87
2018-12-28,Gaspool,10692.85,8910.71
2018-12-28,NCG,10932.24,9110.2
2018-12-28,CEGH,10747.79,8956.49
2019-01-03,TTF,10365.31,8637.76
2019-01-03,Gaspool,10341.41,8617.84
2019-01-03,NCG,10488.83,8740.69
2019-01-03,CEGH,10369.3,8641.08
2019-01-04,TTF,9962.62,8302.18
2019-01-04,Gaspool,10084.22,8403.52
2019-01-04,NCG,10119.52,8432.93
2019-01-04,CEGH,10060.68,8383.9
2019-01-08,TTF,9605.45,8004.54
2019-01-08,Gaspool,9752.34,8126.95
2019-01-08,NCG,9859.53,8216.27
2019-01-08,CEGH,9934.95,8279.12
2019-01-09,TTF,10164.16,8470.13
2019-01-09,Gaspool,10293.05,8577.54
2019-01-09,NCG,10417.92,8681.6
2019-01-09,CEGH,10478.34,8731.95
2019-01-10,TTF,10087.47,8406.22
2019-01-10,Gaspool,10225.08,8520.9
2019-01-10,NCG,10366.74,8638.95
2019-01-10,CEGH,10277.7,8564.75
2019-01-11,TTF,10234.48,8528.73
2019-01-11,Gaspool,10328.71,8607.26
2019-01-11,NCG,10496.69,8747.24
2019-01-11,CEGH,10615.51,8846.26
2019-01-14,TTF,10227.36,8522.8
2019-01-14,Gaspool,10410.94,8675.78
2019-01-14,NCG,10472.13,8726.77
2019-01-14,CEGH,10606.76,8838.97
2019-01-15,TTF,10046.32,8371.93
2019-01-15,Gaspool,9933.27,8277.72
2019-01-15,NCG,10175.51,8479.59
2019-01-15,CEGH,10304.71,8587.26
2019-01-16,TTF,10080.77,8400.64
2019-01-16,Gaspool,10068.65,8390.54
2019-01-16,NCG,10351.64,8626.37
2019-01-16,CEGH,10408.24,8673.53
2019-01-17,TTF,10082.22,8401.85
2019-01-17,Gaspool,10182.42,8485.35
2019-01-17,NCG,10326.7,8605.58
2019-01-17,CEGH,10286.62,8572.18
2019-01-18,TTF,10490.69,8742.24
2019-01-18,Gaspool,10578.99,8815.82
2019-01-18,NCG,10739.55,8949.62
2019-01-18,CEGH,10542.87,8785.72
2019-01-21,TTF,10396.17,8663.47
2019-01-21,Gaspool,10468.32,8723.6
2019-01-21,NCG,10608.62,8840.52
2019-01-21,CEGH,10516.43,8763.69
2019-01-22,TTF,10077.21,8397.67
2019-01-22,Gaspool,10196.9,8497.42
2019-01-22,NCG,10404.36,8670.3
2019-01-22,CEGH,10224.82,8520.68
2019-01-23,TTF,10031.35,8359.46
2019-01-23,Gaspool,10079.1,8399.25
2019-01-23,NCG,10258.18,8548.48
2019-01-23,CEGH,10421.33,8684.44
2019-01-24,TTF,10139.6,8449.67
2019-01-24,Gaspool,10226.65,8522.21
2019-01-24,NCG,10392.82,8660.68
2019-01-24,CEGH,10357.21,8631.01
2019-01-25,TTF,9802.68,8168.9
2019-01-25,Gaspool,9893.74,8244.78
2019-01-25,NCG,10060.03,8383.36
2019-01-25,CEGH,10036.27,8363.56
2019-01-28,TTF,9647.25,8039.37
2019-01-28,Gaspool,9750.35,8125.29
2019-01-28,NCG,9908.96,8257.47
2019-01-28,CEGH,9901.03,8250.86
2019-01-29,TTF,9582.04,7985.03
2019-01-29,Gaspool,9701.64,8084.7
2019-01-29,NCG,9908.94,8257.45
2019-01-29,CEGH,9916.92,8264.1
2019-01-30,TTF,9674.75,8062.29
2019-01-30,Gaspool,9762.43,8135.36
2019-01-30,NCG,9985.62,8321.35
2019-01-30,CEGH,9945.76,8288.13
2019-01-31,TTF,9467.54,7889.62
2019-01-31,Gaspool,9507.4,7922.83
2019-01-31,NCG,9754.5,8128.75
2019-01-31,CEGH,9806.31,8171.92
2019-02-01,TTF,9378.21,7815.17
2019-02-01,Gaspool,9470.3,7891.92
2019-02-01,NCG,9666.5,8055.42
2019-02-01,CEGH,9666.5,8055.42
2019-02-04,TTF,9064.78,7553.98
2019-02-04,Gaspool,9215.78,7679.82
2019-02-04,NCG,9402.53,7835.44
2019-02-04,CEGH,9342.93,7785.77
2019-02-05,TTF,9039.86,7533.22
2019-02-05,Gaspool,9166.05,7638.37
2019-02-05,NCG,9339.55,7782.96
2019-02-05,CEGH,9398.71,7832.26
2019-02-06,TTF,8751.38,7292.82
2019-02-06,Gaspool,8946.68,7455.57
2019-02-06,NCG,9079.49,7566.24
2019-02-06,CEGH,9106.83,7589.02
2019-02-07,TTF,8652.79,7210.66
2019-02-07,Gaspool,8776.31,7313.59
2019-02-07,NCG,8938.43,7448.69
2019-02-07,CEGH,9073.53,7561.27
2019-02-08,TTF,8518.87,7099.06
2019-02-08,Gaspool,8641.84,7201.53
2019-02-08,NCG,8795.55,7329.62
2019-02-08,CEGH,8937.73,7448.11
2019-02-11,TTF,8366.63,6972.19
2019-02-11,Gaspool,8454.83,7045.69
2019-02-11,NCG,8558.37,7131.97
2019-02-11,CEGH,8765.44,7304.53
2019-02-12,TTF,8362.0,6968.33
2019-02-12,Gaspool,8381.22,6984.35
2019-02-12,NCG,8584.98,7154.15
2019-02-12,CEGH,8608.05,7173.37
2019-02-13,TTF,8141.64,6784.7
2019-02-13,Gaspool,8248.96,6874.13
2019-02-13,NCG,8417.61,7014.67
2019-02-13,CEGH,8463.61,7053.01
2019-02-14,TTF,8258.35,6881.96
2019-02-14,Gaspool,8443.07,7035.89
2019-02-14,NCG,8550.81,7125.67
2019-02-14,CEGH,8593.14,7160.95
2019-02-15,TTF,8194.73,6828.94
2019-02-15,Gaspool,8237.02,6864.18
2019-02-15,NCG,8406.21,7005.17
2019-02-15,CEGH,8556.16,7130.13
2019-02-18,TTF,8277.24,6897.7
2019-02-18,Gaspool,8396.74,6997.28
2019-02-18,NCG,8543.22,7119.35
2019-02-18,CEGH,8739.82,7283.18
2019-02-19,TTF,8090.37,6741.97
2019-02-19,Gaspool,8187.1,6822.58
2019-02-19,NCG,8345.74,6954.78
2019-02-19,CEGH,8612.72,7177.27
2019-02-20,TTF,8248.03,6873.36
2019-02-20,Gaspool,8317.43,6931.19
2019-02-20,NCG,8433.11,7027.59
2019-02-20,CEGH,8660.6,7217.17
2019-02-21,TTF,8140.3,6783.58
2019-02-21,Gaspool,8437.52,7031.27
2019-02-21,NCG,8584.2,7153.5
2019-02-21,CEGH,8838.96,7365.8
2019-02-22,TTF,8123.14,6769.28
2019-02-22,Gaspool,8196.33,6830.27
2019-02-22,NCG,8342.7,6952.25
2019-02-22,CEGH,8573.82,7144.85
2019-02-25,TTF,7907.42,6589.52
2019-02-25,Gaspool,8053.5,6711.25
2019-02-25,NCG,8184.2,6820.17
2019-02-25,CEGH,8318.75,6932.29
2019-02-26,TTF,7889.2,6574.33
2019-02-26,Gaspool,8047.08,6705.9
2019-02-26,NCG,8170.29,6808.57
2019-02-26,CEGH,8401.33,7001.11
2019-02-27,TTF,7944.84,6620.7
2019-02-27,Gaspool,8052.68,6710.57
2019-02-27,NCG,8164.37,6803.64
2019-02-27,CEGH,8480.19,7066.82
2019-02-28,TTF,8254.47,6878.72
2019-02-28,Gaspool,8362.59,6968.82
2019-02-28,NCG,8462.98,7052.48
2019-02-28,CEGH,8729.42,7274.52
2019-03-01,TTF,8272.55,6893.79
2019-03-01,Gaspool,8424.23,7020.19
2019-03-01,NCG,8560.35,7133.62
2019-03-01,CEGH,8704.25,7253.54
2019-03-04,TTF,8048.49,6707.07
2019-03-04,Gaspool,7986.43,6655.36
2019-03-04,NCG,8281.19,6900.99
2019-03-04,CEGH,8331.61,6943.01
2019-03-05,TTF,8114.3,6761.92
2019-03-05,Gaspool,8179.88,6816.57
2019-03-05,NCG,8349.62,6958.02
2019-03-05,CEGH,8476.92,7064.1
2019-03-06,TTF,7981.48,6651.23
2019-03-06,Gaspool,8069.93,6724.94
2019-03-06,NCG,8273.75,6894.79
2019-03-06,CEGH,8550.64,7125.53
2019-03-07,TTF,7755.99,6463.32
2019-03-07,Gaspool,7923.07,6602.56
2019-03-07,NCG,8033.19,6694.32
2019-03-07,CEGH,8261.02,6884.18
2019-03-11,TTF,7657.36,6381.13
2019-03-11,Gaspool,7751.68,6459.73
2019-03-11,NCG,7944.08,6620.07
2019-03-11,CEGH,8106.3,6755.25
2019-03-12,TTF,7658.42,6382.02
2019-03-12,Gaspool,7827.29,6522.74
2019-03-12,NCG,7921.1,6600.92
2019-03-12,CEGH,8086.21,6738.51
2019-03-13,TTF,7557.17,6297.64
2019-03-13,Gaspool,7692.88,6410.73
2019-03-13,NCG,7817.28,6514.4
2019-03-13,CEGH,7979.38,6649.48
2019-03-14,TTF,7406.14,6171.78
2019-03-14,Gaspool,7536.31,6280.26
2019-03-14,NCG,7685.61,6404.67
2019-03-14,CEGH,7919.14,6599.28
2019-03-15,TTF,7343.56,6119.63
2019-03-15,Gaspool,7446.9,6205.75
2019-03-15,NCG,7600.01,6333.34
2019-03-15,CEGH,7814.35,6511.96
2019-03-18,TTF,7151.02,5959.18
2019-03-18,Gaspool,7329.26,6107.72
2019-03-18,NCG,7492.0,6243.33
2019-03-18,CEGH,7685.74,6404.78
2019-03-19,TTF,7340.1,6116.75
2019-03-19,Gaspool,7468.98,6224.15
2019-03-19,NCG,7633.02,6360.85
2019-03-19,CEGH,7851.74,6543.12
2019-03-20,TTF,7330.11,6108.42
2019-03-20,Gaspool,7451.41,6209.51
2019-03-20,NCG,7650.97,6375.81
2019-03-20,CEGH,7936.62,6613.85
2019-03-21,TTF,7321.68,6101.4
2019-03-21,Gaspool,7411.67,6176.39
2019-03-21,NCG,7626.86,6355.72
2019-03-21,CEGH,7904.65,6587.21
2019-03-22,TTF,7086.76,5905.63
2019-03-22,Gaspool,7256.04,6046.7
2019-03-22,NCG,7374.14,6145.12
2019-03-22,CEGH,7696.95,6414.12
2019-03-25,TTF,6858.66,5715.55
2019-03-25,Gaspool,7059.64,5883.03
2019-03-25,NCG,7163.99,5969.99
2019-03-25,CEGH,7438.41,6198.67
2019-03-26,TTF,6869.35,5724.46
2019-03-26,Gaspool,6992.96,5827.47
2019-03-26,NCG,7224.71,6020.59
2019-03-26,CEGH,7506.67,6255.56
2019-03-27,TTF,7003.92,5836.6
2019-03-27,Gaspool,7170.07,5975.06
2019-03-27,NCG,7301.44,6084.53
2019-03-27,CEGH,7537.15,6280.96
2019-03-28,TTF,7205.55,6004.62
2019-03-28,Gaspool,7294.52,6078.77
2019-03-28,NCG,7453.12,6210.93
2019-03-28,CEGH,7650.39,6375.32
2019-03-29,TTF,6936.17,5780.14
2019-03-29,Gaspool,6971.07,5809.22
2019-03-29,NCG,7250.22,6041.85
2019-03-29,CEGH,7471.22,6226.02
2019-04-01,TTF,7056.46,5880.38
2019-04-01,Gaspool,7289.11,6074.26
2019-04-01,NCG,7355.02,6129.18
2019-04-01,CEGH,7603.18,6335.98
2019-04-02,TTF,6858.58,5715.48
2019-04-02,Gaspool,6905.08,5754.23
2019-04-02,NCG,7114.34,5928.62
2019-04-02,CEGH,7377.85,6148.21
2019-04-03,TTF,6591.17,5492.64
2019-04-03,Gaspool,6740.62,5617.18
2019-04-03,NCG,6874.74,5728.95
2019-04-03,CEGH,7261.77,6051.47
2019-04-04,TTF,6765.51,5637.92
2019-04-04,Gaspool,6974.06,5811.72
2019-04-04,NCG,7078.33,5898.61
2019-04-04,CEGH,7692.38,6410.32
2019-04-05,TTF,7055.93,5879.94
2019-04-05,Gaspool,7267.42,6056.18
2019-04-05,NCG,7348.18,6123.48
2019-04-05,CEGH,7874.98,6562.48
2019-04-08,TTF,7707.66,6423.05
2019-04-08,Gaspool,7848.78,6540.65
2019-04-08,NCG,7967.01,6639.17
2019-04-08,CEGH,8302.64,6918.87
2019-04-09,TTF,7395.39,6162.82
2019-04-09,Gaspool,7642.43,6368.69
2019-04-09,NCG,7684.24,6403.53
2019-04-09,CEGH,7999.69,6666.41
2019-04-10,TTF,7765.71,6471.42
2019-04-10,Gaspool,7987.19,6655.99
2019-04-10,NCG,8063.56,6719.63
2019-04-10,CEGH,8456.87,7047.39
2019-04-11,TTF,7557.42,6297.85
2019-04-11,Gaspool,7813.97,6511.64
2019-04-11,NCG,7856.09,6546.74
2019-04-11,CEGH,8124.13,6770.11
2019-04-12,TTF,7692.81,6410.67
2019-04-12,Gaspool,7918.98,6599.15
2019-04-12,NCG,7961.15,6634.29
2019-04-12,CEGH,8363.67,6969.72
2019-04-15,TTF,7512.72,6260.6
2019-04-15,Gaspool,7716.03,6430.02
2019-04-15,NCG,7834.94,6529.12
2019-04-15,CEGH,8310.61,6925.51
2019-04-16,TTF,7188.39,5990.32
2019-04-16,Gaspool,7419.21,6182.67
2019-04-16,NCG,7496.15,6246.79
2019-04-16,CEGH,8030.9,6692.42
2019-04-17,TTF,7171.38,5976.15
2019-04-17,Gaspool,7370.63,6142.19
2019-04-17,NCG,7443.44,6202.87
2019-04-17,CEGH,8048.86,6707.38
2019-04-18,TTF,7132.83,5944.02
2019-04-18,Gaspool,7282.02,6068.35
2019-04-18,NCG,7396.78,6163.98
2019-04-18,CEGH,8215.43,6846.19
2019-04-19,TTF,6957.66,5798.05
2019-04-19,Gaspool,7091.7,5909.75
2019-04-19,NCG,7183.61,5986.34
2019-04-22,TTF,6961.89,5801.57
2019-04-22,Gaspool,7096.01,5913.34
2019-04-22,NCG,7187.97,5989.97
2019-04-23,TTF,6952.98,5794.15
2019-04-23,Gaspool,7105.8,5921.5
2019-04-23,NCG,7197.5,5997.92
2019-04-23,CEGH,7969.29,6641.07
2019-04-24,TTF,6881.62,5734.68
2019-04-24,Gaspool,6923.49,5769.57
2019-04-24,NCG,7132.85,5944.04
2019-04-24,CEGH,7890.36,6575.3
2019-04-25,TTF,6760.5,5633.75
2019-04-25,Gaspool,6889.06,5740.88
2019-04-25,NCG,6949.55,5791.29
2019-04-25,CEGH,7414.62,6178.85
2019-04-26,CEGH,7486.4,6238.67
2019-05-02,TTF,6634.28,5528.57
2019-05-02,Gaspool,6750.25,5625.21
2019-05-02,NCG,6911.12,5759.27
2019-05-02,CEGH,7554.58,6295.48
2019-05-03,TTF,6851.05,5709.21
2019-05-03,Gaspool,7021.01,5850.84
2019-05-03,NCG,7141.87,5951.56
2019-05-03,CEGH,7791.47,6492.89
2019-05-06,TTF,6790.04,5658.37
2019-05-06,Gaspool,6981.12,5817.6
2019-05-06,NCG,7097.27,5914.39
2019-05-07,TTF,6793.67,5661.39
2019-05-07,Gaspool,6963.03,5802.52
2019-05-07,NCG,7124.87,5937.39
2019-05-07,CEGH,7843.74,6536.45
2019-05-08,TTF,6734.29,5611.91
2019-05-08,Gaspool,6947.29,5789.41
2019-05-08,NCG,7040.71,5867.26
2019-05-08,CEGH,7761.93,6468.27
2019-05-10,TTF,6769.54,5641.28
2019-05-10,Gaspool,6791.92,5659.93
2019-05-10,NCG,7060.46,5883.72
2019-05-10,CEGH,7802.67,6502.22
2019-05-11,TTF,6584.31,5486.92
2019-05-11,Gaspool,6688.83,5574.02
2019-05-11,NCG,6838.14,5698.45
2019-05-13,TTF,6606.71,5505.59
2019-05-13,Gaspool,6744.82,5620.68
2019-05-13,NCG,6905.33,5754.44
2019-05-13,CEGH,7573.5,6311.25
2019-05-14,TTF,6483.86,5403.22
2019-05-14,Gaspool,6673.82,5561.52
2019-05-14,NCG,6800.45,5667.04
2019-05-14,CEGH,7452.25,6210.21
2019-05-15,TTF,6522.8,5435.67
2019-05-15,Gaspool,6664.37,5553.64
2019-05-15,NCG,6809.65,5674.71
2019-05-15,CEGH,7506.29,6255.24
2019-05-16,TTF,6562.25,5468.54
2019-05-16,Gaspool,6685.7,5571.42
2019-05-16,NCG,6857.79,5714.82
2019-05-16,CEGH,7561.1,6300.92
2019-05-17,TTF,6333.79,5278.16
2019-05-17,Gaspool,6393.68,5328.07
2019-05-17,NCG,6588.33,5490.27
2019-05-17,CEGH,7243.41,6036.17
2019-05-20,TTF,6143.52,5119.6
2019-05-20,Gaspool,6091.21,5076.01
2019-05-20,NCG,6434.97,5362.47
2019-05-20,CEGH,7174.8,5979.0
2019-05-21,TTF,6113.49,5094.57
2019-05-21,Gaspool,6124.63,5103.86
2019-05-21,NCG,6399.28,5332.73
2019-05-21,CEGH,7089.6,5908.0
2019-05-22,TTF,5982.02,4985.02
2019-05-22,Gaspool,6059.65,5049.71
2019-05-22,NCG,6292.54,5243.78
2019-05-22,CEGH,7031.87,5859.89
2019-05-23,TTF,6083.47,5069.56
2019-05-23,Gaspool,6180.37,5150.31
2019-05-23,NCG,6359.28,5299.4
2019-05-23,CEGH,7071.17,5892.64
2019-05-24,TTF,5950.97,4959.14
2019-05-24,Gaspool,6006.79,5005.66
2019-05-24,NCG,6218.88,5182.4
2019-05-24,CEGH,6981.66,5818.05
2019-05-27,TTF,5898.37,4915.31
2019-05-27,Gaspool,5943.45,4952.87
2019-05-27,NCG,6146.31,5121.92
2019-05-28,TTF,5923.07,4935.89
2019-05-28,Gaspool,5956.73,4963.94
2019-05-28,NCG,6139.95,5116.62
2019-05-28,CEGH,6850.39,5708.66
2019-05-29,TTF,6001.83,5001.52
2019-05-29,Gaspool,6136.78,5113.98
2019-05-29,NCG,6286.73,5238.94
2019-05-29,CEGH,7043.94,5869.95
2019-05-30,TTF,5808.1,4840.08
2019-05-30,Gaspool,5857.19,4880.99
2019-05-30,NCG,5985.57,4987.97
2019-05-30,CEGH,6850.22,5708.52
2019-05-31,TTF,5606.65,4672.21
2019-05-31,Gaspool,5633.22,4694.35
2019-05-31,NCG,5898.87,4915.72
2019-05-31,CEGH,6654.08,5545.07
2019-06-03,TTF,5151.57,4292.97
2019-06-03,Gaspool,4935.07,4112.56
2019-06-03,NCG,5212.35,4343.62
2019-06-03,CEGH,6530.36,5441.97
2019-06-04,TTF,5277.71,4398.09
2019-06-04,Gaspool,5281.53,4401.27
2019-06-04,NCG,5281.53,4401.27
2019-06-04,CEGH,6727.04,5605.87
2019-06-05,TTF,5691.67,4743.06
2019-06-05,Gaspool,5660.62,4717.18
2019-06-05,NCG,5711.07,4759.22
2019-06-05,CEGH,7030.34,5858.62
2019-06-06,TTF,5505.45,4587.87
2019-06-06,Gaspool,5470.84,4559.03
2019-06-06,NCG,5663.1,4719.25
2019-06-06,CEGH,6985.85,5821.54
2019-06-07,TTF,5328.91,4440.76
2019-06-07,Gaspool,5424.63,4520.52
2019-06-07,NCG,5359.54,4466.28
2019-06-07,CEGH,6757.11,5630.92
2019-06-10,TTF,5497.77,4581.47
2019-06-10,Gaspool,5379.89,4483.24
2019-06-10,NCG,5596.65,4663.87
2019-06-10,CEGH,6722.29,5601.91
2019-06-11,TTF,5718.5,4765.42
2019-06-11,Gaspool,5684.48,4737.07
2019-06-11,NCG,5805.46,4837.88
2019-06-11,CEGH,6822.45,5685.37
2019-06-12,TTF,5560.22,4633.52
2019-06-12,Gaspool,5537.56,4614.63
2019-06-12,NCG,5624.41,4687.01
2019-06-12,CEGH,6500.46,5417.05
2019-06-13,TTF,5583.41,4652.84
2019-06-13,Gaspool,5481.03,4567.52
2019-06-13,NCG,5625.12,4687.6
2019-06-13,CEGH,6520.0,5433.33
2019-06-14,TTF,5661.23,4717.69
2019-06-14,Gaspool,5525.05,4604.21
2019-06-14,NCG,5676.36,4730.3
2019-06-14,CEGH,6569.07,5474.22
2019-06-18,TTF,5669.53,4724.61
2019-06-18,Gaspool,5518.52,4598.77
2019-06-18,NCG,5684.64,4737.2
2019-06-18,CEGH,6281.13,5234.27
2019-06-19,TTF,5485.97,4571.64
2019-06-19,Gaspool,5369.89,4474.91
2019-06-19,NCG,5512.18,4593.48
2019-06-19,CEGH,6107.54,5089.62
2019-06-20,TTF,5173.44,4311.2
2019-06-20,Gaspool,5076.11,4230.09
2019-06-20,NCG,5207.13,4339.27
2019-06-20,CEGH,6019.45,5016.21
2019-06-21,TTF,5154.2,4295.17
2019-06-21,Gaspool,5067.2,4222.67
2019-06-21,NCG,5173.12,4310.93
2019-06-21,CEGH,5975.07,4979.22
2019-06-24,TTF,5208.37,4340.31
2019-06-24,Gaspool,5117.89,4264.91
2019-06-24,NCG,5347.87,4456.56
2019-06-24,CEGH,6022.71,5018.92
2019-06-25,TTF,5095.41,4246.17
2019-06-25,Gaspool,5114.34,4261.95
2019-06-25,NCG,5345.24,4454.37
2019-06-25,CEGH,6022.79,5018.99
2019-06-26,TTF,4892.29,4076.91
2019-06-26,Gaspool,5085.23,4237.69
2019-06-26,NCG,5134.42,4278.68
2019-06-26,CEGH,5872.13,4893.44
2019-06-27,TTF,4907.15,4089.29
2019-06-27,Gaspool,4918.46,4098.72
2019-06-27,NCG,5069.3,4224.42
2019-06-27,CEGH,5864.98,4887.48
2019-07-01,TTF,4874.88,4062.4
2019-07-01,Gaspool,4803.15,4002.62
2019-07-01,NCG,5078.75,4232.29
2019-07-01,CEGH,5769.63,4808.02
2019-07-02,TTF,5173.35,4311.12
2019-07-02,Gaspool,5094.12,4245.1
2019-07-02,NCG,5297.84,4414.87
2019-07-02,CEGH,5384.6,4487.17
2019-07-03,TTF,5184.43,4320.36
2019-07-03,Gaspool,5195.68,4329.73
2019-07-03,NCG,5345.79,4454.82
2019-07-03,CEGH,5642.24,4701.87
2019-07-04,TTF,5150.61,4292.17
2019-07-04,Gaspool,5094.65,4245.54
2019-07-04,NCG,5236.41,4363.67
2019-07-04,CEGH,5523.68,4603.07
2019-07-05,TTF,5136.24,4280.2
2019-07-05,Gaspool,5110.31,4258.59
2019-07-05,NCG,5306.63,4422.19
2019-07-05,CEGH,5517.77,4598.14
2019-07-08,TTF,5375.16,4479.3
2019-07-08,Gaspool,5206.24,4338.53
2019-07-08,NCG,5452.27,4543.56
2019-07-08,CEGH,5463.29,4552.74
2019-07-09,TTF,5615.78,4679.82
2019-07-09,Gaspool,5663.12,4719.27
2019-07-09,NCG,5754.17,4795.14
2019-07-09,CEGH,5750.53,4792.11
2019-07-10,TTF,5517.35,4597.79
2019-07-10,Gaspool,5452.14,4543.45
2019-07-10,NCG,5618.79,4682.32
2019-07-10,CEGH,5683.99,4736.66
2019-07-11,TTF,5753.15,4794.29
2019-07-11,Gaspool,5698.29,4748.57
2019-07-11,NCG,5837.28,4864.4
2019-07-11,CEGH,5866.54,4888.78
2019-07-12,TTF,6022.39,5018.66
2019-07-12,Gaspool,6015.0,5012.5
2019-07-12,NCG,6125.8,5104.83
2019-07-12,CEGH,6155.34,5129.45
2019-07-15,TTF,6044.06,5036.72
2019-07-15,Gaspool,5845.51,4871.26
2019-07-15,NCG,6080.83,5067.36
2019-07-15,CEGH,6124.95,5104.12
2019-07-16,TTF,6062.47,5052.06
2019-07-16,Gaspool,6136.06,5113.38
2019-07-16,NCG,6136.06,5113.38
2019-07-16,CEGH,6136.06,5113.38
2019-07-17,TTF,5441.51,4534.59
2019-07-17,Gaspool,5555.65,4629.71
2019-07-17,NCG,5511.47,4592.89
2019-07-17,CEGH,5496.74,4580.62
2019-07-18,TTF,5407.91,4506.59
2019-07-18,Gaspool,5477.81,4564.84
2019-07-18,NCG,5488.85,4574.04
2019-07-18,CEGH,5499.88,4583.23
2019-07-19,TTF,5287.97,4406.64
2019-07-19,Gaspool,5369.44,4474.53
2019-07-19,NCG,5354.63,4462.19
2019-07-19,CEGH,5343.52,4452.93
2019-07-22,TTF,5252.53,4377.11
2019-07-22,Gaspool,5333.4,4444.5
2019-07-22,NCG,5417.94,4514.95
2019-07-22,CEGH,5359.13,4465.94
2019-07-23,TTF,5004.64,4170.53
2019-07-23,Gaspool,5037.47,4197.89
2019-07-23,NCG,5041.12,4200.93
2019-07-23,CEGH,5000.99,4167.49
2019-07-24,TTF,5202.02,4335.02
2019-07-24,Gaspool,5263.77,4386.47
2019-07-24,NCG,5271.03,4392.52
2019-07-24,CEGH,5249.24,4374.37
2019-07-25,TTF,4980.32,4150.27
2019-07-25,Gaspool,5045.22,4204.35
2019-07-25,NCG,5084.88,4237.4
2019-07-25,CEGH,5066.86,4222.38
2019-07-26,TTF,4874.11,4061.76
2019-07-26,Gaspool,4920.82,4100.68
2019-07-26,NCG,4963.94,4136.62
2019-07-26,CEGH,4938.79,4115.66
2019-07-29,TTF,4874.67,4062.22
2019-07-29,Gaspool,4910.61,4092.17
2019-07-29,NCG,5032.81,4194.01
2019-07-29,CEGH,4989.68,4158.07
2019-07-30,TTF,4667.06,3889.22
2019-07-30,Gaspool,4706.23,3921.86
2019-07-30,NCG,4809.51,4007.92
2019-07-30,CEGH,4816.64,4013.87
2019-07-31,TTF,4706.96,3922.47
2019-07-31,Gaspool,4692.77,3910.64
2019-07-31,NCG,4877.32,4064.43
2019-07-31,CEGH,4884.41,4070.34
2019-08-01,TTF,4849.31,4041.09
2019-08-01,Gaspool,4785.61,3988.01
2019-08-01,NCG,4962.56,4135.47
2019-08-01,CEGH,4969.63,4141.36
2019-08-02,TTF,5276.49,4397.07
2019-08-02,Gaspool,5184.23,4320.19
2019-08-02,NCG,5404.25,4503.54
2019-08-02,CEGH,5514.27,4595.22
2019-08-05,TTF,5365.6,4471.33
2019-08-05,Gaspool,5369.2,4474.33
2019-08-05,NCG,5531.08,4609.23
2019-08-05,CEGH,5574.25,4645.21
2019-08-06,TTF,4982.83,4152.36
2019-08-06,Gaspool,5037.58,4197.98
2019-08-06,NCG,5176.28,4313.57
2019-08-06,CEGH,5417.18,4514.32
2019-08-07,TTF,4677.33,3897.77
2019-08-07,Gaspool,4775.38,3979.48
2019-08-07,NCG,4909.73,4091.44
2019-08-07,CEGH,5207.48,4339.57
2019-08-08,TTF,4772.18,3976.82
2019-08-08,Gaspool,4739.67,3949.72
2019-08-08,NCG,4876.94,4064.12
2019-08-08,CEGH,5046.73,4205.61
2019-08-09,TTF,4838.14,4031.78
2019-08-09,Gaspool,4795.01,3995.84
2019-08-09,NCG,4924.4,4103.67
2019-08-09,CEGH,4996.29,4163.57
2019-08-12,TTF,5014.45,4178.71
2019-08-12,Gaspool,4978.81,4149.01
2019-08-12,NCG,5082.16,4235.13
2019-08-12,CEGH,5050.09,4208.41
2019-08-13,TTF,4990.52,4158.77
2019-08-13,Gaspool,5026.24,4188.53
2019-08-13,NCG,5129.84,4274.87
2019-08-13,CEGH,5122.69,4268.91
2019-08-14,TTF,5089.56,4241.3
2019-08-14,Gaspool,5114.62,4262.18
2019-08-14,NCG,5128.94,4274.12
2019-08-14,CEGH,5132.52,4277.1
2019-08-15,TTF,4740.81,3950.67
2019-08-15,Gaspool,4747.98,3956.65
2019-08-15,NCG,4801.72,4001.43
2019-08-15,CEGH,4787.39,3989.49
2019-08-16,TTF,4663.69,3886.41
2019-08-16,Gaspool,4746.05,3955.04
2019-08-16,NCG,4753.22,3961.02
2019-08-16,CEGH,4785.45,3987.87
2019-08-19,TTF,4618.94,3849.12
2019-08-19,Gaspool,4629.54,3857.95
2019-08-19,NCG,4678.99,3899.16
2019-08-19,CEGH,4661.33,3884.44
2019-08-20,TTF,4639.33,3866.11
2019-08-20,Gaspool,4649.97,3874.97
2019-08-20,NCG,4703.15,3919.29
2019-08-20,CEGH,4696.06,3913.38
2019-08-21,TTF,4747.45,3956.21
2019-08-21,Gaspool,4793.35,3994.46
2019-08-21,NCG,4807.47,4006.22
2019-08-21,CEGH,4782.76,3985.63
2019-08-22,TTF,4808.32,4006.93
2019-08-22,Gaspool,4744.42,3953.68
2019-08-22,NCG,4847.37,4039.47
2019-08-22,CEGH,4811.87,4009.89
2019-08-23,TTF,4811.04,4009.2
2019-08-23,Gaspool,4719.5,3932.92
2019-08-23,NCG,4863.84,4053.2
2019-08-23,CEGH,4842.72,4035.6
2019-08-27,TTF,4698.36,3915.3
2019-08-27,Gaspool,4624.49,3853.74
2019-08-27,NCG,4786.3,3988.58
2019-08-27,CEGH,4698.36,3915.3
2019-08-28,TTF,4857.5,4047.92
2019-08-28,Gaspool,4768.89,3974.07
2019-08-28,NCG,4900.03,4083.36
2019-08-28,CEGH,4861.04,4050.87
2019-08-29,TTF,4852.55,4043.79
2019-08-29,Gaspool,4845.45,4037.87
2019-08-29,NCG,4916.37,4096.97
2019-08-29,CEGH,4902.18,4085.15
2019-08-30,TTF,4764.88,3970.73
2019-08-30,Gaspool,4718.81,3932.34
2019-08-30,NCG,4853.47,4044.56
2019-08-30,CEGH,5204.28,4336.9
2019-09-02,TTF,4518.7,3765.58
2019-09-02,Gaspool,4487.03,3739.19
2019-09-02,NCG,4501.1,3750.92
2019-09-02,CEGH,5043.14,4202.62
2019-09-03,TTF,3947.5,3289.58
2019-09-03,Gaspool,3824.49,3187.07
2019-09-03,NCG,4010.76,3342.3
2019-09-03,CEGH,4889.41,4074.51
2019-09-04,TTF,3808.73,3173.94
2019-09-04,Gaspool,3749.07,3124.22
2019-09-04,NCG,3952.61,3293.84
2019-09-04,CEGH,4812.39,4010.32
2019-09-05,TTF,3901.07,3250.89
2019-09-05,Gaspool,3862.24,3218.53
2019-09-05,NCG,3968.16,3306.8
2019-09-05,CEGH,5168.57,4307.14
2019-09-06,TTF,4067.41,3389.51
2019-09-06,Gaspool,4053.21,3377.67
2019-09-06,NCG,4149.06,3457.55
2019-09-06,CEGH,5132.43,4277.02
2019-09-09,TTF,4508.25,3756.87
2019-09-09,Gaspool,4332.82,3610.68
2019-09-09,NCG,4525.8,3771.5
2019-09-09,CEGH,5659.1,4715.92
2019-09-10,TTF,4524.43,3770.36
2019-09-10,Gaspool,4429.86,3691.55
2019-09-10,NCG,4562.95,3802.46
2019-09-10,CEGH,5336.95,4447.46
2019-09-11,TTF,4947.07,4122.56
2019-09-11,Gaspool,4835.57,4029.64
2019-09-11,NCG,4866.93,4055.77
2019-09-11,CEGH,5420.93,4517.44
2019-09-12,TTF,4791.45,3992.87
2019-09-12,Gaspool,4794.94,3995.78
2019-09-12,NCG,4794.94,3995.78
2019-09-12,CEGH,5213.1,4344.25
2019-09-13,TTF,4952.12,4126.77
2019-09-13,Gaspool,4886.51,4072.09
2019-09-13,NCG,4990.1,4158.42
2019-09-13,CEGH,5349.2,4457.67
2019-09-16,TTF,5093.43,4244.52
2019-09-16,Gaspool,4870.85,4059.04
2019-09-16,NCG,5145.59,4287.99
2019-09-16,CEGH,5413.39,4511.16
2019-09-17,TTF,5104.86,4254.05
2019-09-17,Gaspool,5101.4,4251.17
2019-09-17,NCG,5181.11,4317.59
2019-09-17,CEGH,5472.25,4560.21
2019-09-18,TTF,4588.62,3823.85
2019-09-18,Gaspool,4633.65,3861.37
2019-09-18,NCG,4664.82,3887.35
2019-09-18,CEGH,5305.55,4421.29
2019-09-19,TTF,4474.6,3728.83
2019-09-19,Gaspool,4519.56,3766.3
2019-09-19,NCG,4640.62,3867.18
2019-09-19,CEGH,5439.56,4532.97
2019-09-20,TTF,4394.51,3662.09
2019-09-20,Gaspool,4498.18,3748.48
2019-09-20,NCG,4546.56,3788.8
2019-09-20,CEGH,5341.36,4451.13
2019-09-23,TTF,4415.9,3679.92
2019-09-23,Gaspool,4480.84,3734.03
2019-09-23,NCG,4470.59,3725.49
2019-09-23,CEGH,4983.32,4152.77
2019-09-24,TTF,4583.03,3819.19
2019-09-24,Gaspool,4498.29,3748.57
2019-09-24,NCG,4657.6,3881.33
2019-09-24,CEGH,5206.72,4338.93
2019-09-25,TTF,4946.45,4122.04
2019-09-25,Gaspool,5108.63,4257.19
2019-09-25,NCG,5088.35,4240.29
2019-09-25,CEGH,5419.47,4516.22
2019-09-26,TTF,4620.12,3850.1
2019-09-26,Gaspool,4573.08,3810.9
2019-09-26,NCG,4730.99,3942.49
2019-09-26,CEGH,5077.06,4230.88
2019-09-27,TTF,4598.3,3831.92
2019-09-27,Gaspool,4457.36,3714.47
2019-09-27,NCG,4457.36,3714.47
2019-09-27,CEGH,5064.73,4220.61
2019-09-30,TTF,4477.08,3730.9
2019-09-30,Gaspool,4283.35,3569.46
2019-09-30,NCG,4567.27,3806.06
2019-09-30,CEGH,4817.79,4014.82
2019-10-01,TTF,4115.96,3429.97
2019-10-01,Gaspool,4009.01,3340.84
2019-10-01,NCG,4125.98,3438.32
2019-10-01,CEGH,4473.56,3727.97
2019-10-02,TTF,4685.87,3904.89
2019-10-02,Gaspool,4509.37,3757.81
2019-10-02,NCG,4682.48,3902.07
2019-10-02,CEGH,4777.52,3981.27
2019-10-03,TTF,4682.92,3902.43
2019-10-03,Gaspool,4679.47,3899.56
2019-10-03,NCG,4831.05,4025.87
2019-10-03,CEGH,5072.19,4226.82
2019-10-04,TTF,5353.44,4461.2
2019-10-04,Gaspool,5211.76,4343.13
2019-10-04,NCG,5526.21,4605.17
2019-10-04,CEGH,5598.78,4665.65
2019-10-07,TTF,5162.04,4301.7
2019-10-07,Gaspool,5182.6,4318.83
2019-10-07,NCG,5220.3,4350.25
2019-10-07,CEGH,5230.58,4358.82
2019-10-08,TTF,4760.92,3967.43
2019-10-08,Gaspool,4743.58,3952.98
2019-10-08,NCG,4802.53,4002.11
2019-10-08,CEGH,4830.27,4025.22
2019-10-09,TTF,4562.04,3801.7
2019-10-09,Gaspool,4565.48,3804.57
2019-10-09,NCG,4644.66,3870.55
2019-10-09,CEGH,4775.49,3979.57
2019-10-10,TTF,3974.06,3311.72
2019-10-10,Gaspool,4101.36,3417.8
2019-10-10,NCG,4135.76,3446.47
2019-10-10,CEGH,4410.99,3675.82
2019-10-11,TTF,4183.07,3485.89
2019-10-11,Gaspool,4114.43,3428.69
2019-10-11,NCG,4310.05,3591.71
2019-10-11,CEGH,4522.83,3769.02
2019-10-14,TTF,4237.98,3531.65
2019-10-14,Gaspool,4231.12,3525.93
2019-10-14,NCG,4382.12,3651.77
2019-10-14,CEGH,4601.77,3834.81
2019-10-15,TTF,4824.91,4020.76
2019-10-15,Gaspool,4666.8,3889.0
2019-10-15,NCG,4842.09,4035.07
2019-10-15,CEGH,5062.06,4218.38
2019-10-16,TTF,5062.5,4218.75
2019-10-16,Gaspool,4879.1,4065.92
2019-10-16,NCG,5086.72,4238.93
2019-10-16,CEGH,5367.02,4472.52
2019-10-17,TTF,4955.57,4129.64
2019-10-17,Gaspool,4795.81,3996.51
2019-10-17,NCG,5011.14,4175.95
2019-10-17,CEGH,5285.5,4404.58
2019-10-18,TTF,4757.09,3964.24
2019-10-18,Gaspool,4673.41,3894.51
2019-10-18,NCG,4750.11,3958.42
2019-10-18,CEGH,5011.6,4176.33
2019-10-21,TTF,4877.47,4064.56
2019-10-21,Gaspool,4647.45,3872.87
2019-10-21,NCG,4927.01,4105.84
2019-10-21,CEGH,4912.86,4094.05
2019-10-22,TTF,4842.57,4035.47
2019-10-22,Gaspool,4633.75,3861.46
2019-10-22,NCG,4853.19,4044.32
2019-10-22,CEGH,4870.89,4059.07
2019-10-23,TTF,4845.04,4037.53
2019-10-23,Gaspool,4732.81,3944.01
2019-10-23,NCG,4831.01,4025.84
2019-10-23,CEGH,4845.04,4037.53
2019-10-24,TTF,4939.25,4116.04
2019-10-24,Gaspool,4742.58,3952.15
2019-10-24,NCG,4935.73,4113.11
2019-10-24,CEGH,5055.14,4212.62
2019-10-25,TTF,4779.77,3983.14
2019-10-25,Gaspool,4620.25,3850.21
2019-10-25,NCG,4776.23,3980.19
2019-10-25,CEGH,5013.73,4178.11
2019-10-28,TTF,5140.71,4283.92
2019-10-28,Gaspool,5098.15,4248.46
2019-10-28,NCG,5286.12,4405.1
2019-10-28,CEGH,5314.49,4428.74
2019-10-29,TTF,5226.32,4355.27
2019-10-29,Gaspool,5353.22,4461.02
2019-10-29,NCG,5377.9,4481.58
2019-10-29,CEGH,5413.15,4510.96
2019-10-30,TTF,4953.41,4127.84
2019-10-30,Gaspool,5119.52,4266.27
2019-10-30,NCG,5186.67,4322.22
2019-10-30,CEGH,5395.19,4495.99
2019-10-31,TTF,4846.74,4038.95
2019-10-31,Gaspool,5029.83,4191.52
2019-10-31,NCG,5061.52,4217.93
2019-10-31,CEGH,5329.12,4440.93
2019-11-01,TTF,4660.48,3883.73
2019-11-01,Gaspool,4765.82,3971.52
2019-11-01,NCG,4846.58,4038.82
2019-11-01,CEGH,4987.04,4155.87
2019-11-04,TTF,5090.16,4241.8
2019-11-04,Gaspool,5135.6,4279.67
2019-11-04,NCG,5257.93,4381.61
2019-11-04,CEGH,5499.1,4582.58
2019-11-05,TTF,5714.52,4762.1
2019-11-05,Gaspool,5623.27,4686.06
2019-11-05,NCG,5823.32,4852.77
2019-11-05,CEGH,5907.55,4922.96
2019-11-06,TTF,6048.4,5040.33
2019-11-06,Gaspool,6058.85,5049.04
2019-11-06,NCG,6173.79,5144.82
2019-11-06,CEGH,6132.0,5110.0
2019-11-07,TTF,5777.0,4814.17
2019-11-07,Gaspool,5867.18,4889.32
2019-11-07,NCG,5926.15,4938.46
2019-11-07,CEGH,5940.02,4950.02
2019-11-08,TTF,5940.49,4950.41
2019-11-08,Gaspool,6026.6,5022.17
2019-11-08,NCG,6105.83,5088.19
2019-11-08,CEGH,6085.16,5070.97
2019-11-11,TTF,6302.28,5251.9
2019-11-11,Gaspool,6456.59,5380.49
2019-11-11,NCG,6494.32,5411.93
2019-11-11,CEGH,6319.43,5266.19
2019-11-12,TTF,6195.24,5162.7
2019-11-12,Gaspool,6205.53,5171.27
2019-11-12,NCG,6315.38,5262.82
2019-11-12,CEGH,6318.81,5265.67
2019-11-13,TTF,6291.73,5243.11
2019-11-13,Gaspool,6380.59,5317.16
2019-11-13,NCG,6448.94,5374.12
2019-11-13,CEGH,6435.27,5362.72
2019-11-14,TTF,6228.77,5190.64
2019-11-14,Gaspool,6391.71,5326.42
2019-11-14,NCG,6425.65,5354.71
2019-11-14,CEGH,6456.2,5380.17
2019-11-15,TTF,6117.83,5098.19
2019-11-15,Gaspool,6138.12,5115.1
2019-11-15,NCG,6263.25,5219.37
2019-11-15,CEGH,6253.11,5210.92
2019-11-18,TTF,6328.11,5273.42
2019-11-18,Gaspool,6433.19,5360.99
2019-11-18,NCG,6497.6,5414.67
2019-11-18,CEGH,6511.16,5425.97
2019-11-19,TTF,6199.51,5166.26
2019-11-19,Gaspool,6253.7,5211.42
2019-11-19,NCG,6334.97,5279.14
2019-11-19,CEGH,6311.27,5259.39
2019-11-20,TTF,6296.8,5247.33
2019-11-20,Gaspool,6463.43,5386.19
2019-11-20,NCG,6511.04,5425.87
2019-11-20,CEGH,6497.44,5414.53
2019-11-21,TTF,6434.24,5361.87
2019-11-21,Gaspool,6549.58,5457.98
2019-11-21,NCG,6637.78,5531.48
2019-11-21,CEGH,6614.03,5511.69
2019-11-22,TTF,6533.3,5444.42
2019-11-22,Gaspool,6645.62,5538.02
2019-11-22,NCG,6710.29,5591.91
2019-11-22,CEGH,6478.85,5399.04
2019-11-25,TTF,6577.66,5481.38
2019-11-25,Gaspool,6655.61,5546.34
2019-11-25,NCG,6659.0,5549.17
2019-11-25,CEGH,6597.99,5498.32
2019-11-26,TTF,6696.8,5580.67
2019-11-26,Gaspool,6878.16,5731.8
2019-11-26,NCG,6837.86,5698.22
2019-11-26,CEGH,6844.58,5703.82
2019-11-27,TTF,6462.84,5385.7
2019-11-27,Gaspool,6543.3,5452.75
2019-11-27,NCG,6539.95,5449.96
2019-11-27,CEGH,6563.41,5469.51
2019-11-28,TTF,6490.52,5408.77
2019-11-28,Gaspool,6517.31,5431.09
2019-11-28,NCG,6524.01,5436.67
2019-11-28,CEGH,6524.01,5436.67
2019-11-29,TTF,6441.68,5368.07
2019-11-29,Gaspool,6609.43,5507.86
2019-11-29,NCG,6522.2,5435.17
2019-11-29,CEGH,6478.59,5398.82
2019-12-02,TTF,6378.27,5315.22
2019-12-02,Gaspool,6581.97,5484.97
2019-12-02,NCG,6531.88,5443.23
2019-12-02,CEGH,6338.2,5281.83
2019-12-03,TTF,6360.58,5300.48
2019-12-03,Gaspool,6554.86,5462.38
2019-12-03,NCG,6548.16,5456.8
2019-12-03,CEGH,6414.18,5345.15
2019-12-04,TTF,6251.55,5209.62
2019-12-04,Gaspool,6500.32,5416.93
2019-12-04,NCG,6507.04,5422.53
2019-12-04,CEGH,6449.89,5374.91
2019-12-05,TTF,6217.7,5181.42
2019-12-05,Gaspool,6406.06,5338.38
2019-12-05,NCG,6439.69,5366.41
2019-12-05,CEGH,6513.69,5428.07
2019-12-06,TTF,5932.07,4943.39
2019-12-06,Gaspool,6076.54,5063.78
2019-12-06,NCG,6103.42,5086.18
2019-12-06,CEGH,6126.94,5105.78
2019-12-09,TTF,5810.78,4842.32
2019-12-09,Gaspool,5957.67,4964.72
2019-12-09,NCG,5930.96,4942.47
2019-12-09,CEGH,6091.21,5076.01
2019-12-10,TTF,5695.76,4746.47
2019-12-10,Gaspool,5845.51,4871.26
2019-12-10,NCG,5855.49,4879.57
2019-12-10,CEGH,5835.52,4862.93
2019-12-11,TTF,5650.33,4708.61
2019-12-11,Gaspool,5860.01,4883.34
2019-12-11,NCG,5853.36,4877.8
2019-12-11,CEGH,5816.74,4847.28
2019-12-12,TTF,5592.44,4660.37
2019-12-12,Gaspool,5824.54,4853.78
2019-12-12,NCG,5824.54,4853.78
2019-12-12,CEGH,5847.75,4873.12
2019-12-13,TTF,5683.06,4735.88
2019-12-13,Gaspool,5952.67,4960.56
2019-12-13,NCG,5942.69,4952.24
2019-12-13,CEGH,6039.22,5032.68
2019-12-16,TTF,5455.76,4546.47
2019-12-16,Gaspool,5482.4,4568.67
2019-12-16,NCG,5525.7,4604.75
2019-12-16,CEGH,5605.62,4671.35
2019-12-17,TTF,5354.42,4462.02
2019-12-17,Gaspool,5234.86,4362.38
2019-12-17,NCG,5337.81,4448.17
2019-12-17,CEGH,5380.99,4484.16
2019-12-18,TTF,5489.91,4574.92
2019-12-18,Gaspool,5526.46,4605.38
2019-12-18,NCG,5536.43,4613.69
2019-12-18,CEGH,5526.46,4605.38
2019-12-19,TTF,5381.86,4484.88
2019-12-19,Gaspool,5395.07,4495.89
2019-12-19,NCG,5487.49,4572.91
2019-12-19,CEGH,5533.7,4611.42
2019-12-20,TTF,5462.82,4552.35
2019-12-20,Gaspool,5456.23,4546.86
2019-12-20,NCG,5495.78,4579.82
2019-12-20,CEGH,5634.21,4695.17
2019-12-23,TTF,5345.47,4454.56
2019-12-23,Gaspool,5237.28,4364.4
2019-12-23,NCG,5388.09,4490.07
2019-12-23,CEGH,5424.15,4520.12
2019-12-24,TTF,4700.63,3917.19
2019-12-24,Gaspool,4749.67,3958.06
2019-12-24,NCG,4736.6,3947.17
2019-12-24,CEGH,4870.65,4058.87
2019-12-25,TTF,4661.39,3884.49
2019-12-25,Gaspool,4589.46,3824.55
2019-12-25,NCG,4707.17,3922.64
2019-12-25,CEGH,4772.56,3977.13
2019-12-26,TTF,4695.24,3912.7
2019-12-26,Gaspool,4587.39,3822.82
2019-12-26,NCG,4783.48,3986.23
2019-12-26,CEGH,4750.8,3959.0
2019-12-27,TTF,4706.13,3921.77
2019-12-27,Gaspool,4755.23,3962.69
2019-12-27,NCG,4742.14,3951.78
2019-12-27,CEGH,4735.59,3946.32
2019-12-30,TTF,5326.2,4438.5
2019-12-30,Gaspool,5376.47,4480.39
2019-12-30,NCG,5426.74,4522.28
2019-12-30,CEGH,5259.17,4382.64
2019-12-31,TTF,5289.33,4407.77
2019-12-31,Gaspool,5406.63,4505.52
2019-12-31,NCG,5426.74,4522.28
2019-12-31,CEGH,5393.23,4494.36
2020-01-01,TTF,5260.4,4383.67
2020-01-01,Gaspool,5511.75,4593.12
2020-01-01,NCG,5377.7,4481.42
2020-01-01,CEGH,5471.53,4559.61
2020-01-02,TTF,5287.21,4406.01
2020-01-02,Gaspool,5525.16,4604.3
2020-01-02,NCG,5458.13,4548.44
2020-01-02,CEGH,5491.64,4576.37
2020-01-03,TTF,5253.7,4378.08
2020-01-03,Gaspool,5434.67,4528.89
2020-01-03,NCG,5330.78,4442.32
2020-01-03,CEGH,5387.75,4489.79
2020-01-04,CEGH,5779.86,4816.55
2020-01-05,CEGH,5779.86,4816.55
2020-01-06,TTF,5615.64,4679.7
2020-01-06,Gaspool,5743.0,4785.83
2020-01-06,NCG,5729.59,4774.66
2020-01-06,CEGH,5793.27,4827.72
2020-01-07,TTF,5327.43,4439.52
2020-01-07,Gaspool,5515.1,4595.92
2020-01-07,NCG,5501.7,4584.75
2020-01-07,CEGH,5716.18,4763.48
2020-01-08,TTF,5184.59,4320.49
2020-01-08,Gaspool,5408.89,4507.41
2020-01-08,NCG,5418.93,4515.77
2020-01-08,CEGH,5619.79,4683.16
2020-01-09,TTF,5228.16,4356.8
2020-01-09,Gaspool,5402.89,4502.41
2020-01-09,NCG,5416.33,4513.61
2020-01-09,CEGH,5628.01,4690.01
2020-01-10,TTF,5336.8,4447.33
2020-01-10,Gaspool,5510.16,4591.8
2020-01-10,NCG,5489.76,4574.8
2020-01-10,CEGH,5639.33,4699.44
2020-01-11,CEGH,5612.0,4676.67
2020-01-12,CEGH,5612.0,4676.67
2020-01-13,TTF,5284.88,4404.07
2020-01-13,Gaspool,5463.62,4553.02
2020-01-13,NCG,5466.99,4555.82
2020-01-13,CEGH,5638.98,4699.15
2020-01-14,TTF,5320.97,4434.14
2020-01-14,Gaspool,5496.55,4580.46
2020-01-14,NCG,5513.44,4594.53
2020-01-14,CEGH,5648.5,4707.08
2020-01-15,TTF,5135.38,4279.48
2020-01-15,Gaspool,5287.71,4406.42
2020-01-15,NCG,5311.41,4426.17
2020-01-15,CEGH,5463.74,4553.12
2020-01-16,TTF,5080.69,4233.91
2020-01-16,Gaspool,5216.29,4346.91
2020-01-16,NCG,5253.58,4377.98
2020-01-16,CEGH,5460.38,4550.32
2020-01-17,TTF,5109.67,4258.06
2020-01-17,Gaspool,5215.45,4346.21
2020-01-17,NCG,5276.86,4397.38
2020-01-17,CEGH,5406.52,4505.43
2020-01-18,CEGH,5348.52,4457.1
2020-01-19,CEGH,5348.52,4457.1
2020-01-20,TTF,5060.04,4216.7
2020-01-20,Gaspool,5227.45,4356.21
2020-01-20,NCG,5254.78,4378.98
2020-01-20,CEGH,5411.95,4509.96
2020-01-21,TTF,4982.46,4152.05
2020-01-21,Gaspool,5105.55,4254.62
2020-01-21,NCG,5173.93,4311.61
2020-01-21,CEGH,5341.47,4451.22
2020-01-22,TTF,5059.13,4215.94
2020-01-22,Gaspool,5192.54,4327.12
2020-01-22,NCG,5223.33,4352.77
2020-01-22,CEGH,5411.47,4509.56
2020-01-23,TTF,4925.74,4104.78
2020-01-23,Gaspool,5107.14,4255.95
2020-01-23,NCG,5083.18,4235.98
2020-01-23,CEGH,5288.55,4407.12
2020-01-24,TTF,4940.72,4117.27
2020-01-24,Gaspool,5085.62,4238.02
2020-01-24,NCG,5085.62,4238.02
2020-01-24,CEGH,5409.91,4508.26
2020-01-25,CEGH,5330.56,4442.13
2020-01-26,CEGH,5330.56,4442.13
2020-01-27,TTF,4912.86,4094.05
2020-01-27,Gaspool,5134.23,4278.52
2020-01-27,NCG,5089.95,4241.62
2020-01-27,CEGH,5345.37,4454.47
2020-01-28,TTF,4938.74,4115.62
2020-01-28,Gaspool,5152.02,4293.35
2020-01-28,NCG,5083.22,4236.02
2020-01-28,CEGH,5382.5,4485.42
2020-01-29,TTF,5079.45,4232.87
2020-01-29,Gaspool,5307.22,4422.68
2020-01-29,NCG,5252.01,4376.67
2020-01-29,CEGH,5365.89,4471.57
2020-01-30,TTF,4862.39,4051.99
2020-01-30,Gaspool,5094.61,4245.51
2020-01-30,NCG,5049.55,4207.96
2020-01-30,CEGH,5260.97,4384.14
2020-01-31,TTF,4773.22,3977.68
2020-01-31,Gaspool,5013.68,4178.07
2020-01-31,NCG,4971.86,4143.22
2020-01-31,CEGH,5107.77,4256.47
2020-02-01,CEGH,5115.91,4263.26
2020-02-02,CEGH,5115.91,4263.26
2020-02-03,TTF,4767.04,3972.53
2020-02-03,Gaspool,5051.2,4209.33
2020-02-03,NCG,4967.01,4139.17
2020-02-03,CEGH,5135.4,4279.5
2020-02-04,TTF,4666.48,3888.73
2020-02-04,Gaspool,4923.43,4102.86
2020-02-04,NCG,4853.03,4044.19
2020-02-04,CEGH,4986.79,4155.66
2020-02-05,TTF,4735.59,3946.32
2020-02-05,Gaspool,4996.78,4163.98
2020-02-05,NCG,4937.58,4114.65
2020-02-05,CEGH,5055.98,4213.32
2020-02-06,TTF,4660.24,3883.53
2020-02-06,Gaspool,4899.3,4082.75
2020-02-06,NCG,4833.47,4027.89
2020-02-06,CEGH,4913.16,4094.3
2020-02-07,TTF,4490.75,3742.29
2020-02-07,Gaspool,4751.45,3959.54
2020-02-07,NCG,4706.85,3922.37
2020-02-07,CEGH,4850.92,4042.43
2020-02-08,CEGH,4844.06,4036.72
2020-02-09,CEGH,4844.06,4036.72
2020-02-10,TTF,4437.99,3698.32
2020-02-10,Gaspool,4666.63,3888.86
2020-02-10,NCG,4615.44,3846.2
2020-02-10,CEGH,4844.09,4036.74
2020-02-11,TTF,4330.83,3609.02
2020-02-11,Gaspool,4572.65,3810.54
2020-02-11,NCG,4521.56,3767.97
2020-02-11,CEGH,4705.48,3921.23
2020-02-12,TTF,4352.29,3626.91
2020-02-12,Gaspool,4568.39,3806.99
2020-02-12,NCG,4554.88,3795.73
2020-02-12,CEGH,4635.92,3863.27
2020-02-13,TTF,4433.45,3694.54
2020-02-13,Gaspool,4636.83,3864.02
2020-02-13,NCG,4623.27,3852.72
2020-02-13,CEGH,4758.86,3965.72
2020-02-14,TTF,4411.93,3676.61
2020-02-14,Gaspool,4614.27,3845.22
2020-02-14,NCG,4556.94,3797.45
2020-02-14,CEGH,4755.91,3963.26
2020-02-15,CEGH,4712.07,3926.72
2020-02-16,CEGH,4712.07,3926.72
2020-02-17,TTF,4329.94,3608.28
2020-02-17,Gaspool,4524.86,3770.72
2020-02-17,NCG,4467.73,3723.11
2020-02-17,CEGH,4689.52,3907.93
2020-02-18,TTF,4410.74,3675.62
2020-02-18,Gaspool,4635.9,3863.25
2020-02-18,NCG,4568.69,3807.24
2020-02-18,CEGH,4824.1,4020.08
2020-02-19,TTF,4521.07,3767.56
2020-02-19,Gaspool,4785.9,3988.25
2020-02-19,NCG,4718.85,3932.37
2020-02-19,CEGH,4883.12,4069.27
2020-02-20,TTF,4571.47,3809.56
2020-02-20,Gaspool,4779.76,3983.13
2020-02-20,NCG,4756.25,3963.54
2020-02-20,CEGH,4957.82,4131.52
2020-02-21,TTF,4561.03,3800.86
2020-02-21,Gaspool,4775.54,3979.62
2020-02-21,NCG,4735.32,3946.1
2020-02-21,CEGH,4892.85,4077.37
2020-02-22,CEGH,4862.68,4052.23
2020-02-23,CEGH,4862.68,4052.23
2020-02-24,TTF,4501.84,3751.53
2020-02-24,Gaspool,4696.15,3913.46
2020-02-24,NCG,4632.5,3860.42
2020-02-24,CEGH,4880.41,4067.01
2020-02-25,TTF,4380.16,3650.13
2020-02-25,Gaspool,4628.99,3857.49
2020-02-25,NCG,4541.56,3784.63
2020-02-25,CEGH,4702.97,3919.14
2020-02-26,TTF,4421.81,3684.84
2020-02-26,Gaspool,4641.15,3867.62
2020-02-26,NCG,4610.78,3842.32
2020-02-26,CEGH,4772.75,3977.29
2020-02-27,TTF,4488.06,3740.05
2020-02-27,Gaspool,4630.84,3859.03
2020-02-27,NCG,4610.44,3842.03
2020-02-27,CEGH,4794.02,3995.02
2020-02-28,TTF,4448.97,3707.47
2020-02-28,Gaspool,4650.5,3875.42
2020-02-28,NCG,4582.19,3818.49
2020-02-28,CEGH,4735.9,3946.58
2020-02-29,TTF,4401.15,3667.62
2020-02-29,Gaspool,4565.11,3804.26
2020-02-29,NCG,4517.29,3764.41
2020-02-29,CEGH,4790.55,3992.12
2020-03-01,TTF,4395.67,3663.06
2020-03-01,Gaspool,4559.94,3799.95
2020-03-01,NCG,4512.03,3760.02
2020-03-01,CEGH,4785.81,3988.17
2020-03-02,TTF,4441.21,3701.01
2020-03-02,Gaspool,4646.91,3872.42
2020-03-02,NCG,4629.77,3858.14
2020-03-02,CEGH,4849.2,4041.0
2020-03-03,TTF,4593.44,3827.87
2020-03-03,Gaspool,4803.95,4003.29
2020-03-03,NCG,4839.03,4032.52
2020-03-03,CEGH,4961.82,4134.85
2020-03-04,TTF,4677.37,3897.81
2020-03-04,Gaspool,4913.09,4094.24
2020-03-04,NCG,4913.09,4094.24
2020-03-04,CEGH,5043.27,4202.72
2020-03-05,TTF,4609.45,3841.21
2020-03-05,Gaspool,4810.13,4008.44
2020-03-05,NCG,4813.65,4011.37
2020-03-05,CEGH,4922.8,4102.33
2020-03-06,TTF,4623.73,3853.11
2020-03-06,Gaspool,4796.18,3996.82
2020-03-06,NCG,4824.34,4020.28
2020-03-06,CEGH,4898.25,4081.87
2020-03-07,TTF,4440.73,3700.61
2020-03-07,Gaspool,4549.83,3791.52
2020-03-07,NCG,4592.06,3826.72
2020-03-07,CEGH,4785.62,3988.02
2020-03-08,TTF,4440.73,3700.61
2020-03-08,Gaspool,4549.83,3791.52
2020-03-08,NCG,4592.06,3826.72
2020-03-08,CEGH,4785.62,3988.02
2020-03-09,TTF,4472.4,3727.0
2020-03-09,Gaspool,4606.14,3838.45
2020-03-09,NCG,4620.21,3850.17
2020-03-09,CEGH,4789.14,3990.95
2020-03-10,TTF,4513.07,3760.89
2020-03-10,Gaspool,4670.94,3892.45
2020-03-10,NCG,4710.41,3925.34
2020-03-10,CEGH,4875.45,4062.87
2020-03-11,TTF,4721.88,3934.9
2020-03-11,Gaspool,4864.58,4053.82
2020-03-11,NCG,4842.62,4035.52
2020-03-11,CEGH,5076.79,4230.66
2020-03-12,TTF,4824.25,4020.21
2020-03-12,Gaspool,5001.45,4167.87
2020-03-12,NCG,4971.91,4143.26
2020-03-12,CEGH,5252.48,4377.07
2020-03-13,TTF,4812.74,4010.62
2020-03-13,Gaspool,5004.73,4170.61
2020-03-13,NCG,4986.27,4155.22
2020-03-13,CEGH,5100.73,4250.61
2020-03-14,TTF,4823.82,4019.85
2020-03-14,Gaspool,4978.89,4149.07
2020-03-14,NCG,4923.51,4102.92
2020-03-14,CEGH,5052.73,4210.61
2020-03-15,TTF,4823.82,4019.85
2020-03-15,Gaspool,4978.89,4149.07
2020-03-15,NCG,4923.51,4102.92
2020-03-15,CEGH,5052.73,4210.61
2020-03-16,TTF,4882.75,4068.96
2020-03-16,Gaspool,5026.43,4188.69
2020-03-16,NCG,5019.06,4182.55
2020-03-16,CEGH,5103.79,4253.16
2020-03-17,TTF,4724.68,3937.23
2020-03-17,Gaspool,4893.52,4077.93
2020-03-17,NCG,4743.44,3952.87
2020-03-17,CEGH,4908.53,4090.44
2020-03-18,TTF,4640.07,3866.72
2020-03-18,Gaspool,4783.63,3986.36
2020-03-18,NCG,4655.18,3879.32
2020-03-18,CEGH,4893.18,4077.65
2020-03-19,TTF,4621.86,3851.55
2020-03-19,Gaspool,4731.66,3943.05
2020-03-19,NCG,4705.16,3920.97
2020-03-19,CEGH,4871.75,4059.79
2020-03-20,TTF,4782.18,3985.15
2020-03-20,Gaspool,4961.92,4134.93
2020-03-20,NCG,4908.38,4090.32
2020-03-20,CEGH,5038.41,4198.67
2020-03-21,TTF,4594.79,3828.99
2020-03-21,Gaspool,4774.53,3978.77
2020-03-21,NCG,4835.72,4029.77
2020-03-21,CEGH,4969.57,4141.31
2020-03-22,TTF,4594.79,3828.99
2020-03-22,Gaspool,4774.53,3978.77
2020-03-22,NCG,4835.72,4029.77
2020-03-22,CEGH,4969.57,4141.31
2020-03-23,TTF,4566.62,3805.52
2020-03-23,Gaspool,4736.1,3946.75
2020-03-23,NCG,4781.29,3984.41
2020-03-23,CEGH,4913.11,4094.26
2020-03-24,TTF,4554.69,3795.57
2020-03-24,Gaspool,4758.4,3965.33
2020-03-24,NCG,4816.06,4013.38
2020-03-24,CEGH,4908.31,4090.26
2020-03-25,TTF,4573.25,3811.04
2020-03-25,Gaspool,4707.16,3922.63
2020-03-25,NCG,4749.24,3957.7
2020-03-25,CEGH,4798.98,3999.15
2020-03-26,TTF,4528.91,3774.09
2020-03-26,Gaspool,4686.61,3905.51
2020-03-26,NCG,4713.54,3927.95
2020-03-26,CEGH,4805.85,4004.87
2020-03-27,TTF,4543.4,3786.17
2020-03-27,Gaspool,4692.44,3910.37
2020-03-27,NCG,4712.06,3926.72
2020-03-27,CEGH,4825.8,4021.5
2020-03-28,TTF,4355.14,3629.28
2020-03-28,Gaspool,4504.18,3753.48
2020-03-28,NCG,4594.39,3828.66
2020-03-28,CEGH,4782.65,3985.54
2020-03-29,TTF,4355.14,3629.28
2020-03-29,Gaspool,4504.18,3753.48
2020-03-29,NCG,4594.39,3828.66
2020-03-29,CEGH,4782.65,3985.54
2020-03-30,TTF,4376.51,3647.09
2020-03-30,Gaspool,4576.79,3813.99
2020-03-30,NCG,4619.99,3849.99
2020-03-30,CEGH,4816.35,4013.62
2020-03-31,TTF,4304.21,3586.84
2020-03-31,Gaspool,4504.88,3754.07
2020-03-31,NCG,4567.83,3806.52
2020-03-31,CEGH,4642.59,3868.82
2020-04-01,TTF,4168.23,3473.52
2020-04-01,Gaspool,4483.52,3736.27
2020-04-01,NCG,4487.36,3739.47
2020-04-01,CEGH,4587.33,3822.77
2020-04-02,TTF,4120.32,3433.6
2020-04-02,Gaspool,4359.24,3632.7
2020-04-02,NCG,4363.09,3635.91
2020-04-02,CEGH,4540.35,3783.62
2020-04-03,TTF,4114.73,3428.94
2020-04-03,Gaspool,4332.63,3610.52
2020-04-03,NCG,4332.63,3610.52
2020-04-03,CEGH,4489.36,3741.13
2020-04-04,TTF,4080.33,3400.27
2020-04-04,Gaspool,4217.95,3514.96
2020-04-04,NCG,4328.8,3607.33
2020-04-04,CEGH,4527.59,3772.99
2020-04-05,TTF,4080.33,3400.27
2020-04-05,Gaspool,4217.95,3514.96
2020-04-05,NCG,4328.8,3607.33
2020-04-05,CEGH,4527.59,3772.99
2020-04-06,TTF,4004.58,3337.15
2020-04-06,Gaspool,4057.17,3380.97
2020-04-06,NCG,4226.21,3521.84
2020-04-06,CEGH,4474.14,3728.45
2020-04-07,TTF,4059.23,3382.69
2020-04-07,Gaspool,4122.71,3435.59
2020-04-07,NCG,4245.93,3538.27
2020-04-07,CEGH,4525.97,3771.64
2020-04-08,TTF,4138.09,3448.41
2020-04-08,Gaspool,4314.69,3595.57
2020-04-08,NCG,4164.39,3470.32
2020-04-08,CEGH,4573.95,3811.62
2020-04-09,TTF,4065.06,3387.55
2020-04-09,Gaspool,4249.23,3541.02
2020-04-09,NCG,4256.74,3547.28
2020-04-09,CEGH,4557.43,3797.86
2020-04-10,TTF,3990.78,3325.65
2020-04-10,Gaspool,4197.93,3498.27
2020-04-10,NCG,4167.8,3473.17
2020-04-10,CEGH,4567.04,3805.87
2020-04-11,TTF,3990.78,3325.65
2020-04-11,Gaspool,4197.93,3498.27
2020-04-11,NCG,4167.8,3473.17
2020-04-11,CEGH,4567.04,3805.87
2020-04-12,TTF,3990.78,3325.65
2020-04-12,Gaspool,4197.93,3498.27
2020-04-12,NCG,4167.8,3473.17
2020-04-12,CEGH,4567.04,3805.87
2020-04-13,TTF,3980.46,3317.05
2020-04-13,Gaspool,4187.07,3489.22
2020-04-13,NCG,4157.02,3464.18
2020-04-13,CEGH,4555.22,3796.02
2020-04-14,TTF,3991.03,3325.86
2020-04-14,Gaspool,4216.25,3513.54
2020-04-14,NCG,4227.51,3522.92
2020-04-14,CEGH,4591.61,3826.34
2020-04-15,TTF,4031.92,3359.93
2020-04-15,Gaspool,4224.46,3520.38
2020-04-15,NCG,4281.09,3567.57
2020-04-15,CEGH,4492.51,3743.76
2020-04-16,TTF,3952.36,3293.63
2020-04-16,Gaspool,4069.11,3390.92
2020-04-16,NCG,4174.56,3478.8
2020-04-16,CEGH,4460.78,3717.32
2020-04-17,TTF,4053.73,3378.11
2020-04-17,Gaspool,4110.22,3425.18
2020-04-17,NCG,4185.54,3487.95
2020-04-17,CEGH,4498.11,3748.42
2020-04-18,TTF,3857.9,3214.92
2020-04-18,Gaspool,4012.31,3343.59
2020-04-18,NCG,3982.18,3318.48
2020-04-18,CEGH,4558.36,3798.63
2020-04-19,TTF,3857.9,3214.92
2020-04-19,Gaspool,4012.31,3343.59
2020-04-19,NCG,3982.18,3318.48
2020-04-19,CEGH,4558.36,3798.63
2020-04-20,TTF,3876.73,3230.61
2020-04-20,Gaspool,4004.77,3337.31
2020-04-20,NCG,4016.07,3346.72
2020-04-20,CEGH,4562.13,3801.77
2020-04-21,TTF,3719.46,3099.55
2020-04-21,Gaspool,3906.45,3255.37
2020-04-21,NCG,3913.93,3261.61
2020-04-21,CEGH,4463.66,3719.72
2020-04-22,TTF,3562.04,2968.37
2020-04-22,Gaspool,3793.35,3161.12
2020-04-22,NCG,3785.89,3154.91
2020-04-22,CEGH,4308.2,3590.17
2020-04-23,TTF,3632.12,3026.77
2020-04-23,Gaspool,3830.26,3191.88
2020-04-23,NCG,3871.38,3226.15
2020-04-23,CEGH,4308.78,3590.65
2020-04-24,TTF,3514.5,2928.75
2020-04-24,Gaspool,3629.29,3024.41
2020-04-24,NCG,3629.29,3024.41
2020-04-24,CEGH,4221.75,3518.12
2020-04-25,TTF,3414.52,2845.43
2020-04-25,Gaspool,3547.83,2956.52
2020-04-25,NCG,3592.26,2993.55
2020-04-25,CEGH,4129.18,3440.98
2020-04-26,TTF,3414.52,2845.43
2020-04-26,Gaspool,3547.83,2956.52
2020-04-26,NCG,3592.26,2993.55
2020-04-26,CEGH,4129.18,3440.98
2020-04-27,TTF,3444.05,2870.04
2020-04-27,Gaspool,3596.87,2997.39
2020-04-27,NCG,3678.87,3065.72
2020-04-27,CEGH,4159.7,3466.42
2020-04-28,TTF,3598.98,2999.15
2020-04-28,Gaspool,3733.57,3111.31
2020-04-28,NCG,3804.6,3170.5
2020-04-28,CEGH,4238.26,3531.88
2020-04-29,TTF,3636.88,3030.73
2020-04-29,Gaspool,3741.59,3117.99
2020-04-29,NCG,3838.82,3199.02
2020-04-29,CEGH,4257.66,3548.05
2020-04-30,TTF,3484.84,2904.03
2020-04-30,Gaspool,3678.08,3065.07
2020-04-30,NCG,3718.96,3099.13
2020-04-30,CEGH,4250.37,3541.97
2020-05-01,TTF,3422.28,2851.9
2020-05-01,Gaspool,3615.52,3012.93
2020-05-01,NCG,3641.53,3034.61
2020-05-01,CEGH,4083.75,3403.12
2020-05-02,TTF,3262.49,2718.74
2020-05-02,Gaspool,3463.16,2885.97
2020-05-02,NCG,3504.04,2920.03
2020-05-02,CEGH,3949.97,3291.64
2020-05-03,TTF,3262.49,2718.74
2020-05-03,Gaspool,3463.16,2885.97
2020-05-03,NCG,3504.04,2920.03
2020-05-03,CEGH,3949.97,3291.64
2020-05-04,TTF,3267.71,2723.09
2020-05-04,Gaspool,3502.24,2918.53
2020-05-04,NCG,3520.85,2934.04
2020-05-04,CEGH,4045.75,3371.46
2020-05-05,TTF,3413.72,2844.77
2020-05-05,Gaspool,3631.21,3026.01
2020-05-05,NCG,3646.21,3038.51
2020-05-05,CEGH,4069.94,3391.62
2020-05-06,TTF,3343.41,2786.17
2020-05-06,Gaspool,3544.27,2953.56
2020-05-06,NCG,3633.54,3027.95
2020-05-06,CEGH,4027.8,3356.5
2020-05-07,TTF,3351.14,2792.62
2020-05-07,Gaspool,3550.85,2959.04
2020-05-07,NCG,3602.62,3002.18
2020-05-07,CEGH,4005.73,3338.11
2020-05-08,TTF,3245.3,2704.42
2020-05-08,Gaspool,3406.96,2839.13
2020-05-08,NCG,3487.79,2906.49
2020-05-08,CEGH,3855.2,3212.67
2020-05-09,TTF,3245.3,2704.42
2020-05-09,Gaspool,3406.96,2839.13
2020-05-09,NCG,3487.79,2906.49
2020-05-09,CEGH,3855.2,3212.67
2020-05-10,TTF,3245.3,2704.42
2020-05-10,Gaspool,3406.96,2839.13
2020-05-10,NCG,3487.79,2906.49
2020-05-10,CEGH,3855.2,3212.67
2020-05-11,TTF,3282.05,2735.04
2020-05-11,Gaspool,3473.1,2894.25
2020-05-11,NCG,3509.84,2924.87
2020-05-11,CEGH,3888.27,3240.22
2020-05-12,TTF,3475.32,2896.1
2020-05-12,Gaspool,3660.2,3050.17
2020-05-12,NCG,3715.66,3096.38
2020-05-12,CEGH,3974.5,3312.08
2020-05-13,TTF,3314.8,2762.33
2020-05-13,Gaspool,3536.57,2947.14
2020-05-13,NCG,3543.96,2953.3
2020-05-13,CEGH,3850.73,3208.94
2020-05-14,TTF,3204.74,2670.62
2020-05-14,Gaspool,3444.53,2870.44
2020-05-14,NCG,3437.15,2864.29
2020-05-14,CEGH,3702.76,3085.63
2020-05-15,TTF,3161.58,2634.65
2020-05-15,Gaspool,3370.1,2808.42
2020-05-15,NCG,3373.76,2811.47
2020-05-15,CEGH,3677.39,3064.49
2020-05-16,TTF,3015.25,2512.71
2020-05-16,Gaspool,3234.75,2695.62
2020-05-16,NCG,3238.4,2698.67
2020-05-16,CEGH,3600.57,3000.47
2020-05-17,TTF,3015.25,2512.71
2020-05-17,Gaspool,3234.75,2695.62
2020-05-17,NCG,3238.4,2698.67
2020-05-17,CEGH,3600.57,3000.47
2020-05-18,TTF,3056.9,2547.42
2020-05-18,Gaspool,3225.07,2687.56
2020-05-18,NCG,3254.32,2711.93
2020-05-18,CEGH,3638.18,3031.82
2020-05-19,TTF,3000.06,2500.05
2020-05-19,Gaspool,3172.02,2643.35
2020-05-19,NCG,3201.29,2667.74
2020-05-19,CEGH,3479.36,2899.47
2020-05-20,TTF,2911.1,2425.92
2020-05-20,Gaspool,3054.93,2545.77
2020-05-20,NCG,3058.62,2548.85
2020-05-20,CEGH,3427.43,2856.19
2020-05-21,TTF,2807.85,2339.87
2020-05-21,Gaspool,2974.49,2478.74
2020-05-21,NCG,2952.28,2460.23
2020-05-21,CEGH,3344.81,2787.34
2020-05-22,TTF,2489.67,2074.72
2020-05-22,Gaspool,2695.58,2246.32
2020-05-22,NCG,2703.07,2252.56
2020-05-22,CEGH,3017.57,2514.64
2020-05-23,TTF,2759.23,2299.36
2020-05-23,Gaspool,2871.55,2392.96
2020-05-23,NCG,2931.45,2442.87
2020-05-23,CEGH,3474.33,2895.27
2020-05-24,TTF,2759.23,2299.36
2020-05-24,Gaspool,2871.55,2392.96
2020-05-24,NCG,2931.45,2442.87
2020-05-24,CEGH,3474.33,2895.27
2020-05-25,TTF,2733.92,2278.27
2020-05-25,Gaspool,2845.12,2370.93
2020-05-25,NCG,2904.43,2420.36
2020-05-25,CEGH,3441.89,2868.24
2020-05-26,TTF,2810.99,2342.49
2020-05-26,TTF,2930.2,2441.83
2020-05-26,TTF,2810.99,2342.49
2020-05-26,Gaspool,2930.2,2441.83
2020-05-26,NCG,2974.91,2479.09
2020-05-26,CEGH,3448.04,2873.37
2020-05-27,TTF,2884.41,2403.67
2020-05-27,Gaspool,3075.66,2563.05
2020-05-27,NCG,3079.41,2566.17
2020-05-27,CEGH,3450.65,2875.54
2020-05-28,TTF,2715.0,2262.5
2020-05-28,Gaspool,2858.5,2382.08
2020-05-28,NCG,2903.81,2419.84
2020-05-28,CEGH,3304.09,2753.41
2020-05-29,TTF,2657.59,2214.66
2020-05-29,Gaspool,2826.99,2355.82
2020-05-29,NCG,2879.7,2399.75
2020-05-29,CEGH,3233.56,2694.63
2020-05-30,TTF,2646.29,2205.24
2020-05-30,Gaspool,2815.7,2346.42
2020-05-30,NCG,2853.34,2377.78
2020-05-30,CEGH,3463.2,2886.0
2020-05-31,TTF,2646.29,2205.24
2020-05-31,Gaspool,2815.7,2346.42
2020-05-31,NCG,2853.34,2377.78
2020-05-31,CEGH,3463.2,2886.0
2020-06-01,TTF,2702.15,2251.79
2020-06-01,Gaspool,2732.57,2277.14
2020-06-01,NCG,2778.21,2315.17
2020-06-01,CEGH,3249.81,2708.17
2020-06-02,TTF,2714.25,2261.87
2020-06-02,Gaspool,2744.55,2287.12
2020-06-02,NCG,2774.85,2312.37
2020-06-02,CEGH,3161.18,2634.32
2020-06-03,TTF,3073.4,2561.17
2020-06-03,Gaspool,3157.04,2630.87
2020-06-03,NCG,3100.01,2583.34
2020-06-03,CEGH,3472.61,2893.84
2020-06-04,TTF,3221.78,2684.82
2020-06-04,Gaspool,3240.82,2700.68
2020-06-04,NCG,3214.17,2678.47
2020-06-04,CEGH,3613.95,3011.62
2020-06-05,TTF,3125.84,2604.87
2020-06-05,Gaspool,3179.21,2649.34
2020-06-05,NCG,3095.35,2579.46
2020-06-05,CEGH,3575.67,2979.72
2020-06-06,TTF,3236.39,2696.99
2020-06-06,Gaspool,3407.94,2839.95
2020-06-06,NCG,3224.96,2687.47
2020-06-06,CEGH,3632.85,3027.37
2020-06-07,TTF,3236.39,2696.99
2020-06-07,Gaspool,3407.94,2839.95
2020-06-07,NCG,3224.96,2687.47
2020-06-07,CEGH,3632.85,3027.37
2020-06-08,TTF,3285.95,2738.29
2020-06-08,Gaspool,3430.81,2859.01
2020-06-08,NCG,3362.19,2801.82
2020-06-08,CEGH,3636.66,3030.55
2020-06-09,TTF,3246.88,2705.73
2020-06-09,Gaspool,3403.95,2836.62
2020-06-09,NCG,3438.43,2865.36
2020-06-09,CEGH,3633.82,3028.18
2020-06-10,TTF,3191.43,2659.52
2020-06-10,Gaspool,3172.32,2643.6
2020-06-10,NCG,3199.08,2665.9
2020-06-10,CEGH,3527.9,2939.92
2020-06-11,TTF,3157.13,2630.94
2020-06-11,Gaspool,3176.38,2646.98
2020-06-11,NCG,3164.83,2637.36
2020-06-11,CEGH,3526.61,2938.84
2020-06-12,TTF,3218.67,2682.22
2020-06-12,Gaspool,3203.33,2669.44
2020-06-12,NCG,3207.16,2672.63
2020-06-12,CEGH,3571.42,2976.18
2020-06-13,TTF,3214.83,2679.02
2020-06-13,Gaspool,3303.02,2752.52
2020-06-13,NCG,3187.99,2656.66
2020-06-13,CEGH,3571.42,2976.18
2020-06-14,TTF,3214.83,2679.02
2020-06-14,Gaspool,3303.02,2752.52
2020-06-14,NCG,3187.99,2656.66
2020-06-14,CEGH,3571.42,2976.18
2020-06-15,TTF,3281.27,2734.39
2020-06-15,Gaspool,3335.02,2779.18
2020-06-15,NCG,3285.11,2737.59
2020-06-15,CEGH,3638.33,3031.94
2020-06-16,TTF,3442.86,2869.05
2020-06-16,Gaspool,3396.79,2830.66
2020-06-16,NCG,3473.57,2894.64
2020-06-16,CEGH,3703.88,3086.57
2020-06-17,TTF,3357.13,2797.61
2020-06-17,Gaspool,3349.44,2791.2
2020-06-17,NCG,3349.44,2791.2
2020-06-17,CEGH,3641.49,3034.57
2020-06-18,TTF,3297.65,2748.04
2020-06-18,Gaspool,3278.55,2732.12
2020-06-18,NCG,3316.76,2763.97
2020-06-18,CEGH,3633.91,3028.26
2020-06-19,TTF,3346.16,2788.47
2020-06-19,Gaspool,3369.08,2807.57
2020-06-19,NCG,3349.98,2791.65
2020-06-19,CEGH,3743.42,3119.52
2020-06-20,TTF,3399.64,2833.03
2020-06-20,Gaspool,3472.21,2893.51
2020-06-20,NCG,3372.9,2810.75
2020-06-20,CEGH,3796.89,3164.07
2020-06-21,TTF,3399.64,2833.03
2020-06-21,Gaspool,3472.21,2893.51
2020-06-21,NCG,3372.9,2810.75
2020-06-21,CEGH,3796.89,3164.07
2020-06-22,TTF,3446.03,2871.69
2020-06-22,Gaspool,3472.72,2893.93
2020-06-22,NCG,3430.79,2858.99
2020-06-22,CEGH,3758.6,3132.17
2020-06-23,TTF,3381.66,2818.05
2020-06-23,Gaspool,3393.06,2827.55
2020-06-23,NCG,3377.86,2814.88
2020-06-23,CEGH,3681.79,3068.16
2020-06-24,TTF,3577.46,2981.22
2020-06-24,Gaspool,3588.95,2990.79
2020-06-24,NCG,3523.87,2936.56
2020-06-24,CEGH,3860.73,3217.27
2020-06-25,TTF,3525.82,2938.18
2020-06-25,Gaspool,3506.71,2922.26
2020-06-25,NCG,3506.71,2922.26
2020-06-25,CEGH,3800.93,3167.44
2020-06-26,TTF,3277.28,2731.07
2020-06-26,Gaspool,3243.07,2702.56
2020-06-26,NCG,3246.87,2705.72
2020-06-26,CEGH,3581.38,2984.48
2020-06-27,TTF,3186.05,2655.04
2020-06-27,Gaspool,3148.03,2623.36
2020-06-27,NCG,3121.43,2601.19
2020-06-27,CEGH,3512.95,2927.46
2020-06-28,TTF,3186.05,2655.04
2020-06-28,Gaspool,3148.03,2623.36
2020-06-28,NCG,3121.43,2601.19
2020-06-28,CEGH,3512.95,2927.46
2020-06-29,TTF,3243.07,2702.56
2020-06-29,Gaspool,3205.05,2670.87
2020-06-29,NCG,3205.05,2670.87
2020-06-29,CEGH,3524.36,2936.97
2020-06-30,TTF,3566.53,2972.11
2020-06-30,Gaspool,3536.08,2946.73
2020-06-30,NCG,3551.3,2959.42
2020-06-30,CEGH,3886.23,3238.52
2020-07-01,TTF,3503.99,2919.99
2020-07-01,Gaspool,3602.68,3002.23
2020-07-01,NCG,3496.4,2913.67
2020-07-01,CEGH,3902.53,3252.11
2020-07-02,TTF,3480.94,2900.78
2020-07-02,Gaspool,3587.68,2989.73
2020-07-02,NCG,3557.18,2964.32
2020-07-02,CEGH,3827.84,3189.87
2020-07-03,TTF,3419.91,2849.92
2020-07-03,Gaspool,3497.83,2914.86
2020-07-03,NCG,3427.7,2856.42
2020-07-03,CEGH,3957.58,3297.98
2020-07-04,TTF,3264.06,2720.05
2020-07-04,Gaspool,3462.77,2885.64
2020-07-04,NCG,3392.64,2827.2
2020-07-04,CEGH,4000.44,3333.7
2020-07-05,TTF,3264.06,2720.05
2020-07-05,Gaspool,3462.77,2885.64
2020-07-05,NCG,3392.64,2827.2
2020-07-05,CEGH,4000.44,3333.7
2020-07-06,TTF,3334.19,2778.49
2020-07-06,Gaspool,3493.14,2910.95
2020-07-06,NCG,3392.34,2826.95
2020-07-06,CEGH,3950.6,3292.17
2020-07-07,TTF,3488.55,2907.12
2020-07-07,Gaspool,3617.38,3014.48
2020-07-07,NCG,3543.2,2952.67
2020-07-07,CEGH,3980.48,3317.07
2020-07-08,TTF,3519.3,2932.75
2020-07-08,Gaspool,3677.74,3064.78
2020-07-08,NCG,3654.55,3045.46
2020-07-08,CEGH,4129.87,3441.56
2020-07-09,TTF,3448.22,2873.52
2020-07-09,Gaspool,3591.3,2992.75
2020-07-09,NCG,3529.43,2941.19
2020-07-09,CEGH,4051.47,3376.22
2020-07-10,TTF,3261.44,2717.87
2020-07-10,Gaspool,3436.07,2863.39
2020-07-10,NCG,3335.17,2779.31
2020-07-10,CEGH,3917.25,3264.37
2020-07-11,TTF,3203.24,2669.37
2020-07-11,Gaspool,3335.17,2779.31
2020-07-11,NCG,3288.61,2740.51
2020-07-11,CEGH,3862.92,3219.1
2020-07-12,TTF,3203.24,2669.37
2020-07-12,Gaspool,3335.17,2779.31
2020-07-12,NCG,3288.61,2740.51
2020-07-12,CEGH,3862.92,3219.1
2020-07-13,TTF,3193.86,2661.55
2020-07-13,Gaspool,3352.24,2793.53
2020-07-13,NCG,3302.02,2751.68
2020-07-13,CEGH,3877.62,3231.35
2020-07-14,TTF,3094.47,2578.72
2020-07-14,Gaspool,3164.67,2637.22
2020-07-14,NCG,3215.36,2679.47
2020-07-14,CEGH,3812.02,3176.68
2020-07-15,TTF,3049.69,2541.41
2020-07-15,Gaspool,3245.87,2704.89
2020-07-15,NCG,3273.33,2727.77
2020-07-15,CEGH,3877.56,3231.3
2020-07-16,TTF,3268.86,2724.05
2020-07-16,Gaspool,3434.48,2862.07
2020-07-16,NCG,3509.4,2924.5
2020-07-16,CEGH,4033.88,3361.57
2020-07-17,TTF,3165.04,2637.53
2020-07-17,Gaspool,3311.41,2759.51
2020-07-17,NCG,3283.72,2736.43
2020-07-17,CEGH,3968.08,3306.73
2020-07-18,TTF,3323.28,2769.4
2020-07-18,Gaspool,3319.32,2766.1
2020-07-18,NCG,3390.53,2825.44
2020-07-18,CEGH,3912.7,3260.58
2020-07-19,TTF,3323.28,2769.4
2020-07-19,Gaspool,3319.32,2766.1
2020-07-19,NCG,3390.53,2825.44
2020-07-19,CEGH,3912.7,3260.58
2020-07-20,TTF,3364.38,2803.65
2020-07-20,Gaspool,3451.76,2876.47
2020-07-20,NCG,3463.67,2886.39
2020-07-20,CEGH,3948.25,3290.21
2020-07-21,TTF,3227.41,2689.51
2020-07-21,Gaspool,3291.65,2743.04
2020-07-21,NCG,3387.99,2823.32
2020-07-21,CEGH,3933.97,3278.31
2020-07-22,TTF,3308.09,2756.74
2020-07-22,Gaspool,3444.93,2870.77
2020-07-22,NCG,3420.78,2850.65
2020-07-22,CEGH,3964.14,3303.45
2020-07-23,TTF,3404.38,2836.98
2020-07-23,Gaspool,3486.2,2905.17
2020-07-23,NCG,3465.74,2888.12
2020-07-23,CEGH,3985.26,3321.05
2020-07-24,TTF,3434.39,2861.99
2020-07-24,Gaspool,3508.13,2923.44
2020-07-24,NCG,3463.07,2885.89
2020-07-24,CEGH,4093.95,3411.62
2020-07-25,TTF,3397.52,2831.27
2020-07-25,Gaspool,3454.87,2879.06
2020-07-25,NCG,3426.2,2855.17
2020-07-25,CEGH,3958.76,3298.97
2020-07-26,TTF,3397.52,2831.27
2020-07-26,Gaspool,3454.87,2879.06
2020-07-26,NCG,3426.2,2855.17
2020-07-26,CEGH,3958.76,3298.97
2020-07-27,TTF,3395.33,2829.44
2020-07-27,Gaspool,3505.9,2921.58
2020-07-27,NCG,3505.9,2921.58
2020-07-27,CEGH,3993.22,3327.68
2020-07-28,TTF,3279.39,2732.82
2020-07-28,Gaspool,3391.27,2826.06
2020-07-28,NCG,3349.83,2791.52
2020-07-28,CEGH,3958.92,3299.1
2020-07-29,TTF,3363.66,2803.05
2020-07-29,Gaspool,3503.88,2919.9
2020-07-29,NCG,3466.76,2888.97
2020-07-29,CEGH,4019.41,3349.51
2020-07-30,TTF,3493.1,2910.92
2020-07-30,Gaspool,3682.91,3069.09
2020-07-30,NCG,3608.63,3007.19
2020-07-30,CEGH,4136.79,3447.32
2020-07-31,TTF,3513.33,2927.77
2020-07-31,Gaspool,3649.82,3041.52
2020-07-31,NCG,3571.23,2976.02
2020-07-31,CEGH,4133.74,3444.78
2020-08-01,TTF,3605.28,3004.4
2020-08-01,Gaspool,3700.41,3083.67
2020-08-01,NCG,3683.87,3069.89
2020-08-01,CEGH,4122.29,3435.24
2020-08-02,TTF,3605.28,3004.4
2020-08-02,Gaspool,3700.41,3083.67
2020-08-02,NCG,3683.87,3069.89
2020-08-02,CEGH,4122.29,3435.24
2020-08-03,TTF,3646.2,3038.5
2020-08-03,Gaspool,3771.17,3142.64
2020-08-03,NCG,3704.52,3087.1
2020-08-03,CEGH,4433.54,3694.62
2020-08-04,TTF,4094.25,3411.87
2020-08-04,Gaspool,4048.8,3374.0
2020-08-04,NCG,4044.66,3370.55
2020-08-04,CEGH,4838.06,4031.72
2020-08-05,TTF,4285.87,3571.56
2020-08-05,Gaspool,4285.87,3571.56
2020-08-05,NCG,4252.6,3543.83
2020-08-05,CEGH,5030.24,4191.87
2020-08-06,TTF,4240.09,3533.41
2020-08-06,Gaspool,4290.26,3575.22
2020-08-06,NCG,4227.54,3522.95
2020-08-06,CEGH,5030.31,4191.92
2020-08-07,TTF,4439.76,3699.8
2020-08-07,Gaspool,4506.45,3755.37
2020-08-07,NCG,4460.6,3717.17
2020-08-07,CEGH,5285.84,4404.87
2020-08-08,TTF,4406.42,3672.02
2020-08-08,Gaspool,4523.12,3769.27
2020-08-08,NCG,4493.94,3744.95
2020-08-08,CEGH,5127.46,4272.88
2020-08-09,TTF,4406.42,3672.02
2020-08-09,Gaspool,4523.12,3769.27
2020-08-09,NCG,4493.94,3744.95
2020-08-09,CEGH,5127.46,4272.88
2020-08-10,TTF,4400.14,3666.78
2020-08-10,Gaspool,4512.28,3760.23
2020-08-10,NCG,4487.36,3739.47
2020-08-10,CEGH,5172.7,4310.58
2020-08-11,TTF,4305.68,3588.07
2020-08-11,Gaspool,4338.69,3615.57
2020-08-11,NCG,4252.05,3543.37
2020-08-11,CEGH,4870.9,4059.08
2020-08-12,TTF,4201.25,3501.04
2020-08-12,Gaspool,4279.86,3566.55
2020-08-12,NCG,4159.88,3466.57
2020-08-12,CEGH,4950.09,4125.07
2020-08-13,TTF,4045.25,3371.04
2020-08-13,Gaspool,4111.12,3425.93
2020-08-13,NCG,4012.31,3343.59
2020-08-13,CEGH,4864.51,4053.76
2020-08-14,TTF,4154.06,3461.72
2020-08-14,Gaspool,4252.93,3544.11
2020-08-14,NCG,4145.82,3454.85
2020-08-14,CEGH,4932.69,4110.57
2020-08-15,TTF,4409.48,3674.57
2020-08-15,Gaspool,4458.92,3715.77
2020-08-15,NCG,4405.36,3671.13
2020-08-15,CEGH,5097.48,4247.9
2020-08-16,TTF,4409.48,3674.57
2020-08-16,Gaspool,4458.92,3715.77
2020-08-16,NCG,4405.36,3671.13
2020-08-16,CEGH,5097.48,4247.9
2020-08-17,TTF,4398.85,3665.71
2020-08-17,Gaspool,4489.17,3740.97
2020-08-17,NCG,4415.27,3679.39
2020-08-17,CEGH,5228.2,4356.83
2020-08-18,TTF,4526.35,3771.96
2020-08-18,Gaspool,4588.06,3823.38
2020-08-18,NCG,4497.55,3747.96
2020-08-18,CEGH,5254.54,4378.78
2020-08-19,TTF,4794.04,3995.03
2020-08-19,Gaspool,4822.95,4019.12
2020-08-19,NCG,4744.49,3953.74
2020-08-19,CEGH,5442.42,4535.35
2020-08-20,TTF,4768.38,3973.65
2020-08-20,Gaspool,4776.67,3980.56
2020-08-20,NCG,4722.81,3935.67
2020-08-20,CEGH,5319.45,4432.87
2020-08-21,TTF,4518.45,3765.37
2020-08-21,Gaspool,4535.0,3779.17
2020-08-21,CEGH,5143.11,4285.92
2020-08-22,TTF,4079.94,3399.95
2020-08-22,Gaspool,4104.77,3420.64
2020-08-22,NCG,4038.58,3365.48
2020-08-22,CEGH,4981.77,4151.47
2020-08-23,TTF,4079.94,3399.95
2020-08-23,Gaspool,4104.77,3420.64
2020-08-23,NCG,4038.58,3365.48
2020-08-23,CEGH,4981.77,4151.47
2020-08-24,TTF,4191.64,3493.03
2020-08-24,Gaspool,4212.32,3510.27
2020-08-24,NCG,4137.86,3448.22
2020-08-24,CEGH,5027.28,4189.4
2020-08-25,TTF,4732.65,3943.87
2020-08-25,Gaspool,4790.41,3992.01
2020-08-25,NCG,4683.15,3902.62
2020-08-25,CEGH,5244.19,4370.16
2020-08-26,TTF,4943.86,4119.88
2020-08-26,Gaspool,4865.61,4054.67
2020-08-26,NCG,4840.9,4034.08
2020-08-26,CEGH,5508.1,4590.08
2020-08-27,TTF,5072.54,4227.12
2020-08-27,Gaspool,5088.95,4240.79
2020-08-27,NCG,4978.19,4148.49
2020-08-27,CEGH,5585.33,4654.44
2020-08-28,TTF,5029.27,4191.06
2020-08-28,Gaspool,5066.35,4221.96
2020-08-28,NCG,4889.15,4074.29
2020-08-28,CEGH,5470.21,4558.51
2020-08-29,TTF,5391.91,4493.26
2020-08-29,Gaspool,5317.73,4431.44
2020-08-29,NCG,5181.74,4318.12
2020-08-29,CEGH,5602.08,4668.4
2020-08-30,TTF,5391.91,4493.26
2020-08-30,Gaspool,5317.73,4431.44
2020-08-30,NCG,5181.74,4318.12
2020-08-30,CEGH,5602.08,4668.4
2020-08-31,TTF,5440.75,4533.96
2020-08-31,Gaspool,5365.87,4471.56
2020-08-31,NCG,5228.6,4357.17
2020-08-31,CEGH,5652.89,4710.74
2020-09-01,TTF,5602.99,4669.16
2020-09-01,Gaspool,5632.25,4693.54
2020-09-01,NCG,5368.89,4474.07
2020-09-01,CEGH,5669.87,4724.89
2020-09-02,TTF,6010.51,5008.76
2020-09-02,Gaspool,6136.59,5113.82
2020-09-02,NCG,5918.05,4931.71
2020-09-02,CEGH,6296.3,5246.92
2020-09-03,TTF,5850.71,4875.59
2020-09-03,Gaspool,6088.3,5073.58
2020-09-03,NCG,5796.52,4830.43
2020-09-03,CEGH,6134.15,5111.79
2020-09-04,TTF,6134.86,5112.38
2020-09-04,Gaspool,6259.65,5216.37
2020-09-04,NCG,5985.12,4987.6
2020-09-04,CEGH,6363.64,5303.03
2020-09-05,TTF,6326.2,5271.83
2020-09-05,Gaspool,6322.04,5268.37
2020-09-05,NCG,6051.67,5043.06
2020-09-05,CEGH,6347.0,5289.17
2020-09-06,TTF,6326.2,5271.83
2020-09-06,Gaspool,6322.04,5268.37
2020-09-06,NCG,6051.67,5043.06
2020-09-06,CEGH,6347.0,5289.17
2020-09-07,TTF,6362.71,5302.26
2020-09-07,Gaspool,6408.64,5340.53
2020-09-07,NCG,6158.1,5131.75
2020-09-07,CEGH,6588.2,5490.17
2020-09-08,TTF,6132.75,5110.62
2020-09-08,Gaspool,6182.79,5152.32
2020-09-08,NCG,5874.24,4895.2
2020-09-08,CEGH,6307.87,5256.56
2020-09-09,TTF,5985.18,4987.65
2020-09-09,Gaspool,5889.32,4907.77
2020-09-09,NCG,5689.26,4741.05
2020-09-09,CEGH,6197.75,5164.79
2020-09-10,TTF,5996.81,4997.34
2020-09-10,Gaspool,5984.31,4986.92
2020-09-10,NCG,5755.28,4796.07
2020-09-10,CEGH,6171.7,5143.08
2020-09-11,TTF,5898.05,4915.04
2020-09-11,Gaspool,5843.59,4869.66
2020-09-11,NCG,5613.16,4677.63
2020-09-11,CEGH,6048.88,5040.73
2020-09-12,TTF,5730.47,4775.39
2020-09-12,Gaspool,5625.72,4688.1
2020-09-12,NCG,5374.34,4478.62
2020-09-12,CEGH,5939.95,4949.96
2020-09-13,TTF,5730.47,4775.39
2020-09-13,Gaspool,5625.72,4688.1
2020-09-13,NCG,5374.34,4478.62
2020-09-13,CEGH,5939.95,4949.96
2020-09-14,TTF,5898.75,4915.62
2020-09-14,Gaspool,5709.65,4758.04
2020-09-14,NCG,5705.45,4754.54
2020-09-14,CEGH,5881.94,4901.62
2020-09-15,TTF,5943.13,4952.61
2020-09-15,Gaspool,5875.52,4896.27
2020-09-15,NCG,5622.02,4685.02
2020-09-15,CEGH,6099.46,5082.88
2020-09-16,TTF,5981.34,4984.45
2020-09-16,Gaspool,6027.95,5023.29
2020-09-16,NCG,5680.49,4733.74
2020-09-16,CEGH,6116.94,5097.45
2020-09-17,TTF,6265.18,5220.98
2020-09-17,Gaspool,6239.73,5199.77
2020-09-17,NCG,5980.91,4984.09
2020-09-17,CEGH,6405.2,5337.67
2020-09-18,TTF,6171.83,5143.19
2020-09-18,Gaspool,6121.24,5101.03
2020-09-18,NCG,6007.41,5006.17
2020-09-18,CEGH,6192.91,5160.76
2020-09-19,TTF,6104.38,5086.98
2020-09-19,Gaspool,6201.34,5167.78
2020-09-19,NCG,5847.21,4872.67
2020-09-19,CEGH,6129.67,5108.06
2020-09-20,TTF,6104.38,5086.98
2020-09-20,Gaspool,6201.34,5167.78
2020-09-20,NCG,5847.21,4872.67
2020-09-20,CEGH,6129.67,5108.06
2020-09-21,TTF,6181.76,5151.47
2020-09-21,Gaspool,6308.88,5257.4
2020-09-21,NCG,5876.65,4897.21
2020-09-21,CEGH,6139.38,5116.15
2020-09-22,TTF,6303.67,5253.06
2020-09-22,Gaspool,6286.79,5238.99
2020-09-22,NCG,6054.75,5045.62
2020-09-22,CEGH,6307.89,5256.57
2020-09-23,TTF,6288.27,5240.22
2020-09-23,Gaspool,6439.77,5366.47
2020-09-23,NCG,6250.4,5208.67
2020-09-23,CEGH,6418.73,5348.94
2020-09-24,TTF,6393.99,5328.32
2020-09-24,Gaspool,6490.33,5408.61
2020-09-24,NCG,6218.07,5181.72
2020-09-24,CEGH,6456.82,5380.68
2020-09-25,TTF,6294.28,5245.23
2020-09-25,Gaspool,6369.52,5307.93
2020-09-25,NCG,6189.77,5158.14
2020-09-25,CEGH,6373.7,5311.42
2020-09-26,TTF,6269.2,5224.33
2020-09-26,Gaspool,6382.06,5318.38
2020-09-26,NCG,6152.15,5126.79
2020-09-26,CEGH,6373.7,5311.42
2020-09-27,TTF,6269.2,5224.33
2020-09-27,Gaspool,6382.06,5318.38
2020-09-27,NCG,6152.15,5126.79
2020-09-27,CEGH,6373.7,5311.42
2020-09-28,TTF,6320.39,5266.99
2020-09-28,Gaspool,6454.08,5378.4
2020-09-28,NCG,6232.65,5193.87
2020-09-28,CEGH,6370.52,5308.77
2020-09-29,TTF,6715.81,5596.51
2020-09-29,Gaspool,6816.57,5680.47
2020-09-29,NCG,6610.85,5509.04
2020-09-29,CEGH,6623.44,5519.53
2020-09-30,TTF,6666.67,5555.56
2020-09-30,Gaspool,6814.02,5678.35
2020-09-30,NCG,6595.09,5495.91
2020-09-30,CEGH,6603.51,5502.92
2020-10-01,TTF,6701.05,5584.21
2020-10-01,Gaspool,6650.48,5542.07
2020-10-01,NCG,6477.68,5398.07
2020-10-01,CEGH,6710.95,5592.46
2020-10-02,TTF,6563.86,5469.88
2020-10-02,Gaspool,6597.74,5498.12
2020-10-02,NCG,6411.39,5342.82
2020-10-02,CEGH,6615.91,5513.26
2020-10-03,TTF,6466.45,5388.71
2020-10-03,Gaspool,6585.04,5487.53
2020-10-03,NCG,6318.21,5265.17
2020-10-03,CEGH,6323.67,5269.72
2020-10-04,TTF,6466.45,5388.71
2020-10-04,Gaspool,6585.04,5487.53
2020-10-04,NCG,6318.21,5265.17
2020-10-04,CEGH,6323.67,5269.72
2020-10-05,TTF,6545.67,5454.72
2020-10-05,Gaspool,6638.58,5532.15
2020-10-05,NCG,6414.75,5345.62
2020-10-05,CEGH,6424.61,5353.84
2020-10-06,TTF,7075.4,5896.17
2020-10-06,Gaspool,7198.51,5998.76
2020-10-06,NCG,7054.18,5878.48
2020-10-06,CEGH,6923.82,5769.85
2020-10-07,TTF,6921.03,5767.52
2020-10-07,Gaspool,7078.46,5898.72
2020-10-07,NCG,6835.93,5696.61
2020-10-07,CEGH,6832.7,5693.92
2020-10-08,TTF,7199.52,5999.6
2020-10-08,Gaspool,7246.11,6038.42
2020-10-08,NCG,7038.57,5865.47
2020-10-08,CEGH,6883.05,5735.87
2020-10-09,TTF,7256.32,6046.93
2020-10-09,Gaspool,7302.84,6085.7
2020-10-09,NCG,7066.01,5888.34
2020-10-09,CEGH,6771.17,5642.64
2020-10-10,TTF,7264.78,6053.98
2020-10-10,Gaspool,7269.01,6057.51
2020-10-10,NCG,7040.63,5867.19
2020-10-10,CEGH,6640.06,5533.38
2020-10-11,TTF,7264.78,6053.98
2020-10-11,Gaspool,7269.01,6057.51
2020-10-11,NCG,7040.63,5867.19
2020-10-11,CEGH,6640.06,5533.38
2020-10-12,TTF,7293.64,6078.03
2020-10-12,Gaspool,7416.29,6180.24
2020-10-12,NCG,7158.31,5965.26
2020-10-12,CEGH,6888.7,5740.58
2020-10-13,TTF,7340.74,6117.28
2020-10-13,Gaspool,7455.13,6212.61
2020-10-13,NCG,7349.21,6124.34
2020-10-13,CEGH,7257.02,6047.52
2020-10-14,TTF,7183.98,5986.65
2020-10-14,Gaspool,7306.84,6089.03
2020-10-14,NCG,7158.55,5965.46
2020-10-14,CEGH,7107.71,5923.09
2020-10-15,TTF,7348.49,6123.74
2020-10-15,Gaspool,7539.46,6282.88
2020-10-15,NCG,7327.28,6106.07
2020-10-15,CEGH,7225.43,6021.19
2020-10-16,TTF,7525.75,6271.46
2020-10-16,Gaspool,7631.15,6359.29
2020-10-16,NCG,7441.43,6201.19
2020-10-16,CEGH,7298.08,6081.73
2020-10-17,TTF,7618.5,6348.75
2020-10-17,Gaspool,7736.55,6447.12
2020-10-17,NCG,7492.02,6243.35
2020-10-17,CEGH,7205.33,6004.44
2020-10-18,TTF,7618.5,6348.75
2020-10-18,Gaspool,7736.55,6447.12
2020-10-18,NCG,7492.02,6243.35
2020-10-18,CEGH,7205.33,6004.44
2020-10-19,TTF,7689.01,6407.51
2020-10-19,Gaspool,7811.74,6509.78
2020-10-19,NCG,7612.84,6344.03
2020-10-19,CEGH,7325.06,6104.22
2020-10-20,TTF,7820.79,6517.32
2020-10-20,Gaspool,7922.76,6602.3
2020-10-20,NCG,7701.82,6418.18
2020-10-20,CEGH,7557.36,6297.8
2020-10-21,TTF,7815.4,6512.83
2020-10-21,Gaspool,7900.55,6583.79
2020-10-21,NCG,7670.63,6392.19
2020-10-21,CEGH,7645.09,6370.91
2020-10-22,TTF,7803.68,6503.07
2020-10-22,Gaspool,7867.59,6556.32
2020-10-22,NCG,7675.84,6396.53
2020-10-22,CEGH,7450.0,6208.33
2020-10-23,TTF,8009.85,6674.87
2020-10-23,Gaspool,8005.6,6671.33
2020-10-23,NCG,7844.26,6536.88
2020-10-23,CEGH,7589.51,6324.59
2020-10-24,TTF,7823.03,6519.19
2020-10-24,Gaspool,7857.0,6547.5
2020-10-24,NCG,7640.46,6367.05
2020-10-24,CEGH,7470.63,6225.52
2020-10-25,TTF,7823.03,6519.19
2020-10-25,Gaspool,7857.0,6547.5
2020-10-25,NCG,7640.46,6367.05
2020-10-25,CEGH,7470.63,6225.52
2020-10-26,TTF,8029.53,6691.27
2020-10-26,Gaspool,8097.75,6748.12
2020-10-26,NCG,7910.16,6591.8
2020-10-26,CEGH,7607.46,6339.55
2020-10-27,TTF,7786.5,6488.75
2020-10-27,Gaspool,7854.6,6545.5
2020-10-27,NCG,7705.64,6421.37
2020-10-27,CEGH,7463.04,6219.2
2020-10-28,TTF,7801.87,6501.56
2020-10-28,Gaspool,7857.31,6547.76
2020-10-28,NCG,7669.67,6391.39
2020-10-28,CEGH,7392.48,6160.4
2020-10-29,TTF,7463.25,6219.37
2020-10-29,Gaspool,7598.72,6332.27
2020-10-29,NCG,7399.75,6166.46
2020-10-29,CEGH,7171.14,5975.95
2020-10-30,TTF,7354.52,6128.77
2020-10-30,Gaspool,7532.25,6276.87
2020-10-30,NCG,7303.75,6086.46
2020-10-30,CEGH,7079.47,5899.56
2020-10-31,TTF,7096.4,5913.67
2020-10-31,Gaspool,7185.26,5987.72
2020-10-31,NCG,6956.76,5797.3
2020-10-31,CEGH,7003.3,5836.08
2020-11-01,TTF,7096.4,5913.67
2020-11-01,Gaspool,7185.26,5987.72
2020-11-01,NCG,6956.76,5797.3
2020-11-01,CEGH,7003.3,5836.08
2020-11-02,TTF,7145.13,5954.27
2020-11-02,Gaspool,7128.23,5940.19
2020-11-02,NCG,6967.68,5806.4
2020-11-02,CEGH,6938.11,5781.76
2020-11-03,TTF,7036.9,5864.08
2020-11-03,Gaspool,6922.67,5768.89
2020-11-03,NCG,6863.44,5719.53
2020-11-03,CEGH,6804.21,5670.17
2020-11-04,TTF,7318.23,6098.52
2020-11-04,Gaspool,7292.7,6077.25
2020-11-04,NCG,7182.08,5985.07
2020-11-04,CEGH,6718.31,5598.59
2020-11-05,TTF,7377.91,6148.26
2020-11-05,Gaspool,7360.92,6134.1
2020-11-05,NCG,7297.21,6081.01
2020-11-05,CEGH,6825.72,5688.1
2020-11-06,TTF,7645.14,6370.95
2020-11-06,Gaspool,7657.95,6381.62
2020-11-06,NCG,7521.38,6267.82
2020-11-06,CEGH,6919.65,5766.37
2020-11-07,TTF,7197.05,5997.54
2020-11-07,Gaspool,7359.21,6132.67
2020-11-07,NCG,7090.36,5908.63
2020-11-07,CEGH,6655.06,5545.88
2020-11-08,TTF,7197.05,5997.54
2020-11-08,Gaspool,7359.21,6132.67
2020-11-08,NCG,7090.36,5908.63
2020-11-08,CEGH,6655.06,5545.88
2020-11-09,TTF,7213.56,6011.3
2020-11-09,Gaspool,7319.75,6099.79
2020-11-09,NCG,7137.1,5947.58
2020-11-09,CEGH,6623.14,5519.28
2020-11-10,TTF,7372.44,6143.7
2020-11-10,Gaspool,7393.65,6161.37
2020-11-10,NCG,7223.91,6019.92
2020-11-10,CEGH,6752.86,5627.38
2020-11-11,TTF,7407.05,6172.54
2020-11-11,Gaspool,7474.56,6228.8
2020-11-11,NCG,7343.77,6119.81
2020-11-11,CEGH,6909.2,5757.67
2020-11-12,TTF,7357.23,6131.02
2020-11-12,Gaspool,7411.98,6176.65
2020-11-12,NCG,7188.75,5990.62
2020-11-12,CEGH,7062.39,5885.32
2020-11-13,TTF,7375.3,6146.08
2020-11-13,Gaspool,7396.44,6163.7
2020-11-13,NCG,7223.11,6019.26
2020-11-13,CEGH,7108.97,5924.14
2020-11-14,TTF,7328.8,6107.33
2020-11-14,Gaspool,7349.94,6124.95
2020-11-14,NCG,7176.61,5980.51
2020-11-14,CEGH,7163.93,5969.94
2020-11-15,TTF,7328.8,6107.33
2020-11-15,Gaspool,7349.94,6124.95
2020-11-15,NCG,7176.61,5980.51
2020-11-15,CEGH,7163.93,5969.94
2020-11-16,TTF,7287.05,6072.54
2020-11-16,Gaspool,7316.59,6097.16
2020-11-16,NCG,7168.87,5974.06
2020-11-16,CEGH,7135.11,5945.92
2020-11-17,TTF,7474.88,6229.07
2020-11-17,Gaspool,7419.96,6183.3
2020-11-17,NCG,7381.94,6151.62
2020-11-17,CEGH,7212.97,6010.81
2020-11-18,TTF,7258.37,6048.64
2020-11-18,Gaspool,7283.83,6069.86
2020-11-18,NCG,7169.24,5974.37
2020-11-18,CEGH,7029.19,5857.66
2020-11-19,TTF,7106.9,5922.42
2020-11-19,Gaspool,7234.08,6028.4
2020-11-19,NCG,7060.26,5883.55
2020-11-19,CEGH,7034.83,5862.36
2020-11-20,TTF,6936.31,5780.26
2020-11-20,Gaspool,7063.78,5886.48
2020-11-20,NCG,6974.55,5812.12
2020-11-20,CEGH,6893.82,5744.85
2020-11-21,TTF,6851.33,5709.44
2020-11-21,Gaspool,6923.57,5769.64
2020-11-21,NCG,6851.33,5709.44
2020-11-21,CEGH,6821.59,5684.66
2020-11-22,TTF,6851.33,5709.44
2020-11-22,Gaspool,6923.57,5769.64
2020-11-22,NCG,6851.33,5709.44
2020-11-22,CEGH,6821.59,5684.66
2020-11-23,TTF,6949.87,5791.56
2020-11-23,Gaspool,6979.78,5816.48
2020-11-23,NCG,6945.59,5787.99
2020-11-23,CEGH,6885.77,5738.14
2020-11-24,TTF,7314.62,6095.52
2020-11-24,Gaspool,7370.38,6141.98
2020-11-24,NCG,7271.72,6059.77
2020-11-24,CEGH,7173.06,5977.55
2020-11-25,TTF,7461.49,6217.91
2020-11-25,Gaspool,7517.13,6264.27
2020-11-25,NCG,7388.73,6157.27
2020-11-25,CEGH,7144.76,5953.97
2020-11-26,TTF,7501.06,6250.88
2020-11-26,Gaspool,7531.11,6275.92
2020-11-26,NCG,7415.2,6179.33
2020-11-26,CEGH,7209.12,6007.6
2020-11-27,TTF,7596.51,6330.42
2020-11-27,Gaspool,7630.92,6359.1
2020-11-27,NCG,7510.49,6258.74
2020-11-27,CEGH,7243.82,6036.52
2020-11-28,TTF,7768.55,6473.79
2020-11-28,Gaspool,7777.16,6480.97
2020-11-28,NCG,7699.74,6416.45
2020-11-28,CEGH,7493.28,6244.4
2020-11-29,TTF,7768.55,6473.79
2020-11-29,Gaspool,7777.16,6480.97
2020-11-29,NCG,7699.74,6416.45
2020-11-29,CEGH,7493.28,6244.4
2020-11-30,TTF,7802.83,6502.36
2020-11-30,Gaspool,7820.09,6516.74
2020-11-30,NCG,7759.67,6466.39
2020-11-30,CEGH,7561.15,6300.96
2020-12-01,TTF,8070.21,6725.17
2020-12-01,Gaspool,8039.84,6699.87
2020-12-01,NCG,7957.39,6631.16
2020-12-01,CEGH,7805.52,6504.6
2020-12-02,TTF,8043.33,6702.77
2020-12-02,Gaspool,8073.77,6728.14
2020-12-02,NCG,7965.06,6637.55
2020-12-02,CEGH,7725.92,6438.27
2020-12-03,TTF,8008.63,6673.86
2020-12-03,Gaspool,8021.71,6684.76
2020-12-03,NCG,7908.33,6590.27
2020-12-03,CEGH,7790.58,6492.15
2020-12-04,TTF,7682.33,6401.94
2020-12-04,Gaspool,7721.68,6434.73
2020-12-04,NCG,7599.26,6332.72
2020-12-04,CEGH,7599.26,6332.72
2020-12-05,TTF,7927.17,6605.97
2020-12-05,Gaspool,7935.91,6613.26
2020-12-05,NCG,7752.28,6460.23
2020-12-05,CEGH,7629.86,6358.22
2020-12-06,TTF,7927.17,6605.97
2020-12-06,Gaspool,7935.91,6613.26
2020-12-06,NCG,7752.28,6460.23
2020-12-06,CEGH,7629.86,6358.22
2020-12-07,TTF,7919.3,6599.42
2020-12-07,Gaspool,7928.04,6606.7
2020-12-07,NCG,7775.08,6479.23
2020-12-07,CEGH,7643.97,6369.97
2020-12-08,TTF,7732.86,6444.05
2020-12-08,Gaspool,7732.86,6444.05
2020-12-08,NCG,7676.26,6396.88
2020-12-08,CEGH,7484.7,6237.25
2020-12-09,TTF,7756.14,6463.45
2020-12-09,Gaspool,7756.14,6463.45
2020-12-09,NCG,7643.62,6369.68
2020-12-09,CEGH,7496.48,6247.07
2020-12-10,TTF,7884.97,6570.81
2020-12-10,Gaspool,7884.97,6570.81
2020-12-10,NCG,7807.3,6506.08
2020-12-10,CEGH,7647.64,6373.03
2020-12-11,TTF,8226.64,6855.53
2020-12-11,Gaspool,8222.32,6851.93
2020-12-11,NCG,8174.8,6812.33
2020-12-11,CEGH,7919.92,6599.93
2020-12-12,TTF,8395.12,6995.93
2020-12-12,Gaspool,8369.2,6974.33
2020-12-12,NCG,8222.32,6851.93
2020-12-12,CEGH,8036.56,6697.13
2020-12-13,TTF,8395.12,6995.93
2020-12-13,Gaspool,8369.2,6974.33
2020-12-13,NCG,8222.32,6851.93
2020-12-13,CEGH,8036.56,6697.13
2020-12-14,TTF,8374.42,6978.68
2020-12-14,Gaspool,8348.57,6957.14
2020-12-14,NCG,8210.74,6842.28
2020-12-14,CEGH,8021.22,6684.35
2020-12-15,TTF,8690.85,7242.37
2020-12-15,Gaspool,8660.7,7217.25
2020-12-15,NCG,8509.98,7091.65
2020-12-15,CEGH,8367.86,6973.22
2020-12-16,TTF,8884.46,7403.72
2020-12-16,Gaspool,8820.24,7350.2
2020-12-16,NCG,8648.99,7207.49
2020-12-16,CEGH,8494.86,7079.05
2020-12-17,TTF,8475.07,7062.56
2020-12-17,Gaspool,8397.75,6998.12
2020-12-17,NCG,8268.88,6890.73
2020-12-17,CEGH,8161.49,6801.24
2020-12-18,TTF,8344.13,6953.44
2020-12-18,Gaspool,8370.11,6975.09
2020-12-18,NCG,8170.9,6809.08
2020-12-18,CEGH,8066.96,6722.47
2020-12-19,TTF,8257.51,6881.26
2020-12-19,Gaspool,8318.14,6931.78
2020-12-19,NCG,8006.33,6671.94
2020-12-19,CEGH,7993.34,6661.12
2020-12-20,TTF,8257.51,6881.26
2020-12-20,Gaspool,8318.14,6931.78
2020-12-20,NCG,8006.33,6671.94
2020-12-20,CEGH,7993.34,6661.12
2020-12-21,TTF,8319.33,6932.77
2020-12-21,Gaspool,8323.66,6936.38
2020-12-21,NCG,8076.64,6730.53
2020-12-21,CEGH,8059.31,6716.09
2020-12-22,TTF,8769.84,7308.2
2020-12-22,Gaspool,8656.9,7214.08
2020-12-22,NCG,8522.24,7101.87
2020-12-22,CEGH,8509.21,7091.01
2020-12-23,TTF,9175.51,7646.26
2020-12-23,Gaspool,9166.72,7638.93
2020-12-23,NCG,8850.44,7375.37
2020-12-23,CEGH,8828.48,7357.07
2020-12-24,TTF,9022.54,7518.78
2020-12-24,Gaspool,9000.55,7500.46
2020-12-24,NCG,8736.61,7280.51
2020-12-24,CEGH,8485.87,7071.56
2020-12-25,TTF,9167.71,7639.76
2020-12-25,Gaspool,9180.9,7650.75
2020-12-25,NCG,9018.14,7515.12
2020-12-25,CEGH,8697.02,7247.52
2020-12-26,TTF,9167.71,7639.76
2020-12-26,Gaspool,9180.9,7650.75
2020-12-26,NCG,9018.14,7515.12
2020-12-26,CEGH,8697.02,7247.52
2020-12-27,TTF,9167.71,7639.76
2020-12-27,Gaspool,9180.9,7650.75
2020-12-27,NCG,9018.14,7515.12
2020-12-27,CEGH,8697.02,7247.52
2020-12-28,TTF,9236.03,7696.69
2020-12-28,Gaspool,9174.54,7645.45
2020-12-28,NCG,9029.61,7524.67
2020-12-28,CEGH,8656.3,7213.58
2020-12-29,TTF,9258.48,7715.4
2020-12-29,Gaspool,9196.84,7664.03
2020-12-29,NCG,9051.55,7542.96
2020-12-29,CEGH,8677.32,7231.1
2020-12-30,TTF,9950.97,8292.47
2020-12-30,Gaspool,9818.92,8182.43
2020-12-30,NCG,9634.04,8028.37
2020-12-30,CEGH,9215.88,7679.9
2020-12-31,TTF,9909.13,8257.61
2020-12-31,Gaspool,9812.01,8176.67
2020-12-31,NCG,9622.17,8018.47
2020-12-31,CEGH,9070.34,7558.62
2021-01-01,TTF,10025.13,8354.27
2021-01-01,Gaspool,9936.58,8280.48
2021-01-01,NCG,9644.39,8036.99
2021-01-01,CEGH,9051.14,7542.62
2021-01-02,TTF,10025.13,8354.27
2021-01-02,Gaspool,9936.58,8280.48
2021-01-02,NCG,9644.39,8036.99
2021-01-02,CEGH,9051.14,7542.62
2021-01-03,TTF,10025.13,8354.27
2021-01-03,Gaspool,9936.58,8280.48
2021-01-03,NCG,9644.39,8036.99
2021-01-03,CEGH,9051.14,7542.62
2021-01-04,TTF,10073.83,8394.86
2021-01-04,Gaspool,9910.02,8258.35
2021-01-04,NCG,9701.94,8084.95
2021-01-04,CEGH,9135.26,7612.72
2021-01-05,TTF,10429.9,8691.58
2021-01-05,Gaspool,10412.09,8676.74
2021-01-05,NCG,10216.17,8513.47
2021-01-05,CEGH,9619.52,8016.27
2021-01-06,TTF,9567.67,7973.06
2021-01-06,Gaspool,9443.33,7869.44
2021-01-06,NCG,9354.51,7795.42
2021-01-06,CEGH,9101.39,7584.49
2021-01-07,TTF,9367.83,7806.52
2021-01-07,Gaspool,9234.61,7695.51
2021-01-07,NCG,9190.2,7658.5
2021-01-07,CEGH,9030.33,7525.27
2021-01-08,TTF,10269.31,8557.76
2021-01-08,Gaspool,10060.59,8383.82
2021-01-08,NCG,9971.78,8309.82
2021-01-08,CEGH,9692.01,8076.67
2021-01-09,TTF,10584.6,8820.5
2021-01-09,Gaspool,10393.65,8661.37
2021-01-09,NCG,10233.78,8528.15
2021-01-09,CEGH,9874.08,8228.4
2021-01-10,TTF,10584.6,8820.5
2021-01-10,Gaspool,10393.65,8661.37
2021-01-10,NCG,10233.78,8528.15
2021-01-10,CEGH,9874.08,8228.4
2021-01-11,TTF,10606.88,8839.07
2021-01-11,Gaspool,10388.89,8657.41
2021-01-11,NCG,10331.05,8609.21
2021-01-11,CEGH,10117.51,8431.26
2021-01-12,TTF,11424.42,9520.35
2021-01-12,Gaspool,11031.23,9192.69
2021-01-12,NCG,11109.87,9258.22
2021-01-12,CEGH,10926.37,9105.31
2021-01-13,TTF,13102.73,10918.94
2021-01-13,Gaspool,12690.14,10575.12
2021-01-13,NCG,12794.37,10661.97
2021-01-13,CEGH,12342.7,10285.58
2021-01-14,TTF,11060.78,9217.32
2021-01-14,Gaspool,10874.25,9061.87
2021-01-14,NCG,10830.88,9025.73
2021-01-14,CEGH,10713.76,8928.13
2021-01-15,TTF,10851.1,9042.58
2021-01-15,Gaspool,10586.88,8822.4
2021-01-15,NCG,10560.89,8800.74
2021-01-15,CEGH,10244.69,8537.24
2021-01-16,TTF,10359.86,8633.22
2021-01-16,Gaspool,10195.15,8495.96
2021-01-16,NCG,10086.79,8405.66
2021-01-16,CEGH,9523.3,7936.08
2021-01-17,TTF,10359.86,8633.22
2021-01-17,Gaspool,10195.15,8495.96
2021-01-17,NCG,10086.79,8405.66
2021-01-17,CEGH,9523.3,7936.08
2021-01-18,TTF,10368.53,8640.44
2021-01-18,Gaspool,10143.14,8452.62
2021-01-18,NCG,10117.13,8430.94
2021-01-18,CEGH,9822.38,8185.32
2021-01-19,TTF,9846.19,8205.16
2021-01-19,Gaspool,9603.43,8002.86
2021-01-19,NCG,9668.45,8057.04
2021-01-19,CEGH,9443.03,7869.19
2021-01-20,TTF,10333.77,8611.47
2021-01-20,Gaspool,10072.6,8393.83
2021-01-20,NCG,10050.84,8375.7
2021-01-20,CEGH,9998.6,8332.17
2021-01-21,TTF,10232.07,8526.72
2021-01-21,Gaspool,9892.62,8243.85
2021-01-21,NCG,9970.95,8309.12
2021-01-21,CEGH,9670.67,8058.89
2021-01-22,TTF,10265.25,8554.37
2021-01-22,Gaspool,9792.26,8160.22
2021-01-22,NCG,9849.2,8207.67
2021-01-22,CEGH,9463.8,7886.5
2021-01-23,TTF,11014.14,9178.45
2021-01-23,Gaspool,10589.33,8824.44
2021-01-23,NCG,10650.64,8875.53
2021-01-23,CEGH,9919.27,8266.06
2021-01-24,TTF,11014.14,9178.45
2021-01-24,Gaspool,10589.33,8824.44
2021-01-24,NCG,10650.64,8875.53
2021-01-24,CEGH,9919.27,8266.06
2021-01-25,TTF,10965.0,9137.5
2021-01-25,Gaspool,10650.71,8875.59
2021-01-25,NCG,10659.44,8882.87
2021-01-25,CEGH,10166.18,8471.82
2021-01-26,TTF,10394.15,8661.79
2021-01-26,Gaspool,10128.08,8440.07
2021-01-26,NCG,10302.55,8585.46
2021-01-26,CEGH,9595.93,7996.61
2021-01-27,TTF,10030.17,8358.47
2021-01-27,Gaspool,9760.03,8133.36
2021-01-27,NCG,9816.67,8180.56
2021-01-27,CEGH,9468.1,7890.08
2021-01-28,TTF,10071.34,8392.78
2021-01-28,Gaspool,9880.01,8233.34
2021-01-28,NCG,9880.01,8233.34
2021-01-28,CEGH,9471.27,7892.72
2021-01-29,TTF,10575.09,8812.57
2021-01-29,Gaspool,10336.05,8613.37
2021-01-29,NCG,10279.55,8566.29
2021-01-29,CEGH,9788.44,8157.03
2021-01-30,TTF,10370.82,8642.35
2021-01-30,Gaspool,10357.78,8631.48
2021-01-30,NCG,10040.51,8367.09
2021-01-30,CEGH,9462.47,7885.39
2021-01-31,TTF,10370.82,8642.35
2021-01-31,Gaspool,10357.78,8631.48
2021-01-31,NCG,10040.51,8367.09
2021-01-31,CEGH,9462.47,7885.39
2021-02-01,TTF,10368.87,8640.72
2021-02-01,Gaspool,10455.93,8713.27
2021-02-01,NCG,10199.1,8499.25
2021-02-01,CEGH,9707.22,8089.35
2021-02-02,TTF,9355.49,7796.24
2021-02-02,Gaspool,9424.63,7853.86
2021-02-02,NCG,9282.04,7735.03
2021-02-02,CEGH,9286.36,7738.63
2021-02-03,TTF,9333.75,7778.12
2021-02-03,Gaspool,9368.2,7806.83
2021-02-03,NCG,9135.65,7613.04
2021-02-03,CEGH,9139.96,7616.63
2021-02-04,TTF,9077.39,7564.49
2021-02-04,Gaspool,9098.83,7582.36
2021-02-04,NCG,8957.37,7464.47
2021-02-04,CEGH,8940.22,7450.18
2021-02-05,TTF,9261.91,7718.26
2021-02-05,Gaspool,9300.27,7750.22
2021-02-05,NCG,9053.02,7544.18
2021-02-05,CEGH,8882.5,7402.08
2021-02-06,TTF,9270.43,7725.36
2021-02-06,Gaspool,9215.01,7679.17
2021-02-06,NCG,9172.38,7643.65
2021-02-06,CEGH,8916.6,7430.5
2021-02-07,TTF,9270.43,7725.36
2021-02-07,Gaspool,9215.01,7679.17
2021-02-07,NCG,9172.38,7643.65
2021-02-07,CEGH,8916.6,7430.5
2021-02-08,TTF,9308.72,7757.27
2021-02-08,Gaspool,9351.13,7792.61
2021-02-08,NCG,9279.03,7732.52
2021-02-08,CEGH,8914.26,7428.55
2021-02-09,TTF,10272.58,8560.48
2021-02-09,Gaspool,10446.36,8705.3
2021-02-09,NCG,10403.98,8669.98
2021-02-09,CEGH,9471.46,7892.88
2021-02-10,TTF,9934.82,8279.02
2021-02-10,Gaspool,10237.4,8531.17
2021-02-10,NCG,10066.93,8389.11
2021-02-10,CEGH,9564.06,7970.05
2021-02-11,TTF,9769.48,8141.23
2021-02-11,Gaspool,10014.03,8345.02
2021-02-11,NCG,10009.74,8341.45
2021-02-11,CEGH,9756.61,8130.51
2021-02-12,TTF,9255.51,7712.92
2021-02-12,Gaspool,9552.83,7960.69
2021-02-12,NCG,9570.06,7975.05
2021-02-12,CEGH,9587.3,7989.42
2021-02-13,TTF,9139.17,7615.97
2021-02-13,Gaspool,9462.34,7885.28
2021-02-13,NCG,9423.56,7852.97
2021-02-13,CEGH,9380.47,7817.06
2021-02-14,TTF,9139.17,7615.97
2021-02-14,Gaspool,9462.34,7885.28
2021-02-14,NCG,9423.56,7852.97
2021-02-14,CEGH,9380.47,7817.06
2021-02-15,TTF,9100.35,7583.62
2021-02-15,Gaspool,9409.39,7841.16
2021-02-15,NCG,9396.51,7830.42
2021-02-15,CEGH,9718.43,8098.69
2021-02-16,TTF,8656.92,7214.1
2021-02-16,Gaspool,8916.36,7430.3
2021-02-16,NCG,8968.24,7473.53
2021-02-16,CEGH,9054.72,7545.6
2021-02-17,TTF,8667.97,7223.31
2021-02-17,Gaspool,8887.47,7406.22
2021-02-17,NCG,8900.38,7416.98
2021-02-17,CEGH,8891.77,7409.81
2021-02-18,TTF,8546.32,7121.93
2021-02-18,Gaspool,8627.78,7189.82
2021-02-18,NCG,8644.93,7204.11
2021-02-18,CEGH,8722.1,7268.42
2021-02-19,TTF,8795.97,7329.97
2021-02-19,Gaspool,8941.76,7451.47
2021-02-19,NCG,8898.88,7415.73
2021-02-19,CEGH,8890.31,7408.59
2021-02-20,TTF,8525.82,7104.85
2021-02-20,Gaspool,8504.38,7086.98
2021-02-20,NCG,8482.94,7069.12
2021-02-20,CEGH,8568.7,7140.58
2021-02-21,TTF,8525.82,7104.85
2021-02-21,Gaspool,8504.38,7086.98
2021-02-21,NCG,8482.94,7069.12
2021-02-21,CEGH,8568.7,7140.58
2021-02-22,TTF,8596.43,7163.69
2021-02-22,Gaspool,8596.43,7163.69
2021-02-22,NCG,8639.47,7199.56
2021-02-22,CEGH,8686.82,7239.02
2021-02-23,TTF,8347.93,6956.61
2021-02-23,Gaspool,8408.39,7006.99
2021-02-23,NCG,8373.84,6978.2
2021-02-23,CEGH,8421.35,7017.79
2021-02-24,TTF,8407.27,7006.06
2021-02-24,Gaspool,8450.45,7042.04
2021-02-24,NCG,8450.45,7042.04
2021-02-24,CEGH,8662.03,7218.36
2021-02-25,TTF,8522.54,7102.12
2021-02-25,Gaspool,8600.37,7166.97
2021-02-25,NCG,8557.13,7130.94
2021-02-25,CEGH,8647.93,7206.61
2021-02-26,TTF,8440.62,7033.85
2021-02-26,Gaspool,8475.43,7062.86
2021-02-26,NCG,8436.26,7030.22
2021-02-26,CEGH,8458.02,7048.35
2021-02-27,TTF,8379.69,6983.07
2021-02-27,Gaspool,8484.13,7070.11
2021-02-27,NCG,8458.02,7048.35
2021-02-27,CEGH,8479.78,7066.48
2021-02-28,TTF,8379.69,6983.07
2021-02-28,Gaspool,8484.13,7070.11
2021-02-28,NCG,8458.02,7048.35
2021-02-28,CEGH,8479.78,7066.48
2021-03-01,TTF,8342.36,6951.97
2021-03-01,Gaspool,8484.69,7070.57
2021-03-01,NCG,8480.38,7066.98
2021-03-01,CEGH,8493.32,7077.77
2021-03-02,TTF,8544.11,7120.09
2021-03-02,Gaspool,8685.9,7238.25
2021-03-02,NCG,8690.2,7241.83
2021-03-02,CEGH,8660.12,7216.77
2021-03-03,TTF,8399.22,6999.35
2021-03-03,Gaspool,8476.3,7063.58
2021-03-03,NCG,8480.58,7067.15
2021-03-03,CEGH,8467.73,7056.44
2021-03-04,TTF,8310.84,6925.7
2021-03-04,Gaspool,8499.01,7082.51
2021-03-04,NCG,8503.28,7086.07
2021-03-04,CEGH,8422.03,7018.36
2021-03-05,TTF,8448.43,7040.36
2021-03-05,Gaspool,8614.46,7178.72
2021-03-05,NCG,8627.23,7189.36
2021-03-05,CEGH,8512.29,7093.57
2021-03-06,TTF,8605.95,7171.62
2021-03-06,Gaspool,8742.18,7285.15
2021-03-06,NCG,8750.69,7292.24
2021-03-06,CEGH,8716.63,7263.86
2021-03-07,TTF,8605.95,7171.62
2021-03-07,Gaspool,8742.18,7285.15
2021-03-07,NCG,8750.69,7292.24
2021-03-07,CEGH,8716.63,7263.86
2021-03-08,TTF,8644.26,7203.55
2021-03-08,Gaspool,8835.84,7363.2
2021-03-08,NCG,8857.13,7380.94
2021-03-08,CEGH,8742.18,7285.15
2021-03-09,TTF,8497.1,7080.92
2021-03-09,Gaspool,8766.86,7305.72
2021-03-09,NCG,8754.22,7295.18
2021-03-09,CEGH,8585.61,7154.67
2021-03-10,TTF,8728.43,7273.69
2021-03-10,Gaspool,8900.72,7417.27
2021-03-10,NCG,8921.73,7434.77
2021-03-10,CEGH,8917.53,7431.27
2021-03-11,TTF,8968.97,7474.14
2021-03-11,Gaspool,9057.1,7547.58
2021-03-11,NCG,9061.3,7551.08
2021-03-11,CEGH,9069.69,7558.07
2021-03-12,TTF,9135.42,7612.85
2021-03-12,Gaspool,9241.12,7700.93
2021-03-12,NCG,9274.94,7729.12
2021-03-12,CEGH,9296.08,7746.73
2021-03-13,TTF,9308.76,7757.3
2021-03-13,Gaspool,9376.41,7813.67
2021-03-13,NCG,9389.09,7824.24
2021-03-13,CEGH,9372.18,7810.15
2021-03-14,TTF,9308.76,7757.3
2021-03-14,Gaspool,9376.41,7813.67
2021-03-14,NCG,9389.09,7824.24
2021-03-14,CEGH,9372.18,7810.15
2021-03-15,TTF,9309.0,7757.5
2021-03-15,Gaspool,9401.76,7834.8
2021-03-15,NCG,9473.44,7894.53
2021-03-15,CEGH,9481.87,7901.56
2021-03-16,TTF,9204.96,7670.8
2021-03-16,Gaspool,9246.96,7705.8
2021-03-16,NCG,9377.14,7814.28
2021-03-16,CEGH,9246.96,7705.8
2021-03-17,TTF,9018.97,7515.81
2021-03-17,Gaspool,9132.39,7610.32
2021-03-17,NCG,9170.2,7641.83
2021-03-17,CEGH,9136.59,7613.82
2021-03-18,TTF,9264.83,7720.69
2021-03-18,Gaspool,9353.11,7794.26
2021-03-18,NCG,9437.18,7864.32
2021-03-18,CEGH,9344.7,7787.25
2021-03-19,TTF,9002.28,7501.9
2021-03-19,Gaspool,9187.2,7656.0
2021-03-19,NCG,9208.21,7673.51
2021-03-19,CEGH,9149.38,7624.48
2021-03-20,TTF,8859.38,7382.82
2021-03-20,Gaspool,8947.64,7456.37
2021-03-20,NCG,8985.47,7487.89
2021-03-20,CEGH,8968.66,7473.88
2021-03-21,TTF,8859.38,7382.82
2021-03-21,Gaspool,8947.64,7456.37
2021-03-21,NCG,8985.47,7487.89
2021-03-21,CEGH,8968.66,7473.88
2021-03-22,TTF,8915.23,7429.36
2021-03-22,Gaspool,8961.42,7467.85
2021-03-22,NCG,9041.2,7534.33
2021-03-22,CEGH,9032.8,7527.33
2021-03-23,TTF,9274.96,7729.13
2021-03-23,Gaspool,9333.85,7778.21
2021-03-23,NCG,9312.82,7760.68
2021-03-23,CEGH,9333.85,7778.21
2021-03-24,TTF,9288.47,7740.39
2021-03-24,Gaspool,9313.65,7761.37
2021-03-24,NCG,9393.4,7827.83
2021-03-24,CEGH,9464.75,7887.29
2021-03-25,TTF,9320.6,7767.17
2021-03-25,Gaspool,9329.0,7774.17
2021-03-25,NCG,9383.57,7819.64
2021-03-25,CEGH,9446.53,7872.11
2021-03-26,TTF,9137.08,7614.23
2021-03-26,Gaspool,9212.86,7677.38
2021-03-26,NCG,9250.75,7708.96
2021-03-26,CEGH,9343.36,7786.13
2021-03-27,TTF,9305.48,7754.57
2021-03-27,Gaspool,9368.62,7807.18
2021-03-27,NCG,9389.67,7824.72
2021-03-27,CEGH,9490.71,7908.92
2021-03-28,TTF,9305.48,7754.57
2021-03-28,Gaspool,9368.62,7807.18
2021-03-28,NCG,9389.67,7824.72
2021-03-28,CEGH,9490.71,7908.92
2021-03-29,TTF,9300.11,7750.09
2021-03-29,Gaspool,9329.51,7774.59
2021-03-29,NCG,9375.7,7813.08
2021-03-29,CEGH,9476.49,7897.07
2021-03-30,TTF,9177.64,7648.03
2021-03-30,Gaspool,9228.06,7690.05
2021-03-30,NCG,9253.26,7711.05
2021-03-30,CEGH,9337.29,7781.07
2021-03-31,TTF,9227.76,7689.8
2021-03-31,Gaspool,9244.44,7703.7
2021-03-31,NCG,9252.78,7710.65
2021-03-31,CEGH,9323.67,7769.72
2021-04-01,TTF,9392.58,7827.15
2021-04-01,Gaspool,9463.27,7886.06
2021-04-01,NCG,9467.43,7889.52
2021-04-01,CEGH,9434.16,7861.8
2021-04-02,TTF,9458.55,7882.12
2021-04-02,Gaspool,9600.24,8000.2
2021-04-02,NCG,9625.25,8021.04
2021-04-02,CEGH,9571.07,7975.89
2021-04-03,TTF,9416.88,7847.4
2021-04-03,Gaspool,9529.4,7941.17
2021-04-03,NCG,9625.25,8021.04
2021-04-03,CEGH,9575.24,7979.37
2021-04-04,TTF,9416.88,7847.4
2021-04-04,Gaspool,9529.4,7941.17
2021-04-04,NCG,9625.25,8021.04
2021-04-04,CEGH,9575.24,7979.37
2021-04-05,TTF,9456.16,7880.13
2021-04-05,Gaspool,9569.14,7974.28
2021-04-05,NCG,9665.39,8054.49
2021-04-05,CEGH,9615.17,8012.64
2021-04-06,TTF,9484.48,7903.73
2021-04-06,Gaspool,9672.95,8060.79
2021-04-06,NCG,9723.2,8102.67
2021-04-06,CEGH,9652.01,8043.34
2021-04-07,TTF,10009.2,8341.0
2021-04-07,Gaspool,10155.94,8463.28
2021-04-07,NCG,10206.25,8505.21
2021-04-07,CEGH,10009.2,8341.0
2021-04-08,TTF,9908.15,8256.79
2021-04-08,Gaspool,10039.07,8365.89
2021-04-08,NCG,10055.96,8379.97
2021-04-08,CEGH,9929.27,8274.39
2021-04-09,TTF,9769.34,8141.12
2021-04-09,Gaspool,9930.25,8275.21
2021-04-09,NCG,9904.84,8254.03
2021-04-09,CEGH,9815.92,8179.93
2021-04-10,TTF,9655.01,8045.84
2021-04-10,Gaspool,9815.92,8179.93
2021-04-10,NCG,9824.39,8186.99
2021-04-10,CEGH,9786.28,8155.23
2021-04-11,TTF,9655.01,8045.84
2021-04-11,Gaspool,9815.92,8179.93
2021-04-11,NCG,9824.39,8186.99
2021-04-11,CEGH,9786.28,8155.23
2021-04-12,TTF,9705.18,8087.65
2021-04-12,Gaspool,9912.2,8260.17
2021-04-12,NCG,9924.88,8270.73
2021-04-12,CEGH,9772.78,8143.98
2021-04-13,TTF,10236.9,8530.75
2021-04-13,Gaspool,10398.05,8665.04
2021-04-13,NCG,10431.97,8693.31
2021-04-13,CEGH,10325.96,8604.97
2021-04-14,TTF,10119.75,8433.12
2021-04-14,Gaspool,10306.6,8588.83
2021-04-14,NCG,10298.1,8581.75
2021-04-14,CEGH,10319.34,8599.45
2021-04-15,TTF,10203.46,8502.88
2021-04-15,Gaspool,10408.23,8673.52
2021-04-15,NCG,10416.76,8680.63
2021-04-15,CEGH,10446.63,8705.52
2021-04-16,TTF,10318.64,8598.87
2021-04-16,Gaspool,10548.92,8790.77
2021-04-16,NCG,10595.82,8829.85
2021-04-16,CEGH,10693.9,8911.58
2021-04-17,TTF,10395.4,8662.83
2021-04-17,Gaspool,10425.25,8687.71
2021-04-17,NCG,10493.48,8744.57
2021-04-17,CEGH,10536.12,8780.1
2021-04-18,TTF,10395.4,8662.83
2021-04-18,Gaspool,10425.25,8687.71
2021-04-18,NCG,10493.48,8744.57
2021-04-18,CEGH,10536.12,8780.1
2021-04-19,TTF,10410.56,8675.47
2021-04-19,Gaspool,10500.28,8750.23
2021-04-19,NCG,10551.55,8792.96
2021-04-19,CEGH,10551.55,8792.96
2021-04-20,TTF,10729.07,8940.89
2021-04-20,Gaspool,10827.88,9023.23
2021-04-20,NCG,10827.88,9023.23
2021-04-20,CEGH,11085.64,9238.03
2021-04-21,TTF,10728.68,8940.57
2021-04-21,Gaspool,10763.08,8969.23
2021-04-21,NCG,10823.27,9019.39
2021-04-21,CEGH,10879.16,9065.97
2021-04-22,TTF,10708.75,8923.96
2021-04-22,Gaspool,10738.81,8949.01
2021-04-22,NCG,10824.7,9020.58
2021-04-22,CEGH,10863.35,9052.79
2021-04-23,TTF,10855.61,9046.34
2021-04-23,Gaspool,10920.24,9100.2
2021-04-23,NCG,10959.02,9132.52
2021-04-23,CEGH,10971.94,9143.28
2021-04-24,TTF,10097.26,8414.38
2021-04-24,Gaspool,10192.05,8493.37
2021-04-24,NCG,10235.14,8529.28
2021-04-24,CEGH,10304.08,8586.73
2021-04-25,TTF,10097.26,8414.38
2021-04-25,Gaspool,10192.05,8493.37
2021-04-25,NCG,10235.14,8529.28
2021-04-25,CEGH,10304.08,8586.73
2021-04-26,TTF,10154.11,8461.76
2021-04-26,Gaspool,10257.09,8547.57
2021-04-26,NCG,10351.5,8626.25
2021-04-26,CEGH,10364.37,8636.97
2021-04-27,TTF,10276.45,8563.71
2021-04-27,Gaspool,10319.33,8599.44
2021-04-27,NCG,10417.97,8681.64
2021-04-27,CEGH,10413.68,8678.07
2021-04-28,TTF,10799.52,8999.6
2021-04-28,Gaspool,10812.35,9010.29
2021-04-28,NCG,10919.26,9099.38
2021-04-28,CEGH,10936.37,9113.64
2021-04-29,TTF,10806.73,9005.61
2021-04-29,Gaspool,10764.0,8970.0
2021-04-29,NCG,10819.55,9016.29
2021-04-29,CEGH,10900.73,9083.94
2021-04-30,TTF,11302.07,9418.39
2021-04-30,Gaspool,11297.78,9414.82
2021-04-30,NCG,11332.08,9443.4
2021-04-30,CEGH,11310.64,9425.53
2021-05-01,TTF,11632.2,9693.5
2021-05-01,Gaspool,11752.25,9793.54
2021-05-01,NCG,11700.8,9750.67
2021-05-01,CEGH,11747.96,9789.97
2021-05-02,TTF,11632.2,9693.5
2021-05-02,Gaspool,11752.25,9793.54
2021-05-02,NCG,11700.8,9750.67
2021-05-02,CEGH,11747.96,9789.97
2021-05-03,TTF,11632.2,9693.5
2021-05-03,Gaspool,11752.25,9793.54
2021-05-03,NCG,11700.8,9750.67
2021-05-03,CEGH,11747.96,9789.97
2021-05-04,TTF,11610.76,9675.63
2021-05-04,Gaspool,11687.94,9739.95
2021-05-04,NCG,11670.79,9725.66
2021-05-04,CEGH,11735.1,9779.25
2021-05-05,TTF,11677.12,9730.93
2021-05-05,Gaspool,11677.12,9730.93
2021-05-05,NCG,11741.18,9784.32
2021-05-05,CEGH,11762.54,9802.12
2021-05-06,TTF,11990.75,9992.29
2021-05-06,Gaspool,12024.67,10020.56
2021-05-06,NCG,12062.84,10052.37
2021-05-06,CEGH,12041.63,10034.69
2021-05-07,TTF,12116.06,10096.72
2021-05-07,Gaspool,12231.03,10192.52
2021-05-07,NCG,12235.29,10196.07
2021-05-07,CEGH,12218.25,10181.87
2021-05-08,TTF,11754.12,9795.1
2021-05-08,Gaspool,11881.86,9901.55
2021-05-08,NCG,11869.09,9890.91
2021-05-08,CEGH,11907.41,9922.84
2021-05-09,TTF,11754.12,9795.1
2021-05-09,Gaspool,11881.86,9901.55
2021-05-09,NCG,11869.09,9890.91
2021-05-09,CEGH,11907.41,9922.84
2021-05-10,TTF,11754.12,9795.1
2021-05-10,Gaspool,11822.25,9851.87
2021-05-10,NCG,11817.99,9848.32
2021-05-10,CEGH,11920.18,9933.48
2021-05-11,TTF,12353.13,10294.27
2021-05-11,Gaspool,12246.43,10205.36
2021-05-11,NCG,12301.92,10251.6
2021-05-11,CEGH,12404.35,10336.96
2021-05-12,TTF,12667.44,10556.2
2021-05-12,Gaspool,12645.98,10538.32
2021-05-12,NCG,12710.35,10591.96
2021-05-12,CEGH,12757.56,10631.3
2021-05-13,TTF,12716.72,10597.27
2021-05-13,Gaspool,12789.29,10657.74
2021-05-13,NCG,12840.51,10700.42
2021-05-13,CEGH,12925.88,10771.57
2021-05-14,TTF,12667.08,10555.9
2021-05-14,Gaspool,12671.33,10559.44
2021-05-14,NCG,12747.89,10623.24
2021-05-14,CEGH,12777.66,10648.05
2021-05-15,TTF,13088.14,10906.78
2021-05-15,Gaspool,12913.76,10761.47
2021-05-15,NCG,12998.83,10832.36
2021-05-15,CEGH,13037.1,10864.25
2021-05-16,TTF,13088.14,10906.78
2021-05-16,Gaspool,12913.76,10761.47
2021-05-16,NCG,12998.83,10832.36
2021-05-16,CEGH,13037.1,10864.25
2021-05-17,TTF,13136.81,10947.34
2021-05-17,Gaspool,12957.62,10798.02
2021-05-17,NCG,13047.21,10872.67
2021-05-17,CEGH,13094.14,10911.78
2021-05-18,TTF,12944.52,10787.1
2021-05-18,Gaspool,12731.41,10609.51
2021-05-18,NCG,12705.84,10588.2
2021-05-18,CEGH,12816.65,10680.54
2021-05-19,TTF,12314.36,10261.97
2021-05-19,Gaspool,12062.24,10051.87
2021-05-19,NCG,12117.79,10098.16
2021-05-19,CEGH,12173.34,10144.45
2021-05-20,TTF,11325.32,9437.77
2021-05-20,Gaspool,11086.33,9238.61
2021-05-20,NCG,11158.88,9299.07
2021-05-20,CEGH,11265.58,9387.98
2021-05-21,TTF,12048.8,10040.67
2021-05-21,Gaspool,11929.2,9941.0
2021-05-21,NCG,11959.1,9965.92
2021-05-21,CEGH,12117.14,10097.62
2021-05-22,TTF,11997.54,9997.95
2021-05-22,Gaspool,12023.17,10019.31
2021-05-22,NCG,12040.26,10033.55
2021-05-22,CEGH,12057.34,10047.78
2021-05-23,TTF,11997.54,9997.95
2021-05-23,Gaspool,12023.17,10019.31
2021-05-23,NCG,12040.26,10033.55
2021-05-23,CEGH,12057.34,10047.78
2021-05-24,TTF,12035.48,10029.57
2021-05-24,Gaspool,12044.02,10036.68
2021-05-24,NCG,12044.02,10036.68
2021-05-24,CEGH,12056.82,10047.35
2021-05-25,TTF,12052.02,10043.35
2021-05-25,Gaspool,12103.24,10086.03
2021-05-25,NCG,12158.72,10132.27
2021-05-25,CEGH,12137.38,10114.48
2021-05-26,TTF,12778.44,10648.7
2021-05-26,Gaspool,12739.82,10616.52
2021-05-26,NCG,12791.31,10659.42
2021-05-26,CEGH,12817.05,10680.87
2021-05-27,TTF,12968.24,10806.87
2021-05-27,Gaspool,12976.82,10814.02
2021-05-27,NCG,13011.16,10842.63
2021-05-27,CEGH,12959.65,10799.71
2021-05-28,TTF,12302.88,10252.4
2021-05-28,Gaspool,12268.66,10223.88
2021-05-28,NCG,12345.66,10288.05
2021-05-28,CEGH,12358.5,10298.75
2021-05-29,TTF,12114.65,10095.54
2021-05-29,Gaspool,12277.21,10231.01
2021-05-29,NCG,12191.65,10159.71
2021-05-29,CEGH,12225.88,10188.23
2021-05-30,TTF,12114.65,10095.54
2021-05-30,Gaspool,12277.21,10231.01
2021-05-30,NCG,12191.65,10159.71
2021-05-30,CEGH,12225.88,10188.23
2021-05-31,TTF,12250.73,10208.94
2021-05-31,Gaspool,12114.57,10095.47
2021-05-31,NCG,12054.99,10045.82
2021-05-31,CEGH,12114.57,10095.47
2021-06-01,TTF,12294.46,10245.38
2021-06-01,Gaspool,12157.8,10131.5
2021-06-01,NCG,12098.01,10081.67
2021-06-01,CEGH,12157.8,10131.5
2021-06-02,TTF,12648.28,10540.23
2021-06-02,Gaspool,12588.45,10490.37
2021-06-02,NCG,12605.55,10504.62
2021-06-02,CEGH,12541.45,10451.21
2021-06-03,TTF,12306.24,10255.2
2021-06-03,Gaspool,12416.69,10347.24
2021-06-03,NCG,12348.72,10290.6
2021-06-03,CEGH,12331.73,10276.44
2021-06-04,TTF,12413.85,10344.87
2021-06-04,Gaspool,12473.19,10394.32
2021-06-04,NCG,12435.05,10362.54
2021-06-04,CEGH,12405.38,10337.82
2021-06-05,TTF,12413.85,10344.87
2021-06-05,Gaspool,12528.29,10440.24
2021-06-05,NCG,12473.19,10394.32
2021-06-05,CEGH,12452.0,10376.67
2021-06-06,TTF,12413.85,10344.87
2021-06-06,Gaspool,12528.29,10440.24
2021-06-06,NCG,12473.19,10394.32
2021-06-06,CEGH,12452.0,10376.67
2021-06-07,TTF,12388.58,10323.82
2021-06-07,Gaspool,12451.78,10376.48
2021-06-07,NCG,12455.99,10379.99
2021-06-07,CEGH,12413.86,10344.88
2021-06-08,TTF,12713.56,10594.63
2021-06-08,Gaspool,12692.48,10577.07
2021-06-08,NCG,12684.05,10570.04
2021-06-08,CEGH,12658.76,10548.97
2021-06-09,TTF,13442.98,11202.48
2021-06-09,Gaspool,13282.63,11068.86
2021-06-09,NCG,13265.75,11054.79
2021-06-09,CEGH,13189.8,10991.5
2021-06-10,TTF,13260.8,11050.67
2021-06-10,Gaspool,13344.97,11120.81
2021-06-10,NCG,13311.3,11092.75
2021-06-10,CEGH,13260.8,11050.67
2021-06-11,TTF,13402.33,11168.61
2021-06-11,Gaspool,13427.55,11189.62
2021-06-11,NCG,13419.15,11182.62
2021-06-11,CEGH,13423.35,11186.12
2021-06-12,TTF,13141.67,10951.39
2021-06-12,Gaspool,13234.16,11028.47
2021-06-12,NCG,13145.88,10954.9
2021-06-12,CEGH,13179.51,10982.92
2021-06-13,TTF,13141.67,10951.39
2021-06-13,Gaspool,13234.16,11028.47
2021-06-13,NCG,13145.88,10954.9
2021-06-13,CEGH,13179.51,10982.92
2021-06-14,TTF,13084.24,10903.53
2021-06-14,Gaspool,13188.71,10990.59
2021-06-14,NCG,13113.49,10927.91
2021-06-14,CEGH,13117.67,10931.39
2021-06-15,TTF,13596.45,11330.37
2021-06-15,Gaspool,13467.24,11222.7
2021-06-15,NCG,13458.9,11215.75
2021-06-15,CEGH,13433.89,11194.91
2021-06-16,TTF,13152.24,10960.2
2021-06-16,Gaspool,13139.77,10949.81
2021-06-16,NCG,13110.68,10925.57
2021-06-16,CEGH,13131.46,10942.88
2021-06-17,TTF,13210.6,11008.83
2021-06-17,Gaspool,13198.07,10998.39
2021-06-17,NCG,13173.02,10977.52
2021-06-17,CEGH,13218.96,11015.8
2021-06-18,TTF,13142.89,10952.41
2021-06-18,Gaspool,13130.49,10942.07
2021-06-18,NCG,13134.63,10945.52
2021-06-18,CEGH,13200.78,11000.65
2021-06-19,TTF,13618.36,11348.63
2021-06-19,Gaspool,13548.07,11290.06
2021-06-19,NCG,13593.55,11327.96
2021-06-19,CEGH,13634.89,11362.41
2021-06-20,TTF,13618.36,11348.63
2021-06-20,Gaspool,13548.07,11290.06
2021-06-20,NCG,13593.55,11327.96
2021-06-20,CEGH,13634.89,11362.41
2021-06-21,TTF,13667.97,11389.97
2021-06-21,Gaspool,13572.88,11310.73
2021-06-21,NCG,13601.82,11334.85
2021-06-21,CEGH,13680.37,11400.31
2021-06-22,TTF,13748.2,11456.83
2021-06-22,Gaspool,13686.47,11405.39
2021-06-22,NCG,13624.75,11353.96
2021-06-22,CEGH,13665.9,11388.25
2021-06-23,TTF,14366.05,11971.71
2021-06-23,Gaspool,14283.3,11902.75
2021-06-23,NCG,14246.06,11871.72
2021-06-23,CEGH,14299.85,11916.54
2021-06-24,TTF,14785.37,12321.14
2021-06-24,Gaspool,14598.42,12165.35
2021-06-24,NCG,14598.42,12165.35
2021-06-24,CEGH,14585.95,12154.96
2021-06-25,TTF,14801.82,12334.85
2021-06-25,Gaspool,14714.06,12261.72
2021-06-25,NCG,14747.49,12289.57
2021-06-25,CEGH,14810.18,12341.82
2021-06-26,TTF,14868.69,12390.57
2021-06-26,Gaspool,14847.79,12373.16
2021-06-26,NCG,14826.9,12355.75
2021-06-26,CEGH,14872.87,12394.06
2021-06-27,TTF,14868.69,12390.57
2021-06-27,Gaspool,14847.79,12373.16
2021-06-27,NCG,14826.9,12355.75
2021-06-27,CEGH,14872.87,12394.06
2021-06-28,TTF,14956.45,12463.71
2021-06-28,Gaspool,14881.22,12401.02
2021-06-28,NCG,14831.07,12359.22
2021-06-28,CEGH,14893.76,12411.47
2021-06-29,TTF,14919.75,12433.12
2021-06-29,Gaspool,14861.34,12384.45
2021-06-29,NCG,14844.65,12370.54
2021-06-29,CEGH,14894.72,12412.27
2021-06-30,TTF,15326.28,12771.9
2021-06-30,Gaspool,15161.62,12634.68
2021-06-30,NCG,15149.27,12624.39
2021-06-30,CEGH,15202.79,12668.99
2021-07-01,TTF,15936.98,13280.82
2021-07-01,Gaspool,15739.12,13115.93
2021-07-01,NCG,15739.12,13115.93
2021-07-01,CEGH,15780.34,13150.28
2021-07-02,TTF,16637.37,13864.47
2021-07-02,Gaspool,16347.24,13622.7
2021-07-02,NCG,16413.56,13677.97
2021-07-02,CEGH,16392.83,13660.69
2021-07-03,TTF,16272.64,13560.53
2021-07-03,Gaspool,16247.77,13539.81
2021-07-03,NCG,16210.47,13508.72
2021-07-03,CEGH,16280.93,13567.44
2021-07-04,TTF,16272.64,13560.53
2021-07-04,Gaspool,16247.77,13539.81
2021-07-04,NCG,16210.47,13508.72
2021-07-04,CEGH,16280.93,13567.44
2021-07-05,TTF,16333.2,13611.0
2021-07-05,Gaspool,16167.98,13473.32
2021-07-05,NCG,16192.76,13493.97
2021-07-05,CEGH,16184.5,13487.08
2021-07-06,TTF,17043.84,14203.2
2021-07-06,Gaspool,16961.33,14134.44
2021-07-06,NCG,17023.21,14186.01
2021-07-06,CEGH,16858.19,14048.49
2021-07-07,TTF,15345.37,12787.81
2021-07-07,Gaspool,15238.47,12698.72
2021-07-07,NCG,15246.7,12705.58
2021-07-07,CEGH,15275.48,12729.57
2021-07-08,TTF,14853.05,12377.54
2021-07-08,Gaspool,14803.67,12336.39
2021-07-08,NCG,14820.13,12350.11
2021-07-08,CEGH,14791.33,12326.11
2021-07-09,TTF,15413.49,12844.57
2021-07-09,Gaspool,15178.72,12648.93
2021-07-09,NCG,15186.96,12655.8
2021-07-09,CEGH,15232.26,12693.55
2021-07-10,TTF,16591.45,13826.21
2021-07-10,Gaspool,16554.38,13795.32
2021-07-10,NCG,16574.97,13812.47
2021-07-10,CEGH,16583.21,13819.34
2021-07-11,TTF,16591.45,13826.21
2021-07-11,Gaspool,16554.38,13795.32
2021-07-11,NCG,16574.97,13812.47
2021-07-11,CEGH,16583.21,13819.34
2021-07-12,TTF,16643.84,13869.87
2021-07-12,Gaspool,16606.67,13838.89
2021-07-12,NCG,16631.45,13859.54
2021-07-12,CEGH,16635.58,13862.98
2021-07-13,TTF,15801.24,13167.7
2021-07-13,Gaspool,15924.91,13270.76
2021-07-13,NCG,15821.85,13184.87
2021-07-13,CEGH,15854.83,13212.36
2021-07-14,TTF,16098.72,13415.6
2021-07-14,Gaspool,16135.85,13446.54
2021-07-14,NCG,16045.09,13370.91
2021-07-14,CEGH,16086.35,13405.29
2021-07-15,TTF,15528.23,12940.19
2021-07-15,Gaspool,15635.08,13029.23
2021-07-15,NCG,15598.09,12998.41
2021-07-15,CEGH,15639.19,13032.66
2021-07-16,TTF,15333.77,12778.14
2021-07-16,Gaspool,15452.91,12877.42
2021-07-16,NCG,15255.72,12713.1
2021-07-16,CEGH,15280.36,12733.63
2021-07-17,TTF,15834.98,13195.82
2021-07-17,Gaspool,15945.9,13288.25
2021-07-17,NCG,15806.22,13171.85
2021-07-17,CEGH,15822.66,13185.55
2021-07-18,TTF,15834.98,13195.82
2021-07-18,Gaspool,15945.9,13288.25
2021-07-18,NCG,15806.22,13171.85
2021-07-18,CEGH,15822.66,13185.55
2021-07-19,TTF,15812.61,13177.17
2021-07-19,Gaspool,15894.53,13245.44
2021-07-19,NCG,15742.98,13119.15
2021-07-19,CEGH,15775.75,13146.46
2021-07-20,TTF,16179.68,13483.07
2021-07-20,Gaspool,16171.52,13476.27
2021-07-20,NCG,15983.74,13319.78
2021-07-20,CEGH,16016.4,13347.0
2021-07-21,TTF,15862.85,13219.04
2021-07-21,Gaspool,15817.95,13181.62
2021-07-21,NCG,15785.29,13154.41
2021-07-21,CEGH,15817.95,13181.62
2021-07-22,TTF,16198.64,13498.87
2021-07-22,Gaspool,16194.55,13495.46
2021-07-22,NCG,16100.58,13417.15
2021-07-22,CEGH,16137.35,13447.79
2021-07-23,TTF,16078.95,13399.12
2021-07-23,Gaspool,15923.82,13269.85
2021-07-23,NCG,15968.72,13307.27
2021-07-23,CEGH,15989.14,13324.28
2021-07-24,TTF,15923.82,13269.85
2021-07-24,Gaspool,15731.94,13109.95
2021-07-24,NCG,15772.77,13143.97
2021-07-24,CEGH,15809.51,13174.59
2021-07-25,TTF,15923.82,13269.85
2021-07-25,Gaspool,15731.94,13109.95
2021-07-25,NCG,15772.77,13143.97
2021-07-25,CEGH,15809.51,13174.59
2021-07-26,TTF,15862.32,13218.6
2021-07-26,Gaspool,15622.88,13019.07
2021-07-26,NCG,15708.1,13090.08
2021-07-26,CEGH,15744.63,13120.52
2021-07-27,TTF,16366.88,13639.07
2021-07-27,Gaspool,16318.24,13598.53
2021-07-27,NCG,16245.27,13537.72
2021-07-27,CEGH,16289.86,13574.88
2021-07-28,TTF,16664.3,13886.92
2021-07-28,Gaspool,16526.6,13772.17
2021-07-28,NCG,16473.94,13728.28
2021-07-28,CEGH,16514.44,13762.03
2021-07-29,TTF,17479.41,14566.17
2021-07-29,Gaspool,17285.49,14404.57
2021-07-29,NCG,17350.13,14458.44
2021-07-29,CEGH,17394.57,14495.47
2021-07-30,TTF,18145.6,15121.33
2021-07-30,Gaspool,17934.04,14945.03
2021-07-30,NCG,17962.52,14968.77
2021-07-30,CEGH,17982.86,14985.72
2021-07-31,TTF,17938.11,14948.42
2021-07-31,Gaspool,17836.4,14863.67
2021-07-31,NCG,17734.69,14778.91
2021-07-31,CEGH,17478.38,14565.32
2021-08-01,TTF,17938.11,14948.42
2021-08-01,Gaspool,17836.4,14863.67
2021-08-01,NCG,17734.69,14778.91
2021-08-01,CEGH,17478.38,14565.32
2021-08-02,TTF,17933.49,14944.57
2021-08-02,Gaspool,17896.91,14914.09
2021-08-02,NCG,17697.74,14748.12
2021-08-02,CEGH,17600.19,14666.82
2021-08-03,TTF,18137.71,15114.76
2021-08-03,Gaspool,18438.57,15365.47
2021-08-03,NCG,18397.91,15331.59
2021-08-03,CEGH,18324.73,15270.61
2021-08-04,TTF,18147.25,15122.71
2021-08-04,Gaspool,17944.04,14953.37
2021-08-04,NCG,17923.72,14936.43
2021-08-04,CEGH,17891.2,14909.33
2021-08-05,TTF,18428.15,15356.79
2021-08-05,Gaspool,17797.07,14830.89
2021-08-05,NCG,18285.64,15238.03
2021-08-05,CEGH,17886.64,14905.53
2021-08-06,TTF,18691.51,15576.26
2021-08-06,Gaspool,18512.65,15427.21
2021-08-06,NCG,18598.02,15498.35
2021-08-06,CEGH,18549.24,15457.7
2021-08-07,TTF,18703.7,15586.42
2021-08-07,Gaspool,18557.37,15464.47
2021-08-07,NCG,18606.15,15505.12
2021-08-07,CEGH,18520.78,15433.98
2021-08-08,TTF,18703.7,15586.42
2021-08-08,Gaspool,18557.37,15464.47
2021-08-08,NCG,18606.15,15505.12
2021-08-08,CEGH,18520.78,15433.98
2021-08-09,TTF,18659.63,15549.69
2021-08-09,Gaspool,18461.83,15384.86
2021-08-09,NCG,18506.24,15421.87
2021-08-09,CEGH,18429.54,15357.95
2021-08-10,TTF,18671.11,15559.26
2021-08-10,Gaspool,18434.04,15361.7
2021-08-10,NCG,18450.11,15375.09
2021-08-10,CEGH,18430.02,15358.35
2021-08-11,TTF,19163.6,15969.67
2021-08-11,Gaspool,18935.79,15779.82
2021-08-11,NCG,18883.83,15736.52
2021-08-11,CEGH,18843.86,15703.22
2021-08-12,TTF,19865.97,16554.97
2021-08-12,Gaspool,19741.88,16451.57
2021-08-12,NCG,19689.84,16408.2
2021-08-12,CEGH,19629.8,16358.17
2021-08-13,TTF,19648.03,16373.36
2021-08-13,Gaspool,19483.85,16236.54
2021-08-13,NCG,19519.89,16266.57
2021-08-13,CEGH,19447.81,16206.51
2021-08-14,TTF,19043.38,15869.48
2021-08-14,Gaspool,19075.41,15896.17
2021-08-14,NCG,19027.36,15856.13
2021-08-14,CEGH,18959.29,15799.41
2021-08-15,TTF,19043.38,15869.48
2021-08-15,Gaspool,19075.41,15896.17
2021-08-15,NCG,19027.36,15856.13
2021-08-15,CEGH,18959.29,15799.41
2021-08-16,TTF,19080.9,15900.75
2021-08-16,Gaspool,19048.89,15874.07
2021-08-16,NCG,19024.89,15854.07
2021-08-16,CEGH,18936.86,15780.72
2021-08-17,TTF,20470.72,17058.93
2021-08-17,Gaspool,20310.84,16925.7
2021-08-17,NCG,20354.81,16962.34
2021-08-17,CEGH,20258.88,16882.4
2021-08-18,TTF,20027.11,16689.26
2021-08-18,Gaspool,19879.13,16565.94
2021-08-18,NCG,19891.13,16575.94
2021-08-18,CEGH,19815.14,16512.62
2021-08-19,TTF,19294.93,16079.11
2021-08-19,Gaspool,19159.58,15966.32
2021-08-19,Gaspool,19346.68,16122.23
2021-08-19,Gaspool,19346.68,16122.23
2021-08-19,Gaspool,19346.68,16122.23
2021-08-19,NCG,19183.46,15986.22
2021-08-19,CEGH,18984.41,15820.34
2021-08-20,TTF,17314.44,14428.7
2021-08-20,Gaspool,17223.08,14352.57
2021-08-20,NCG,17195.28,14329.4
2021-08-20,CEGH,17199.25,14332.71
2021-08-21,TTF,17906.3,14921.92
2021-08-21,Gaspool,17719.6,14766.33
2021-08-21,NCG,17751.38,14792.82
2021-08-21,CEGH,17751.38,14792.82
2021-08-22,TTF,17906.3,14921.92
2021-08-22,Gaspool,17719.6,14766.33
2021-08-22,NCG,17751.38,14792.82
2021-08-22,CEGH,17751.38,14792.82
2021-08-23,TTF,17910.27,14925.22
2021-08-23,Gaspool,17826.85,14855.71
2021-08-23,NCG,17787.13,14822.61
2021-08-23,CEGH,17735.49,14779.57
2021-08-24,TTF,18025.46,15021.22
2021-08-24,Gaspool,17977.8,14981.5
2021-08-24,NCG,17926.16,14938.47
2021-08-24,CEGH,18073.13,15060.94
2021-08-25,TTF,19232.37,16026.97
2021-08-25,Gaspool,19228.4,16023.67
2021-08-25,NCG,19208.57,16007.14
2021-08-25,CEGH,19212.54,16010.45
2021-08-26,TTF,19400.07,16166.72
2021-08-26,Gaspool,19412.05,16176.71
2021-08-26,NCG,19344.14,16120.12
2021-08-26,CEGH,19408.06,16173.38
2021-08-27,TTF,19632.15,16360.12
2021-08-27,Gaspool,19652.23,16376.86
2021-08-27,NCG,19692.39,16410.32
2021-08-27,CEGH,19708.45,16423.71
2021-08-28,TTF,20598.92,17165.77
2021-08-28,Gaspool,20631.2,17192.67
2021-08-28,NCG,20623.13,17185.94
2021-08-28,CEGH,20578.75,17148.96
2021-08-29,TTF,20598.92,17165.77
2021-08-29,Gaspool,20631.2,17192.67
2021-08-29,NCG,20623.13,17185.94
2021-08-29,CEGH,20578.75,17148.96
2021-08-30,TTF,20598.92,17165.77
2021-08-30,Gaspool,20631.2,17192.67
2021-08-30,NCG,20623.13,17185.94
2021-08-30,CEGH,20578.75,17148.96
2021-08-31,TTF,20659.26,17216.05
2021-08-31,Gaspool,20610.79,17175.66
2021-08-31,NCG,20663.3,17219.42
2021-08-31,CEGH,20671.38,17226.15
2021-09-01,TTF,21866.51,18222.09
2021-09-01,Gaspool,21615.0,18012.5
2021-09-01,NCG,21712.36,18093.63
2021-09-01,CEGH,21752.92,18127.43
2021-09-02,TTF,21711.99,18093.32
2021-09-02,Gaspool,21370.15,17808.46
2021-09-02,NCG,21541.07,17950.89
2021-09-02,CEGH,21573.63,17978.02
2021-09-03,TTF,22508.7,18757.25
2021-09-03,Gaspool,22325.15,18604.29
2021-09-03,NCG,22312.91,18594.09
2021-09-03,CEGH,22386.33,18655.27
2021-09-04,TTF,22300.68,18583.9
2021-09-04,Gaspool,22129.36,18441.13
2021-09-04,NCG,22198.7,18498.92
2021-09-04,CEGH,22202.78,18502.32
2021-09-05,TTF,22300.68,18583.9
2021-09-05,Gaspool,22129.36,18441.13
2021-09-05,NCG,22198.7,18498.92
2021-09-05,CEGH,22202.78,18502.32
2021-09-06,TTF,22297.95,18581.62
2021-09-06,Gaspool,22240.91,18534.09
2021-09-06,NCG,22261.28,18551.07
2021-09-06,CEGH,22224.62,18520.52
2021-09-07,TTF,22574.14,18811.78
2021-09-07,Gaspool,22561.98,18801.65
2021-09-07,NCG,22610.62,18842.18
2021-09-07,CEGH,22618.73,18848.94
2021-09-08,TTF,23014.35,19178.62
2021-09-08,Gaspool,22957.78,19131.48
2021-09-08,NCG,22969.9,19141.58
2021-09-08,CEGH,23050.72,19208.93
2021-09-09,TTF,23494.78,19578.98
2021-09-09,Gaspool,23402.06,19501.72
2021-09-09,NCG,23462.53,19552.11
2021-09-09,CEGH,23523.0,19602.5
2021-09-10,TTF,24033.18,20027.65
2021-09-10,Gaspool,23944.52,19953.77
2021-09-10,NCG,23980.79,19983.99
2021-09-10,CEGH,24057.36,20047.8
2021-09-11,TTF,24617.56,20514.63
2021-09-11,Gaspool,24367.69,20306.41
2021-09-11,NCG,24444.26,20370.22
2021-09-11,CEGH,24553.07,20460.89
2021-09-12,TTF,24617.56,20514.63
2021-09-12,Gaspool,24367.69,20306.41
2021-09-12,NCG,24444.26,20370.22
2021-09-12,CEGH,24553.07,20460.89
2021-09-13,TTF,24759.62,20633.02
2021-09-13,Gaspool,24506.04,20421.7
2021-09-13,NCG,24618.74,20515.62
2021-09-13,CEGH,24598.61,20498.84
2021-09-14,TTF,26067.84,21723.2
2021-09-14,Gaspool,25815.36,21512.8
2021-09-14,NCG,25903.53,21586.27
2021-09-14,CEGH,25935.59,21612.99
2021-09-15,TTF,27840.37,23200.31
2021-09-15,Gaspool,27603.81,23003.17
2021-09-15,NCG,27768.2,23140.17
2021-09-15,CEGH,27748.15,23123.46
2021-09-16,TTF,29743.77,24786.47
2021-09-16,Gaspool,29599.17,24665.97
2021-09-16,NCG,29559.01,24632.51
2021-09-16,CEGH,29647.37,24706.14
2021-09-17,TTF,26112.1,21760.08
2021-09-17,Gaspool,25828.26,21523.55
2021-09-17,NCG,25816.26,21513.55
2021-09-17,CEGH,25844.25,21536.87
2021-09-18,TTF,27363.41,22802.84
2021-09-18,Gaspool,27199.5,22666.25
2021-09-18,NCG,27027.6,22523.0
2021-09-18,CEGH,27147.53,22622.94
2021-09-19,TTF,27363.41,22802.84
2021-09-19,Gaspool,27199.5,22666.25
2021-09-19,NCG,27027.6,22523.0
2021-09-19,CEGH,27147.53,22622.94
2021-09-20,TTF,27536.07,22946.72
2021-09-20,Gaspool,27540.08,22950.07
2021-09-20,NCG,27455.88,22879.9
2021-09-20,CEGH,27455.88,22879.9
2021-09-21,TTF,30672.51,25560.42
2021-09-21,Gaspool,30776.12,25646.77
2021-09-21,NCG,30983.34,25819.45
2021-09-21,CEGH,30923.57,25769.64
2021-09-22,TTF,30357.18,25297.65
2021-09-22,Gaspool,30337.2,25281.0
2021-09-22,NCG,30345.19,25287.66
2021-09-22,CEGH,30357.18,25297.65
2021-09-23,TTF,29080.56,24233.8
2021-09-23,Gaspool,29443.38,24536.15
2021-09-23,NCG,29232.07,24360.06
2021-09-23,CEGH,29307.82,24423.18
2021-09-24,TTF,28097.69,23414.74
2021-09-24,Gaspool,28323.49,23602.91
2021-09-24,NCG,28149.19,23457.66
2021-09-24,CEGH,28565.14,23804.28
2021-09-25,TTF,28228.42,23523.68
2021-09-25,Gaspool,28315.57,23596.31
2021-09-25,NCG,28176.92,23480.77
2021-09-25,CEGH,28676.06,23896.72
2021-09-26,TTF,28228.42,23523.68
2021-09-26,Gaspool,28315.57,23596.31
2021-09-26,NCG,28176.92,23480.77
2021-09-26,CEGH,28676.06,23896.72
2021-09-27,TTF,28553.99,23794.99
2021-09-27,Gaspool,28621.62,23851.35
2021-09-27,NCG,28490.34,23741.95
2021-09-27,CEGH,29142.75,24285.62
2021-09-28,TTF,31172.81,25977.34
2021-09-28,Gaspool,31530.4,26275.33
2021-09-28,NCG,31319.82,26099.85
2021-09-28,CEGH,31641.64,26368.03
2021-09-29,TTF,32268.1,26890.08
2021-09-29,Gaspool,32552.85,27127.37
2021-09-29,NCG,32378.84,26982.37
2021-09-29,CEGH,32631.95,27193.29
2021-09-30,TTF,33718.18,28098.48
2021-09-30,Gaspool,34677.6,28898.0
2021-09-30,NCG,34278.83,28565.69
2021-09-30,CEGH,34413.06,28677.55
2021-10-01,TTF,36540.91,30450.76
2021-10-01,CEGH,37114.41,30928.67
2021-10-01,THE,36843.37,30702.81
2021-10-02,TTF,35444.97,29537.47
2021-10-02,CEGH,36568.4,30473.67
2021-10-02,THE,35920.27,29933.56
2021-10-03,TTF,35444.97,29537.47
2021-10-03,CEGH,36568.4,30473.67
2021-10-03,THE,35920.27,29933.56
2021-10-04,TTF,35964.6,29970.5
2021-10-04,CEGH,36975.71,30813.09
2021-10-04,THE,36291.15,30242.62
2021-10-05,TTF,36082.61,30068.84
2021-10-05,CEGH,37607.87,31339.89
2021-10-05,THE,36543.74,30453.12
2021-10-06,TTF,46023.8,38353.17
2021-10-06,CEGH,46844.17,39036.81
2021-10-06,THE,46816.82,39014.02
2021-10-07,TTF,41168.3,34306.92
2021-10-07,CEGH,42687.65,35573.04
2021-10-07,THE,41013.26,34177.72
2021-10-08,TTF,37352.92,31127.43
2021-10-08,CEGH,37663.24,31386.03
2021-10-08,THE,37531.36,31276.13
2021-10-09,TTF,31965.0,26637.5
2021-10-09,CEGH,32345.14,26954.28
2021-10-09,THE,32093.01,26744.17
2021-10-10,TTF,31965.0,26637.5
2021-10-10,CEGH,32345.14,26954.28
2021-10-10,THE,32093.01,26744.17
2021-10-11,TTF,32526.3,27105.25
2021-10-11,CEGH,33279.79,27733.16
2021-10-11,THE,32829.25,27357.71
2021-10-12,TTF,33209.16,27674.3
2021-10-12,CEGH,33162.52,27635.43
2021-10-12,THE,33504.58,27920.48
2021-10-13,TTF,34349.67,28624.72
2021-10-13,CEGH,34020.08,28350.07
2021-10-13,THE,34485.39,28737.82
2021-10-14,TTF,36780.9,30650.75
2021-10-14,CEGH,36870.08,30725.07
2021-10-14,THE,36986.41,30822.01
2021-10-15,TTF,40293.96,33578.3
2021-10-15,CEGH,40026.41,33355.34
2021-10-15,THE,40402.53,33668.77
2021-10-16,TTF,36001.51,30001.26
2021-10-16,CEGH,36742.12,30618.43
2021-10-16,THE,36505.59,30421.32
2021-10-17,TTF,36001.51,30001.26
2021-10-17,CEGH,36742.12,30618.43
2021-10-17,THE,36505.59,30421.32
2021-10-18,TTF,36350.32,30291.93
2021-10-18,CEGH,36971.13,30809.27
2021-10-18,THE,36687.89,30573.24
2021-10-19,TTF,35334.09,29445.07
2021-10-19,CEGH,36233.77,30194.81
2021-10-19,THE,35817.03,29847.52
2021-10-20,TTF,34503.27,28752.72
2021-10-20,CEGH,35919.1,29932.58
2021-10-20,THE,34729.49,28941.24
2021-10-21,TTF,36856.22,30713.52
2021-10-21,CEGH,37470.02,31225.02
2021-10-21,THE,36805.72,30671.43
2021-10-22,TTF,35045.38,29204.48
2021-10-22,CEGH,34928.8,29107.33
2021-10-22,THE,34804.45,29003.71
2021-10-23,TTF,34725.11,28937.59
2021-10-23,CEGH,34923.84,29103.2
2021-10-23,THE,35048.54,29207.12
2021-10-24,TTF,34725.11,28937.59
2021-10-24,CEGH,34923.84,29103.2
2021-10-24,THE,35048.54,29207.12
2021-10-25,TTF,34916.05,29096.71
2021-10-25,CEGH,35114.79,29262.32
2021-10-25,THE,35216.1,29346.75
2021-10-26,TTF,35961.82,29968.18
2021-10-26,CEGH,35817.65,29848.04
2021-10-26,THE,36051.44,30042.87
2021-10-27,TTF,35525.11,29604.26
2021-10-27,CEGH,35685.41,29737.84
2021-10-27,THE,35626.77,29688.97
2021-10-28,TTF,34547.85,28789.87
2021-10-28,CEGH,34981.35,29151.12
2021-10-28,THE,34739.22,28949.35
2021-10-29,TTF,30268.36,25223.63
2021-10-29,CEGH,30707.63,25589.69
2021-10-29,THE,30540.47,25450.39
2021-10-30,TTF,25428.64,21190.53
2021-10-30,CEGH,25782.38,21485.32
2021-10-30,THE,25689.09,21407.57
2021-10-31,TTF,25428.64,21190.53
2021-10-31,CEGH,25782.38,21485.32
2021-10-31,THE,25689.09,21407.57
2021-11-01,TTF,25574.6,21312.17
2021-11-01,CEGH,25909.92,21591.6
2021-11-01,THE,25734.46,21445.38
2021-11-02,TTF,26144.51,21787.09
2021-11-02,CEGH,26210.45,21842.04
2021-11-02,THE,26229.84,21858.2
2021-11-03,TTF,27854.01,23211.67
2021-11-03,CEGH,27651.96,23043.3
2021-11-03,THE,27865.67,23221.39
2021-11-04,TTF,31381.01,26150.84
2021-11-04,CEGH,31319.09,26099.24
2021-11-04,THE,31346.18,26121.82
2021-11-05,TTF,28982.96,24152.47
2021-11-05,CEGH,28948.23,24123.52
2021-11-05,THE,29033.14,24194.28
2021-11-06,TTF,29577.33,24647.77
2021-11-06,CEGH,29372.77,24477.31
2021-11-06,THE,29588.9,24657.42
2021-11-07,TTF,29577.33,24647.77
2021-11-07,CEGH,29372.77,24477.31
2021-11-07,THE,29588.9,24657.42
2021-11-08,TTF,29421.24,24517.7
2021-11-08,CEGH,29263.98,24386.65
2021-11-08,THE,29440.42,24533.68
2021-11-09,TTF,31144.13,25953.44
2021-11-09,CEGH,31213.41,26011.17
2021-11-09,THE,31351.98,26126.65
2021-11-10,TTF,28958.8,24132.33
2021-11-10,CEGH,29062.74,24218.95
2021-11-10,THE,29216.72,24347.27
2021-11-11,TTF,28183.0,23485.83
2021-11-11,CEGH,28378.75,23648.96
2021-11-11,THE,28325.01,23604.17
2021-11-12,TTF,29468.99,24557.49
2021-11-12,CEGH,29442.3,24535.25
2021-11-12,THE,29552.86,24627.38
2021-11-13,TTF,29034.39,24195.32
2021-11-13,CEGH,29331.75,24443.12
2021-11-13,THE,29358.43,24465.36
2021-11-14,TTF,29034.39,24195.32
2021-11-14,CEGH,29331.75,24443.12
2021-11-14,THE,29358.43,24465.36
2021-11-15,TTF,29291.8,24409.83
2021-11-15,CEGH,29287.99,24406.66
2021-11-15,THE,29539.48,24616.23
2021-11-16,TTF,31934.17,26611.81
2021-11-16,CEGH,31857.33,26547.77
2021-11-16,THE,31968.75,26640.62
2021-11-17,TTF,37169.3,30974.42
2021-11-17,CEGH,37134.86,30945.72
2021-11-17,THE,37257.31,31047.76
2021-11-18,TTF,37222.06,31018.38
2021-11-18,CEGH,37252.64,31043.87
2021-11-18,THE,37290.87,31075.72
2021-11-19,TTF,36762.28,30635.23
2021-11-19,CEGH,37021.98,30851.65
2021-11-19,THE,36968.52,30807.1
2021-11-20,TTF,34451.65,28709.71
2021-11-20,CEGH,34612.05,28843.37
2021-11-20,THE,34543.31,28786.09
2021-11-21,TTF,34451.65,28709.71
2021-11-21,CEGH,34612.05,28843.37
2021-11-21,THE,34543.31,28786.09
2021-11-22,TTF,34652.18,28876.82
2021-11-22,CEGH,34613.97,28844.97
2021-11-22,THE,34740.05,28950.04
2021-11-23,TTF,33621.81,28018.17
2021-11-23,CEGH,33625.64,28021.37
2021-11-23,THE,33610.32,28008.6
2021-11-24,TTF,36451.09,30375.91
2021-11-24,CEGH,36416.41,30347.01
2021-11-24,THE,36562.84,30469.03
2021-11-25,TTF,37423.21,31186.01
2021-11-25,CEGH,37592.41,31327.01
2021-11-25,THE,37527.04,31272.53
2021-11-26,TTF,37046.56,30872.13
2021-11-26,CEGH,37382.92,31152.43
2021-11-26,THE,37247.6,31039.67
2021-11-27,TTF,35051.59,29209.66
2021-11-27,CEGH,35063.19,29219.32
2021-11-27,THE,35299.02,29415.85
2021-11-28,TTF,35051.59,29209.66
2021-11-28,CEGH,35063.19,29219.32
2021-11-28,THE,35299.02,29415.85
2021-11-29,TTF,35383.52,29486.27
2021-11-29,CEGH,35878.37,29898.64
2021-11-29,THE,35699.13,29749.27
2021-11-30,TTF,37748.91,31457.42
2021-11-30,CEGH,37948.11,31623.42
2021-11-30,THE,37846.56,31538.8
2021-12-01,TTF,37257.28,31047.73
2021-12-01,CEGH,38057.24,31714.37
2021-12-01,THE,37485.84,31238.2
2021-12-02,TTF,39204.27,32670.22
2021-12-02,CEGH,39617.0,33014.17
2021-12-02,THE,39558.04,32965.03
2021-12-03,TTF,38356.51,31963.76
2021-12-03,CEGH,38601.01,32167.51
2021-12-03,THE,38573.4,32144.5
2021-12-04,TTF,36609.55,30507.96
2021-12-04,CEGH,36735.74,30613.12
2021-12-04,THE,36913.2,30761.0
2021-12-05,TTF,36609.55,30507.96
2021-12-05,CEGH,36735.74,30613.12
2021-12-05,THE,36913.2,30761.0
2021-12-06,TTF,36732.32,30610.27
2021-12-06,CEGH,37243.04,31035.87
2021-12-06,THE,36999.47,30832.89
2021-12-07,TTF,36663.63,30553.02
2021-12-07,CEGH,37254.42,31045.35
2021-12-07,THE,36966.9,30805.75
2021-12-08,TTF,38709.13,32257.61
2021-12-08,CEGH,39053.74,32544.78
2021-12-08,THE,39018.49,32515.41
2021-12-09,TTF,41858.82,34882.35
2021-12-09,CEGH,42196.05,35163.37
2021-12-09,THE,42152.92,35127.43
2021-12-10,TTF,40786.62,33988.85
2021-12-10,CEGH,41451.24,34542.7
2021-12-10,THE,41173.66,34311.38
2021-12-11,TTF,42319.15,35265.96
2021-12-11,CEGH,42768.75,35640.62
2021-12-11,THE,42936.85,35780.71
2021-12-12,TTF,42319.15,35265.96
2021-12-12,CEGH,42768.75,35640.62
2021-12-12,THE,42936.85,35780.71
2021-12-13,TTF,42021.07,35017.56
2021-12-13,CEGH,42676.93,35564.11
2021-12-13,THE,42544.98,35454.15
2021-12-14,TTF,46196.51,38497.09
2021-12-14,CEGH,46722.14,38935.12
2021-12-14,THE,46470.92,38725.77
2021-12-15,TTF,50978.15,42481.79
2021-12-15,CEGH,51472.33,42893.61
2021-12-15,THE,51188.27,42656.89
2021-12-16,TTF,52010.0,43341.67
2021-12-16,CEGH,52794.31,43995.26
2021-12-16,THE,52458.74,43715.62
2021-12-17,TTF,55432.82,46194.02
2021-12-17,CEGH,55727.62,46439.68
2021-12-17,THE,55759.06,46465.88
2021-12-18,TTF,54116.03,45096.69
2021-12-18,CEGH,54756.74,45630.62
2021-12-18,THE,54481.59,45401.32
2021-12-19,TTF,54116.03,45096.69
2021-12-19,CEGH,54756.74,45630.62
2021-12-19,THE,54481.59,45401.32
2021-12-20,TTF,54651.8,45543.17
2021-12-20,CEGH,55166.95,45972.46
2021-12-20,THE,54931.0,45775.83
2021-12-21,TTF,59603.94,49669.95
2021-12-21,CEGH,60266.56,50222.13
2021-12-21,THE,59948.98,49957.48
2021-12-22,TTF,73228.55,61023.79
2021-12-22,CEGH,73907.29,61589.41
2021-12-22,THE,73601.27,61334.39
2021-12-23,TTF,68538.97,57115.81
2021-12-23,CEGH,69300.66,57750.55
2021-12-23,THE,69422.37,57851.97
2021-12-24,TTF,51230.09,42691.74
2021-12-24,CEGH,51434.49,42862.07
2021-12-24,THE,51524.9,42937.42
2021-12-25,TTF,45035.01,37529.17
2021-12-25,CEGH,44877.77,37398.14
2021-12-25,THE,45050.73,37542.27
2021-12-26,TTF,45035.01,37529.17
2021-12-26,CEGH,44877.77,37398.14
2021-12-26,THE,45050.73,37542.27
2021-12-27,TTF,88864.4,74053.67
2021-12-27,CEGH,89218.18,74348.48
2021-12-27,THE,88887.98,74073.32
2021-12-28,TTF,88673.22,73894.35
2021-12-28,CEGH,87593.12,72994.27
2021-12-28,THE,88732.14,73943.45
2021-12-29,TTF,44976.4,37480.33
2021-12-29,CEGH,45055.0,37545.83
2021-12-29,THE,44988.19,37490.16
2021-12-30,TTF,35842.81,29869.01
2021-12-30,CEGH,36395.82,30329.85
2021-12-30,THE,35909.48,29924.57
2021-12-31,TTF,32332.4,26943.67
2021-12-31,CEGH,32754.06,27295.05
2021-12-31,THE,32470.33,27058.61
2022-01-01,TTF,29380.76,24483.97
2022-01-01,CEGH,29861.53,24884.61
2022-01-01,THE,29187.66,24323.05
2022-01-02,TTF,29380.76,24483.97
2022-01-02,CEGH,29861.53,24884.61
2022-01-02,THE,29187.66,24323.05
2022-01-03,TTF,29380.76,24483.97
2022-01-03,CEGH,29861.53,24884.61
2022-01-03,THE,29187.66,24323.05
2022-01-04,TTF,29770.9,24809.08
2022-01-04,CEGH,30153.15,25127.62
2022-01-04,THE,29751.19,24792.66
2022-01-05,TTF,35131.22,29276.02
2022-01-05,CEGH,35264.56,29387.13
2022-01-05,THE,35142.99,29285.82
2022-01-06,TTF,37905.32,31587.77
2022-01-06,CEGH,37980.48,31650.4
2022-01-06,THE,38174.33,31811.94
2022-01-07,TTF,38933.88,32444.9
2022-01-07,CEGH,39131.68,32609.73
2022-01-07,THE,39056.52,32547.1
2022-01-08,TTF,35361.61,29468.01
2022-01-08,CEGH,35856.11,29880.09
2022-01-08,THE,35563.37,29636.14
2022-01-09,TTF,35361.61,29468.01
2022-01-09,CEGH,35856.11,29880.09
2022-01-09,THE,35563.37,29636.14
2022-01-10,TTF,35513.58,29594.65
2022-01-10,CEGH,36108.27,30090.22
2022-01-10,THE,35795.07,29829.22
2022-01-11,TTF,35029.26,29191.05
2022-01-11,CEGH,36076.13,30063.44
2022-01-11,THE,35457.53,29547.94
2022-01-12,TTF,33185.38,27654.48
2022-01-12,CEGH,35306.74,29422.28
2022-01-12,THE,33590.58,27992.15
2022-01-13,TTF,31758.93,26465.77
2022-01-13,CEGH,35939.18,29949.32
2022-01-13,THE,32244.35,26870.29
2022-01-14,TTF,36180.54,30150.45
2022-01-14,CEGH,37509.01,31257.51
2022-01-14,THE,36674.67,30562.22
2022-01-15,TTF,35969.93,29974.94
2022-01-15,CEGH,36589.61,30491.34
2022-01-15,THE,36241.29,30201.07
2022-01-16,TTF,35969.93,29974.94
2022-01-16,CEGH,36589.61,30491.34
2022-01-16,THE,36241.29,30201.07
2022-01-17,TTF,36233.8,30194.83
2022-01-17,CEGH,37632.1,31360.08
2022-01-17,THE,36665.92,30554.93
2022-01-18,TTF,32598.81,27165.67
2022-01-18,CEGH,33509.86,27924.88
2022-01-18,THE,33040.04,27533.37
2022-01-19,TTF,34011.96,28343.3
2022-01-19,CEGH,34931.05,29109.21
2022-01-19,THE,34226.28,28521.9
2022-01-20,TTF,32025.07,26687.56
2022-01-20,CEGH,33522.61,27935.51
2022-01-20,THE,32299.96,26916.63
2022-01-21,TTF,32305.97,26921.64
2022-01-21,CEGH,33701.58,28084.65
2022-01-21,THE,32481.96,27068.3
2022-01-22,TTF,34176.33,28480.27
2022-01-22,CEGH,34614.25,28845.21
2022-01-22,THE,34086.3,28405.25
2022-01-23,TTF,34176.33,28480.27
2022-01-23,CEGH,34614.25,28845.21
2022-01-23,THE,34086.3,28405.25
2022-01-24,TTF,34240.78,28533.98
2022-01-24,CEGH,36102.68,30085.57
2022-01-24,THE,34310.35,28591.96
2022-01-25,TTF,39597.12,32997.6
2022-01-25,CEGH,41754.34,34795.28
2022-01-25,THE,40128.25,33440.21
2022-01-26,TTF,39815.14,33179.28
2022-01-26,CEGH,40852.51,34043.76
2022-01-26,THE,40169.16,33474.3
2022-01-27,TTF,39190.17,32658.47
2022-01-27,CEGH,40109.09,33424.24
2022-01-27,THE,39446.81,32872.34
2022-01-28,TTF,39060.13,32550.11
2022-01-28,CEGH,39624.82,33020.68
2022-01-28,THE,39398.12,32831.77
2022-01-29,TTF,38936.48,32447.07
2022-01-29,CEGH,39410.48,32842.07
2022-01-29,THE,39047.76,32539.8
2022-01-30,TTF,38936.48,32447.07
2022-01-30,CEGH,39410.48,32842.07
2022-01-30,THE,39047.76,32539.8
2022-01-31,TTF,38665.31,32221.09
2022-01-31,CEGH,39375.55,32812.96
2022-01-31,THE,38812.26,32343.55
2022-02-01,TTF,35163.49,29302.91
2022-02-01,CEGH,36017.14,30014.28
2022-02-01,THE,35568.06,29640.05
2022-02-02,TTF,32127.69,26773.07
2022-02-02,CEGH,32741.32,27284.43
2022-02-02,THE,32253.67,26878.06
2022-02-03,TTF,32804.7,27337.25
2022-02-03,CEGH,33947.53,28289.61
2022-02-03,THE,33005.41,27504.51
2022-02-04,TTF,33676.95,28064.12
2022-02-04,CEGH,34730.53,28942.11
2022-02-04,THE,33864.07,28220.06
2022-02-05,TTF,34604.43,28837.02
2022-02-05,CEGH,35165.79,29304.82
2022-02-05,THE,34844.43,29037.02
2022-02-06,TTF,34604.43,28837.02
2022-02-06,CEGH,35165.79,29304.82
2022-02-06,THE,34844.43,29037.02
2022-02-07,TTF,35063.72,29219.77
2022-02-07,CEGH,35680.68,29733.9
2022-02-07,THE,35281.71,29401.42
2022-02-08,TTF,33262.59,27718.82
2022-02-08,CEGH,34501.05,28750.87
2022-02-08,THE,33560.97,27967.47
2022-02-09,TTF,32480.31,27066.92
2022-02-09,CEGH,33892.11,28243.42
2022-02-09,THE,32842.41,27368.67
2022-02-10,TTF,32001.22,26667.68
2022-02-10,CEGH,33493.61,27911.34
2022-02-10,THE,32225.49,26854.57
2022-02-11,TTF,31733.38,26444.48
2022-02-11,CEGH,32444.33,27036.94
2022-02-11,THE,32021.82,26684.85
2022-02-12,TTF,32456.52,27047.1
2022-02-12,CEGH,33143.1,27619.25
2022-02-12,THE,32830.28,27358.57
2022-02-13,TTF,32456.52,27047.1
2022-02-13,CEGH,33143.1,27619.25
2022-02-13,THE,32830.28,27358.57
2022-02-14,TTF,32602.9,27169.08
2022-02-14,CEGH,33707.29,28089.41
2022-02-14,THE,32904.47,27420.39
2022-02-15,TTF,34393.58,28661.32
2022-02-15,CEGH,35843.71,29869.76
2022-02-15,THE,34632.52,28860.43
2022-02-16,TTF,29455.72,24546.43
2022-02-16,CEGH,30819.0,25682.5
2022-02-16,THE,29590.41,24658.67
2022-02-17,TTF,29370.73,24475.61
2022-02-17,CEGH,30274.14,25228.45
2022-02-17,THE,29505.02,24587.52
2022-02-18,TTF,32055.56,26712.97
2022-02-18,CEGH,32437.16,27030.97
2022-02-18,THE,32125.31,26771.09
2022-02-19,TTF,31411.36,26176.13
2022-02-19,CEGH,31694.48,26412.07
2022-02-19,THE,31427.78,26189.82
2022-02-20,TTF,31411.36,26176.13
2022-02-20,CEGH,31694.48,26412.07
2022-02-20,THE,31427.78,26189.82
2022-02-21,TTF,31484.68,26237.23
2022-02-21,CEGH,31989.35,26657.79
2022-02-21,THE,31607.77,26339.81
2022-02-22,TTF,30991.48,25826.23
2022-02-22,CEGH,31423.54,26186.28
2022-02-22,THE,31119.04,25932.53
2022-02-23,TTF,34630.17,28858.47
2022-02-23,CEGH,35158.52,29298.77
2022-02-23,THE,34869.19,29057.66
2022-02-24,TTF,39151.17,32625.97
2022-02-24,CEGH,39607.72,33006.43
2022-02-24,THE,39370.99,32809.16
2022-02-25,TTF,53722.59,44768.82
2022-02-25,CEGH,53933.95,44944.96
2022-02-25,THE,55041.49,45867.91
2022-02-26,TTF,39434.4,32862.0
2022-02-26,CEGH,39548.54,32957.12
2022-02-26,THE,39759.9,33133.25
2022-02-27,TTF,39434.4,32862.0
2022-02-27,CEGH,39548.54,32957.12
2022-02-27,THE,39759.9,33133.25
2022-02-28,TTF,39958.58,33298.82
2022-02-28,CEGH,40051.58,33376.32
2022-02-28,THE,40300.99,33584.16
2022-03-01,TTF,43209.36,36007.8
2022-03-01,CEGH,43264.31,36053.59
2022-03-01,THE,43361.54,36134.62
2022-03-02,TTF,53629.59,44691.32
2022-03-02,CEGH,54145.31,45121.09
2022-03-02,THE,53878.99,44899.16
2022-03-03,TTF,75493.05,62910.87
2022-03-03,CEGH,76554.09,63795.07
2022-03-03,THE,75920.0,63266.67
2022-03-04,TTF,65440.59,54533.82
2022-03-04,CEGH,66873.63,55728.02
2022-03-04,THE,66366.36,55305.3
2022-03-05,TTF,81525.37,67937.81
2022-03-05,CEGH,81677.55,68064.62
2022-03-05,THE,81546.5,67955.42
2022-03-06,TTF,81525.37,67937.81
2022-03-06,CEGH,81677.55,68064.62
2022-03-06,THE,81546.5,67955.42
2022-03-07,TTF,81931.18,68275.98
2022-03-07,CEGH,83034.5,69195.42
2022-03-07,THE,82138.32,68448.6
2022-03-08,TTF,92820.64,77350.53
2022-03-08,CEGH,93864.78,78220.65
2022-03-08,THE,94270.6,78558.83
2022-03-09,TTF,89912.28,74926.9
2022-03-09,CEGH,90791.55,75659.62
2022-03-09,THE,90216.64,75180.53
2022-03-10,TTF,64717.73,53931.44
2022-03-10,CEGH,64916.41,54097.01
2022-03-10,THE,64764.23,53970.19
2022-03-11,TTF,52860.22,44050.18
2022-03-11,CEGH,53933.95,44944.96
2022-03-11,THE,52792.59,43993.82
2022-03-12,TTF,55764.36,46470.3
2022-03-12,CEGH,56009.54,46674.62
2022-03-12,THE,55434.63,46195.52
2022-03-13,TTF,55764.36,46470.3
2022-03-13,CEGH,56009.54,46674.62
2022-03-13,THE,55434.63,46195.52
2022-03-14,TTF,56039.13,46699.27
2022-03-14,CEGH,56592.9,47160.75
2022-03-14,THE,55963.04,46635.87
2022-03-15,TTF,47981.95,39984.96
2022-03-15,CEGH,48954.22,40795.18
2022-03-15,THE,47910.08,39925.07
2022-03-16,TTF,48413.13,40344.27
2022-03-16,CEGH,48607.58,40506.32
2022-03-16,THE,48244.04,40203.37
2022-03-17,TTF,42676.72,35563.93
2022-03-17,CEGH,43112.13,35926.77
2022-03-17,THE,42718.99,35599.16
2022-03-18,TTF,44663.54,37219.62
2022-03-18,CEGH,45225.76,37688.13
2022-03-18,THE,44764.99,37304.16
2022-03-19,TTF,42351.22,35292.68
2022-03-19,CEGH,42435.76,35363.13
2022-03-19,THE,42816.22,35680.18
2022-03-20,TTF,42351.22,35292.68
2022-03-20,CEGH,42435.76,35363.13
2022-03-20,THE,42816.22,35680.18
2022-03-21,TTF,42888.08,35740.07
2022-03-21,CEGH,43386.9,36155.75
2022-03-21,THE,43099.45,35916.21
2022-03-22,TTF,40546.17,33788.47
2022-03-22,CEGH,41125.31,34271.09
2022-03-22,THE,40554.63,33795.52
2022-03-23,TTF,40184.61,33487.17
2022-03-23,CEGH,40484.49,33737.07
2022-03-23,THE,40233.9,33528.25
2022-03-24,TTF,47641.97,39701.64
2022-03-24,CEGH,47949.14,39957.62
2022-03-24,THE,47498.62,39582.18
2022-03-25,TTF,43284.95,36070.79
2022-03-25,CEGH,42822.35,35685.29
2022-03-25,THE,42900.13,35750.11
2022-03-26,TTF,40230.98,33525.82
2022-03-26,CEGH,40284.2,33570.17
2022-03-26,THE,40746.8,33955.67
2022-03-27,TTF,40230.98,33525.82
2022-03-27,CEGH,40284.2,33570.17
2022-03-27,THE,40746.8,33955.67
2022-03-28,TTF,41052.92,34210.77
2022-03-28,CEGH,41918.6,34932.17
2022-03-28,THE,41467.3,34556.08
2022-03-29,TTF,42891.57,35742.97
2022-03-29,CEGH,43230.79,36025.66
2022-03-29,THE,43046.87,35872.39
2022-03-30,TTF,45957.43,38297.86
2022-03-30,CEGH,46461.51,38717.92
2022-03-30,THE,46002.88,38335.73
2022-03-31,TTF,49830.54,41525.45
2022-03-31,CEGH,49639.52,41366.27
2022-03-31,THE,49826.39,41521.99
2022-04-01,TTF,53175.47,44312.89
2022-04-01,CEGH,53610.06,44675.05
2022-04-01,THE,53456.92,44547.43
2022-04-02,TTF,47583.81,39653.17
2022-04-02,CEGH,47786.61,39822.17
2022-04-02,THE,47799.03,39832.52
2022-04-03,TTF,47583.81,39653.17
2022-04-03,CEGH,47786.61,39822.17
2022-04-03,THE,47799.03,39832.52
2022-04-04,TTF,47411.57,39509.64
2022-04-04,CEGH,47959.51,39966.26
2022-04-04,THE,47642.28,39701.9
2022-04-05,TTF,46738.51,38948.76
2022-04-05,CEGH,48177.79,40148.16
2022-04-05,THE,47054.25,39211.87
2022-04-06,TTF,45564.7,37970.58
2022-04-06,CEGH,46427.31,38689.42
2022-04-06,THE,45822.26,38185.22
2022-04-07,TTF,44564.32,37136.93
2022-04-07,CEGH,44999.81,37499.84
2022-04-07,THE,44653.86,37211.55
2022-04-08,TTF,43339.75,36116.46
2022-04-08,CEGH,43832.03,36526.69
2022-04-08,THE,43535.04,36279.2
2022-04-09,TTF,43148.53,35957.11
2022-04-09,CEGH,43274.66,36062.22
2022-04-09,THE,43372.3,36143.58
2022-04-10,TTF,43148.53,35957.11
2022-04-10,CEGH,43274.66,36062.22
2022-04-10,THE,43372.3,36143.58
2022-04-11,TTF,43152.3,35960.25
2022-04-11,CEGH,44055.45,36712.87
2022-04-11,THE,43383.15,36152.62
2022-04-12,TTF,42361.36,35301.13
2022-04-12,CEGH,43861.25,36551.04
2022-04-12,THE,42511.76,35426.47
2022-04-13,TTF,43041.07,35867.56
2022-04-13,CEGH,44340.94,36950.78
2022-04-13,THE,43186.85,35989.04
2022-04-14,TTF,43556.77,36297.31
2022-04-14,CEGH,44828.82,37357.35
2022-04-14,THE,43564.85,36304.04
2022-04-15,TTF,37756.46,31463.72
2022-04-15,CEGH,39101.74,32584.78
2022-04-15,THE,37849.66,31541.38
2022-04-16,TTF,37756.46,31463.72
2022-04-16,CEGH,39101.74,32584.78
2022-04-16,THE,37849.66,31541.38
2022-04-17,TTF,37756.46,31463.72
2022-04-17,CEGH,39101.74,32584.78
2022-04-17,THE,37849.66,31541.38
2022-04-18,TTF,37789.28,31491.07
2022-04-18,CEGH,39135.73,32613.11
2022-04-18,THE,37882.56,31568.8
2022-04-19,TTF,38260.22,31883.52
2022-04-19,CEGH,40351.72,33626.43
2022-04-19,THE,37925.74,31604.78
2022-04-20,TTF,38402.4,32002.0
2022-04-20,CEGH,40788.9,33990.75
2022-04-20,THE,38563.37,32136.14
2022-04-21,TTF,38381.38,31984.48
2022-04-21,CEGH,39556.19,32963.49
2022-04-21,THE,38752.8,32294.0
2022-04-22,TTF,41057.75,34214.79
2022-04-22,CEGH,42643.63,35536.36
2022-04-22,THE,41167.26,34306.05
2022-04-23,TTF,38129.35,31774.46
2022-04-23,CEGH,40453.41,33711.17
2022-04-23,THE,38295.64,31913.03
2022-04-24,TTF,38129.35,31774.46
2022-04-24,CEGH,40453.41,33711.17
2022-04-24,THE,38295.64,31913.03
2022-04-25,TTF,38584.84,32154.03
2022-04-25,CEGH,38758.32,32298.6
2022-04-25,THE,38617.12,32180.93
2022-04-26,TTF,39088.93,32574.11
2022-04-26,CEGH,39641.99,33034.99
2022-04-26,THE,39000.76,32500.63
2022-04-27,TTF,40390.16,33658.47
2022-04-27,CEGH,41647.51,34706.26
2022-04-27,THE,40437.9,33698.25
2022-04-28,TTF,43150.83,35959.02
2022-04-28,CEGH,44263.7,36886.42
2022-04-28,THE,43300.79,36083.99
2022-04-29,TTF,40221.56,33517.97
2022-04-29,CEGH,40722.13,33935.11
2022-04-29,THE,40186.36,33488.63
2022-04-30,TTF,39110.91,32592.42
2022-04-30,CEGH,39498.07,32915.06
2022-04-30,THE,39177.39,32647.82
2022-05-01,TTF,39110.91,32592.42
2022-05-01,CEGH,39498.07,32915.06
2022-05-01,THE,39177.39,32647.82
2022-05-02,TTF,39314.79,32762.32
2022-05-02,CEGH,39703.98,33086.65
2022-05-02,THE,39381.62,32818.02
2022-05-03,TTF,39242.38,32701.98
2022-05-03,CEGH,39916.76,33263.97
2022-05-03,THE,39250.22,32708.52
2022-05-04,TTF,39542.16,32951.8
2022-05-04,CEGH,40170.77,33475.64
2022-05-04,THE,39660.02,33050.02
2022-05-05,TTF,41367.29,34472.74
2022-05-05,CEGH,41779.44,34816.2
2022-05-05,THE,41367.29,34472.74
2022-05-06,TTF,40356.06,33630.05
2022-05-06,CEGH,41598.8,34665.67
2022-05-06,THE,40430.78,33692.32
2022-05-07,TTF,36509.84,30424.87
2022-05-07,CEGH,37532.35,31276.96
2022-05-07,THE,35703.63,29753.02
2022-05-08,TTF,36509.84,30424.87
2022-05-08,CEGH,37532.35,31276.96
2022-05-08,THE,35703.63,29753.02
2022-05-09,TTF,36683.03,30569.19
2022-05-09,CEGH,39006.86,32505.72
2022-05-09,THE,36320.67,30267.22
2022-05-10,TTF,34584.47,28820.39
2022-05-10,CEGH,37160.54,30967.12
2022-05-10,THE,34376.03,28646.69
2022-05-11,TTF,34538.48,28782.07
2022-05-11,CEGH,37276.84,31064.03
2022-05-11,THE,34428.32,28690.27
2022-05-12,TTF,33620.87,28017.39
2022-05-12,CEGH,38091.55,31742.96
2022-05-12,THE,33679.85,28066.54
2022-05-13,TTF,36959.62,30799.68
2022-05-13,CEGH,37610.86,31342.38
2022-05-13,THE,37230.97,31025.81
2022-05-14,TTF,36649.5,30541.25
2022-05-14,CEGH,37374.4,31145.33
2022-05-14,THE,36451.81,30376.51
2022-05-15,TTF,36649.5,30541.25
2022-05-15,CEGH,37374.4,31145.33
2022-05-15,THE,36451.81,30376.51
2022-05-16,TTF,36805.58,30671.32
2022-05-16,CEGH,37661.12,31384.27
2022-05-16,THE,36797.84,30664.87
2022-05-17,TTF,37088.15,30906.79
2022-05-17,CEGH,38183.51,31819.59
2022-05-17,THE,37064.84,30887.37
2022-05-18,TTF,38151.87,31793.22
2022-05-18,CEGH,39437.15,32864.29
2022-05-18,THE,38167.59,31806.32
2022-05-19,TTF,37178.92,30982.43
2022-05-19,CEGH,38699.18,32249.32
2022-05-19,THE,37127.98,30939.98
2022-05-20,TTF,35838.55,29865.46
2022-05-20,CEGH,37422.71,31185.59
2022-05-20,THE,35830.71,29858.92
2022-05-21,TTF,34285.77,28571.47
2022-05-21,CEGH,34975.89,29146.57
2022-05-21,THE,34199.5,28499.58
2022-05-22,TTF,34285.77,28571.47
2022-05-22,CEGH,34975.89,29146.57
2022-05-22,THE,34199.5,28499.58
2022-05-23,TTF,34766.14,28971.78
2022-05-23,CEGH,35412.33,29510.27
2022-05-23,THE,34707.03,28922.52
2022-05-24,TTF,32335.28,26946.07
2022-05-24,CEGH,33157.77,27631.47
2022-05-24,THE,32319.39,26932.82
2022-05-25,TTF,33136.63,27613.86
2022-05-25,CEGH,35573.24,29644.37
2022-05-25,THE,33148.62,27623.85
2022-05-26,TTF,33490.65,27908.87
2022-05-26,CEGH,35199.36,29332.8
2022-05-26,THE,33470.78,27892.32
2022-05-27,TTF,34089.2,28407.67
2022-05-27,CEGH,35533.91,29611.59
2022-05-27,THE,34041.31,28367.76
2022-05-28,TTF,34536.19,28780.16
2022-05-28,CEGH,36451.82,30376.52
2022-05-28,THE,34400.5,28667.08
2022-05-29,TTF,34536.19,28780.16
2022-05-29,CEGH,36451.82,30376.52
2022-05-29,THE,34400.5,28667.08
2022-05-30,TTF,34704.66,28920.55
2022-05-30,CEGH,36652.49,30543.74
2022-05-30,THE,34732.6,28943.83
2022-05-31,TTF,36704.5,30587.08
2022-05-31,CEGH,38069.51,31724.59
2022-05-31,THE,36640.26,30533.55
2022-06-01,TTF,36104.13,30086.77
2022-06-01,CEGH,36882.87,30735.72
2022-06-01,THE,36132.09,30110.07
2022-06-02,TTF,31943.03,26619.19
2022-06-02,CEGH,33276.36,27730.3
2022-06-02,THE,31703.51,26419.59
2022-06-03,TTF,31898.58,26582.15
2022-06-03,CEGH,33230.05,27691.71
2022-06-03,THE,31659.4,26382.83
2022-06-04,TTF,31898.58,26582.15
2022-06-04,CEGH,33230.05,27691.71
2022-06-04,THE,31659.4,26382.83
2022-06-05,TTF,31898.58,26582.15
2022-06-05,CEGH,33230.05,27691.71
2022-06-05,THE,31659.4,26382.83
2022-06-06,TTF,32342.72,26952.27
2022-06-06,CEGH,33830.73,28192.27
2022-06-06,THE,32086.72,26738.93
2022-06-07,TTF,32764.17,27303.47
2022-06-07,CEGH,33408.21,27840.17
2022-06-07,THE,32788.18,27323.48
2022-06-08,TTF,32506.32,27088.6
2022-06-08,CEGH,32895.86,27413.22
2022-06-08,THE,32430.8,27025.67
2022-06-09,TTF,32290.61,26908.84
2022-06-09,CEGH,33203.29,27669.41
2022-06-09,THE,32174.52,26812.1
2022-06-10,TTF,34321.04,28600.87
2022-06-10,CEGH,34897.15,29080.96
2022-06-10,THE,34253.02,28544.18
2022-06-11,TTF,33004.78,27503.98
2022-06-11,CEGH,33468.87,27890.72
2022-06-11,THE,32924.77,27437.31
2022-06-12,TTF,33004.78,27503.98
2022-06-12,CEGH,33468.87,27890.72
2022-06-12,THE,32924.77,27437.31
2022-06-13,TTF,32819.41,27349.51
2022-06-13,CEGH,33544.75,27953.96
2022-06-13,THE,32756.34,27296.95
2022-06-14,TTF,32869.57,27391.31
2022-06-14,CEGH,34018.57,28348.81
2022-06-14,THE,32963.05,27469.21
2022-06-15,TTF,38865.49,32387.91
2022-06-15,CEGH,39309.57,32757.97
2022-06-15,THE,38846.01,32371.67
2022-06-16,TTF,46100.28,38416.9
2022-06-16,CEGH,46037.9,38364.92
2022-06-16,THE,46006.7,38338.92
2022-06-17,TTF,47132.7,39277.25
2022-06-17,CEGH,48282.9,40235.75
2022-06-17,THE,47035.88,39196.57
2022-06-18,TTF,43008.27,35840.22
2022-06-18,CEGH,44026.79,36688.99
2022-06-18,THE,42942.43,35785.36
2022-06-19,TTF,43008.27,35840.22
2022-06-19,CEGH,44026.79,36688.99
2022-06-19,THE,42942.43,35785.36
2022-06-20,TTF,43862.81,36552.34
2022-06-20,CEGH,45079.17,37565.97
2022-06-20,THE,43851.07,36542.56
2022-06-21,TTF,47022.65,39185.54
2022-06-21,CEGH,48105.82,40088.18
2022-06-21,THE,47073.67,39228.06
2022-06-22,TTF,49777.37,41481.14
2022-06-22,CEGH,50764.53,42303.77
2022-06-22,THE,49899.29,41582.74
2022-06-23,TTF,50413.26,42011.05
2022-06-23,CEGH,51977.07,43314.22
2022-06-23,THE,50389.75,41991.46
2022-06-24,TTF,51891.66,43243.05
2022-06-24,CEGH,54002.76,45002.3
2022-06-24,THE,51911.24,43259.37
2022-06-25,TTF,50097.81,41748.17
2022-06-25,CEGH,52091.41,43409.51
2022-06-25,THE,50227.06,41855.88
2022-06-26,TTF,50097.81,41748.17
2022-06-26,CEGH,52091.41,43409.51
2022-06-26,THE,50227.06,41855.88
2022-06-27,TTF,50846.51,42372.09
2022-06-27,CEGH,53724.52,44770.43
2022-06-27,THE,50964.14,42470.12
2022-06-28,TTF,52038.09,43365.07
2022-06-28,CEGH,54039.33,45032.77
2022-06-28,THE,52164.15,43470.12
2022-06-29,TTF,52519.67,43766.39
2022-06-29,CEGH,54406.84,45339.03
2022-06-29,THE,52539.37,43782.81
2022-06-30,TTF,56252.53,46877.11
2022-06-30,CEGH,58178.38,48481.98
2022-06-30,THE,56307.44,46922.87
2022-07-01,TTF,57307.86,47756.55
2022-07-01,CEGH,62212.84,51844.03
2022-07-01,THE,57420.22,47850.18
2022-07-02,TTF,58605.78,48838.15
2022-07-02,CEGH,59884.33,49903.61
2022-07-02,THE,58625.15,48854.29
2022-07-03,TTF,58605.78,48838.15
2022-07-03,CEGH,59884.33,49903.61
2022-07-03,THE,58625.15,48854.29
2022-07-04,TTF,58797.79,48998.16
2022-07-04,CEGH,60015.43,50012.86
2022-07-04,THE,58937.84,49114.87
2022-07-05,TTF,64734.86,53945.72
2022-07-05,CEGH,66636.75,55530.62
2022-07-05,THE,64925.83,54104.86
2022-07-06,TTF,63843.4,53202.83
2022-07-06,CEGH,66652.57,55543.81
2022-07-06,THE,64004.58,53337.15
2022-07-07,TTF,66835.18,55695.98
2022-07-07,CEGH,68696.82,57247.35
2022-07-07,THE,66945.36,55787.8
2022-07-08,TTF,71656.65,59713.87
2022-07-08,CEGH,72948.34,60790.28
2022-07-08,THE,71850.41,59875.34
2022-07-09,TTF,65521.15,54600.96
2022-07-09,CEGH,66398.73,55332.27
2022-07-09,THE,65676.91,54730.76
2022-07-10,TTF,65521.15,54600.96
2022-07-10,CEGH,66398.73,55332.27
2022-07-10,THE,65676.91,54730.76
2022-07-11,TTF,65443.63,54536.36
2022-07-11,CEGH,68452.78,57043.98
2022-07-11,THE,65731.29,54776.07
2022-07-12,TTF,62769.69,52308.07
2022-07-12,CEGH,64390.62,53658.85
2022-07-12,THE,62427.45,52022.87
2022-07-13,TTF,66331.87,55276.56
2022-07-13,CEGH,67522.02,56268.35
2022-07-13,THE,66350.59,55292.16
2022-07-14,TTF,69477.37,57897.81
2022-07-14,CEGH,70929.79,59108.16
2022-07-14,THE,69627.49,58022.91
2022-07-15,TTF,65344.81,54454.01
2022-07-15,CEGH,67411.71,56176.42
2022-07-15,THE,65531.35,54609.46
2022-07-16,TTF,58569.57,48807.97
2022-07-16,CEGH,60580.51,50483.76
2022-07-16,THE,58442.73,48702.27
2022-07-17,TTF,58569.57,48807.97
2022-07-17,CEGH,60580.51,50483.76
2022-07-17,THE,58442.73,48702.27
2022-07-18,TTF,59009.82,49174.85
2022-07-18,CEGH,61877.76,51564.8
2022-07-18,THE,58938.59,49115.49
2022-07-19,TTF,60029.27,50024.39
2022-07-19,CEGH,62599.98,52166.65
2022-07-19,THE,60293.91,50244.92
2022-07-20,TTF,59313.87,49428.22
2022-07-20,CEGH,62693.36,52244.47
2022-07-20,THE,59436.21,49530.17
2022-07-21,TTF,59901.3,49917.75
2022-07-21,CEGH,62024.68,51687.23
2022-07-21,THE,59798.74,49832.28
2022-07-22,TTF,75577.64,62981.37
2022-07-22,CEGH,77429.96,64524.97
2022-07-22,THE,75800.86,63167.38
2022-07-23,TTF,77187.73,64323.11
2022-07-23,CEGH,80251.19,66875.99
2022-07-23,THE,76912.26,64093.55
2022-07-24,TTF,77187.73,64323.11
2022-07-24,CEGH,80251.19,66875.99
2022-07-24,THE,76912.26,64093.55
2022-07-25,TTF,77679.7,64733.08
2022-07-25,CEGH,80914.44,67428.7
2022-07-25,THE,77219.63,64349.69
2022-07-26,TTF,85186.63,70988.86
2022-07-26,CEGH,86817.19,72347.66
2022-07-26,THE,85796.89,71497.41
2022-07-27,TTF,97075.78,80896.48
2022-07-27,CEGH,100164.31,83470.26
2022-07-27,THE,97368.58,81140.48
2022-07-28,TTF,99125.88,82604.9
2022-07-28,CEGH,101179.19,84315.99
2022-07-28,THE,99390.83,82825.69
2022-07-29,TTF,95881.01,79900.84
2022-07-29,CEGH,98106.42,81755.35
2022-07-29,THE,96140.33,80116.94
2022-07-30,TTF,91906.41,76588.67
2022-07-30,CEGH,92132.72,76777.27
2022-07-30,THE,91939.41,76616.17
2022-07-31,TTF,91906.41,76588.67
2022-07-31,CEGH,92132.72,76777.27
2022-07-31,THE,91939.41,76616.17
2022-08-01,TTF,93005.37,77504.47
2022-08-01,CEGH,93980.8,78317.33
2022-08-01,THE,93110.05,77591.71
2022-08-02,TTF,96767.3,80639.42
2022-08-02,CEGH,97706.58,81422.15
2022-08-02,THE,97005.69,80838.07
2022-08-03,TTF,97120.72,80933.93
2022-08-03,CEGH,98754.69,82295.57
2022-08-03,THE,97430.36,81191.97
2022-08-04,TTF,94572.45,78810.37
2022-08-04,CEGH,97178.54,80982.12
2022-08-04,THE,94876.25,79063.54
2022-08-05,TTF,95921.58,79934.65
2022-08-05,CEGH,97277.82,81064.85
2022-08-05,THE,96139.72,80116.43
2022-08-06,TTF,93379.82,77816.52
2022-08-06,CEGH,94626.99,78855.82
2022-08-06,THE,93782.9,78152.42
2022-08-07,TTF,93379.82,77816.52
2022-08-07,CEGH,94626.99,78855.82
2022-08-07,THE,93782.9,78152.42
2022-08-08,TTF,93729.82,78108.18
2022-08-08,CEGH,95098.35,79248.62
2022-08-08,THE,94020.69,78350.57
2022-08-09,TTF,92658.38,77215.32
2022-08-09,CEGH,93252.51,77710.42
2022-08-09,THE,92948.32,77456.93
2022-08-10,TTF,93000.07,77500.06
2022-08-10,CEGH,93119.16,77599.3
2022-08-10,THE,93228.73,77690.61
2022-08-11,TTF,98255.29,81879.41
2022-08-11,CEGH,98790.68,82325.57
2022-08-11,THE,98585.13,82154.27
2022-08-12,TTF,100786.17,83988.47
2022-08-12,CEGH,101007.47,84172.89
2022-08-12,THE,101267.27,84389.39
2022-08-13,TTF,98082.35,81735.29
2022-08-13,CEGH,98587.51,82156.26
2022-08-13,THE,98371.01,81975.84
2022-08-14,TTF,98082.35,81735.29
2022-08-14,CEGH,98587.51,82156.26
2022-08-14,THE,98371.01,81975.84
2022-08-15,TTF,97507.16,81255.97
2022-08-15,CEGH,97856.91,81547.42
2022-08-15,THE,97602.98,81335.82
2022-08-16,TTF,104756.73,87297.27
2022-08-16,CEGH,105022.8,87519.0
2022-08-16,THE,104794.74,87328.95
2022-08-17,TTF,107934.51,89945.42
2022-08-17,CEGH,109109.66,90924.72
2022-08-17,THE,108382.86,90319.05
2022-08-18,TTF,108320.11,90266.76
2022-08-18,CEGH,108419.6,90349.67
2022-08-18,THE,108462.23,90385.19
2022-08-19,TTF,115130.62,95942.18
2022-08-19,CEGH,114803.35,95669.46
2022-08-19,THE,115215.99,96013.32
2022-08-20,TTF,117530.59,97942.16
2022-08-20,CEGH,117848.37,98206.97
2022-08-20,THE,117663.39,98052.82
2022-08-21,TTF,117530.59,97942.16
2022-08-21,CEGH,117848.37,98206.97
2022-08-21,THE,117663.39,98052.82
2022-08-22,TTF,116783.14,97319.28
2022-08-22,CEGH,117110.93,97592.44
2022-08-22,THE,116979.81,97483.17
2022-08-23,TTF,132169.6,110141.33
2022-08-23,CEGH,132169.6,110141.33
2022-08-23,THE,132402.61,110335.51
2022-08-24,TTF,125480.78,104567.32
2022-08-24,CEGH,126424.45,105353.71
2022-08-24,THE,125869.35,104891.12
2022-08-25,TTF,136827.61,114023.01
2022-08-25,CEGH,137771.47,114809.56
2022-08-25,THE,137100.59,114250.49
2022-08-26,TTF,146390.72,121992.27
2022-08-26,CEGH,147120.63,122600.52
2022-08-26,THE,146855.63,122379.69
2022-08-27,TTF,146697.56,122247.97
2022-08-27,CEGH,149389.4,124491.17
2022-08-27,THE,150249.48,125207.9
2022-08-28,TTF,146697.56,122247.97
2022-08-28,CEGH,149389.4,124491.17
2022-08-28,THE,150249.48,125207.9
2022-08-29,TTF,146962.05,122468.37
2022-08-29,CEGH,149658.75,124715.62
2022-08-29,THE,150520.39,125433.66
2022-08-30,TTF,147368.68,122807.23
2022-08-30,CEGH,150704.13,125586.77
2022-08-30,THE,148822.11,124018.42
2022-08-31,TTF,117920.54,98267.12
2022-08-31,CEGH,120190.89,100159.07
2022-08-31,THE,118191.49,98492.91
2022-09-01,TTF,109181.03,90984.19
2022-09-01,CEGH,111902.78,93252.32
2022-09-01,THE,109814.86,91512.38
2022-09-02,TTF,106421.84,88684.87
2022-09-02,CEGH,106631.64,88859.7
2022-09-02,THE,106594.34,88828.62
2022-09-03,TTF,83148.33,69290.27
2022-09-03,CEGH,85292.92,71077.43
2022-09-03,THE,83553.93,69628.27
2022-09-04,TTF,83148.33,69290.27
2022-09-04,CEGH,85292.92,71077.43
2022-09-04,THE,83553.93,69628.27
2022-09-05,TTF,85532.21,71276.84
2022-09-05,CEGH,88060.35,73383.62
2022-09-05,THE,86193.34,71827.78
2022-09-06,TTF,102147.11,85122.59
2022-09-06,CEGH,109619.52,91349.6
2022-09-06,THE,102599.99,85499.99
2022-09-07,TTF,108438.87,90365.72
2022-09-07,CEGH,109123.28,90936.07
2022-09-07,THE,108910.56,90758.8
2022-09-08,TTF,97966.31,81638.59
2022-09-08,CEGH,98238.03,81865.02
2022-09-08,THE,98334.74,81945.62
2022-09-09,TTF,99397.02,82830.85
2022-09-09,CEGH,99616.54,83013.78
2022-09-09,THE,99471.75,82893.12
2022-09-10,TTF,89785.01,74820.84
2022-09-10,CEGH,90252.06,75210.05
2022-09-10,THE,89939.14,74949.28
2022-09-11,TTF,89785.01,74820.84
2022-09-11,CEGH,90252.06,75210.05
2022-09-11,THE,89939.14,74949.28
2022-09-12,TTF,90923.82,75769.85
2022-09-12,CEGH,91831.45,76526.21
2022-09-12,THE,91139.03,75949.19
2022-09-13,TTF,89786.75,74822.29
2022-09-13,CEGH,89451.09,74542.57
2022-09-13,THE,89682.75,74735.62
2022-09-14,TTF,95485.15,79570.96
2022-09-14,CEGH,95670.12,79725.1
2022-09-14,THE,95527.84,79606.53
2022-09-15,TTF,102914.89,85762.41
2022-09-15,CEGH,102304.81,85254.01
2022-09-15,THE,102467.81,85389.84
2022-09-16,TTF,94563.67,78803.06
2022-09-16,CEGH,95475.72,79563.1
2022-09-16,THE,95229.1,79357.58
2022-09-17,TTF,77979.29,64982.74
2022-09-17,CEGH,78179.38,65149.48
2022-09-17,THE,77876.92,64897.43
2022-09-18,TTF,77979.29,64982.74
2022-09-18,CEGH,78179.38,65149.48
2022-09-18,THE,77876.92,64897.43
2022-09-19,TTF,78535.62,65446.35
2022-09-19,CEGH,79130.38,65941.98
2022-09-19,THE,78730.77,65608.97
2022-09-20,TTF,77452.0,64543.33
2022-09-20,CEGH,78447.6,65373.0
2022-09-20,THE,78042.85,65035.71
2022-09-21,TTF,82708.61,68923.84
2022-09-21,CEGH,84016.58,70013.82
2022-09-21,THE,83029.78,69191.48
2022-09-22,TTF,80822.75,67352.29
2022-09-22,CEGH,82262.44,68552.03
2022-09-22,THE,81048.86,67540.72
2022-09-23,TTF,80727.73,67273.11
2022-09-23,CEGH,82175.98,68479.98
2022-09-23,THE,81021.98,67518.32
2022-09-24,TTF,78313.97,65261.64
2022-09-24,CEGH,79113.96,65928.3
2022-09-24,THE,78566.84,65472.37
2022-09-25,TTF,78313.97,65261.64
2022-09-25,CEGH,79113.96,65928.3
2022-09-25,THE,78566.84,65472.37
2022-09-26,TTF,78315.01,65262.51
2022-09-26,CEGH,78446.82,65372.35
2022-09-26,THE,78669.54,65557.95
2022-09-27,TTF,77360.85,64467.37
2022-09-27,CEGH,77787.46,64822.88
2022-09-27,THE,77414.74,64512.28
2022-09-28,TTF,92955.88,77463.23
2022-09-28,CEGH,93535.51,77946.26
2022-09-28,THE,93135.61,77613.01
2022-09-29,TTF,91029.84,75858.2
2022-09-29,CEGH,91578.07,76315.06
2022-09-29,THE,91595.9,76329.92
2022-09-30,TTF,82867.97,69056.64
2022-09-30,CEGH,83235.06,69362.55
2022-09-30,THE,83343.82,69453.18
2022-10-01,TTF,73931.05,61609.21
2022-10-01,CEGH,74796.65,62330.54
2022-10-01,THE,74284.54,61903.78
2022-10-02,TTF,73931.05,61609.21
2022-10-02,CEGH,74796.65,62330.54
2022-10-02,THE,74284.54,61903.78
2022-10-03,TTF,73981.93,61651.61
2022-10-03,CEGH,74672.23,62226.86
2022-10-03,THE,74172.67,61810.56
2022-10-04,TTF,59767.84,49806.53
2022-10-04,CEGH,60700.71,50583.92
2022-10-04,THE,60122.79,50102.32
2022-10-05,TTF,39876.72,33230.6
2022-10-05,CEGH,48486.84,40405.7
2022-10-05,THE,43103.21,35919.34
2022-10-06,TTF,46884.02,39070.02
2022-10-06,CEGH,49893.21,41577.67
2022-10-06,THE,47931.7,39943.08
2022-10-07,TTF,60525.75,50438.12
2022-10-07,CEGH,61978.6,51648.83
2022-10-07,THE,60990.11,50825.09
2022-10-08,TTF,43891.54,36576.28
2022-10-08,CEGH,44921.41,37434.51
2022-10-08,THE,44604.17,37170.14
2022-10-09,TTF,43891.54,36576.28
2022-10-09,CEGH,44921.41,37434.51
2022-10-09,THE,44604.17,37170.14
2022-10-10,TTF,45619.9,38016.58
2022-10-10,CEGH,48370.76,40308.97
2022-10-10,THE,47006.73,39172.27
2022-10-11,TTF,47224.92,39354.1
2022-10-11,CEGH,54712.67,45593.89
2022-10-11,THE,48417.9,40348.25
2022-10-12,TTF,47658.26,39715.22
2022-10-12,CEGH,49588.06,41323.38
2022-10-12,THE,48432.9,40360.75
2022-10-13,TTF,47871.22,39892.68
2022-10-13,CEGH,49753.39,41461.16
2022-10-13,THE,48414.15,40345.12
2022-10-14,TTF,42312.35,35260.29
2022-10-14,CEGH,44214.93,36845.77
2022-10-14,THE,42875.4,35729.5
2022-10-15,TTF,27227.93,22689.94
2022-10-15,CEGH,27736.5,23113.75
2022-10-15,THE,27577.57,22981.31
2022-10-16,TTF,27227.93,22689.94
2022-10-16,CEGH,27736.5,23113.75
2022-10-16,THE,27577.57,22981.31
2022-10-17,TTF,30958.52,25798.77
2022-10-17,CEGH,32511.77,27093.14
2022-10-17,THE,31406.84,26172.37
2022-10-18,TTF,29566.46,24638.72
2022-10-18,CEGH,30487.95,25406.62
2022-10-18,THE,29879.68,24899.73
2022-10-19,TTF,31157.93,25964.94
2022-10-19,CEGH,32472.63,27060.52
2022-10-19,THE,30947.21,25789.34
2022-10-20,TTF,32864.95,27387.46
2022-10-20,CEGH,34077.26,28397.72
2022-10-20,THE,33466.54,27888.78
2022-10-21,TTF,28235.59,23529.66
2022-10-21,CEGH,29292.04,24410.03
2022-10-21,THE,28843.85,24036.54
2022-10-22,TTF,17099.39,14249.49
2022-10-22,CEGH,21576.74,17980.62
2022-10-22,THE,17799.12,14832.6
2022-10-23,TTF,17099.39,14249.49
2022-10-23,CEGH,21576.74,17980.62
2022-10-23,THE,17799.12,14832.6
2022-10-24,TTF,19362.7,16135.58
2022-10-24,CEGH,23150.47,19292.06
2022-10-24,THE,20171.12,16809.27
2022-10-25,TTF,13883.83,11569.86
2022-10-25,CEGH,16555.41,13796.17
2022-10-25,THE,14442.89,12035.74
2022-10-26,TTF,19539.83,16283.19
2022-10-26,CEGH,22022.79,18352.32
2022-10-26,THE,20620.38,17183.65
2022-10-27,TTF,20012.18,16676.82
2022-10-27,CEGH,28328.77,23607.31
2022-10-27,THE,22169.54,18474.62
2022-10-28,TTF,14825.23,12354.36
2022-10-28,CEGH,17105.35,14254.46
2022-10-28,THE,15855.26,13212.72
2022-10-29,TTF,16712.06,13926.72
2022-10-29,CEGH,25303.47,21086.22
2022-10-29,THE,16960.21,14133.51
2022-10-30,TTF,16712.06,13926.72
2022-10-30,CEGH,25303.47,21086.22
2022-10-30,THE,16960.21,14133.51
2022-10-31,TTF,17710.98,14759.15
2022-10-31,CEGH,26953.91,22461.59
2022-10-31,THE,18119.3,15099.42
2022-11-01,TTF,15993.93,13328.27
2022-11-01,CEGH,17411.69,14509.74
2022-11-01,THE,16072.44,13393.7
2022-11-02,TTF,11863.32,9886.1
2022-11-02,CEGH,12998.19,10831.82
2022-11-02,THE,12048.61,10040.51
2022-11-03,TTF,24202.12,20168.43
2022-11-03,CEGH,25369.92,21141.6
2022-11-03,THE,23569.75,19641.46
2022-11-04,TTF,32466.35,27055.29
2022-11-04,CEGH,33574.24,27978.53
2022-11-04,THE,33020.29,27516.91
2022-11-05,TTF,25864.41,21553.67
2022-11-05,CEGH,26354.79,21962.32
2022-11-05,THE,25710.03,21425.02
2022-11-06,TTF,25864.41,21553.67
2022-11-06,CEGH,26354.79,21962.32
2022-11-06,THE,25710.03,21425.02
2022-11-07,TTF,27631.01,23025.84
2022-11-07,CEGH,31450.74,26208.95
2022-11-07,THE,28020.78,23350.65
2022-11-08,TTF,31069.41,25891.17
2022-11-08,CEGH,34079.66,28399.72
2022-11-08,THE,31916.19,26596.82
2022-11-09,TTF,43498.52,36248.77
2022-11-09,CEGH,45840.66,38200.55
2022-11-09,THE,43926.91,36605.76
2022-11-10,TTF,42541.08,35450.9
2022-11-10,CEGH,44433.16,37027.63
2022-11-10,THE,43295.1,36079.25
2022-11-11,TTF,36350.65,30292.21
2022-11-11,CEGH,38052.25,31710.21
2022-11-11,THE,36823.57,30686.31
2022-11-12,TTF,27040.48,22533.73
2022-11-12,CEGH,27712.78,23093.98
2022-11-12,THE,27096.12,22580.1
2022-11-13,TTF,27040.48,22533.73
2022-11-13,CEGH,27712.78,23093.98
2022-11-13,THE,27096.12,22580.1
2022-11-14,TTF,34055.76,28379.8
2022-11-14,CEGH,35530.82,29609.02
2022-11-14,THE,34219.12,28515.93
2022-11-15,TTF,53658.1,44715.08
2022-11-15,CEGH,53821.72,44851.43
2022-11-15,THE,53711.04,44759.2
2022-11-16,TTF,57777.47,48147.89
2022-11-16,CEGH,57122.69,47602.24
2022-11-16,THE,58078.18,48398.48
2022-11-17,TTF,50421.72,42018.1
2022-11-17,CEGH,51222.73,42685.61
2022-11-17,THE,50756.69,42297.24
2022-11-18,TTF,53126.8,44272.33
2022-11-18,CEGH,52621.42,43851.18
2022-11-18,THE,53285.63,44404.69
2022-11-19,TTF,54132.75,45110.62
2022-11-19,CEGH,55042.44,45868.7
2022-11-19,THE,54695.89,45579.91
2022-11-20,TTF,54132.75,45110.62
2022-11-20,CEGH,55042.44,45868.7
2022-11-20,THE,54695.89,45579.91
2022-11-21,TTF,54790.29,45658.57
2022-11-21,CEGH,56272.72,46893.93
2022-11-21,THE,55543.58,46286.32
2022-11-22,TTF,55194.11,45995.09
2022-11-22,CEGH,55852.7,46543.92
2022-11-22,THE,55676.12,46396.77
2022-11-23,TTF,57565.41,47971.17
2022-11-23,CEGH,58379.01,48649.17
2022-11-23,THE,57866.92,48222.43
2022-11-24,TTF,62524.33,52103.61
2022-11-24,CEGH,62259.76,51883.13
2022-11-24,THE,62509.9,52091.58
2022-11-25,TTF,59402.77,49502.31
2022-11-25,CEGH,58873.92,49061.6
2022-11-25,THE,59475.55,49562.96
2022-11-26,TTF,62139.21,51782.67
2022-11-26,CEGH,60882.58,50735.48
2022-11-26,THE,62197.43,51831.19
2022-11-27,TTF,62139.21,51782.67
2022-11-27,CEGH,60882.58,50735.48
2022-11-27,THE,62197.43,51831.19
2022-11-28,TTF,62485.19,52070.99
2022-11-28,CEGH,62683.53,52236.27
2022-11-28,THE,62538.4,52115.33
2022-11-29,TTF,62557.48,52131.23
2022-11-29,CEGH,62469.62,52058.02
2022-11-29,THE,62733.2,52277.67
2022-11-30,TTF,66073.85,55061.54
2022-11-30,CEGH,65716.1,54763.42
2022-11-30,THE,66281.72,55234.77
2022-12-01,TTF,69339.46,57782.88
2022-12-01,CEGH,70605.57,58837.97
2022-12-01,THE,69653.57,58044.64
2022-12-02,TTF,68003.81,56669.84
2022-12-02,CEGH,68422.53,57018.77
2022-12-02,THE,68266.73,56888.94
2022-12-03,TTF,66221.81,55184.84
2022-12-03,CEGH,65890.73,54908.94
2022-12-03,THE,66382.48,55318.73
2022-12-04,TTF,66221.81,55184.84
2022-12-04,CEGH,65890.73,54908.94
2022-12-04,THE,66382.48,55318.73
2022-12-05,TTF,67285.54,56071.28
2022-12-05,CEGH,67712.84,56427.37
2022-12-05,THE,67516.38,56263.65
2022-12-06,TTF,68445.22,57037.68
2022-12-06,CEGH,68830.26,57358.55
2022-12-06,THE,68593.31,57161.09
2022-12-07,TTF,70263.76,58553.13
2022-12-07,CEGH,70636.52,58863.77
2022-12-07,THE,70415.81,58679.84
2022-12-08,TTF,74768.41,62307.01
2022-12-08,CEGH,73383.96,61153.3
2022-12-08,THE,74969.69,62474.74
2022-12-09,TTF,68921.71,57434.76
2022-12-09,CEGH,68210.97,56842.47
2022-12-09,THE,69230.52,57692.1
2022-12-10,TTF,71299.04,59415.87
2022-12-10,CEGH,70446.15,58705.12
2022-12-10,THE,71392.18,59493.48
2022-12-11,TTF,71299.04,59415.87
2022-12-11,CEGH,70446.15,58705.12
2022-12-11,THE,71392.18,59493.48
2022-12-12,TTF,72211.35,60176.12
2022-12-12,CEGH,72914.79,60762.32
2022-12-12,THE,72457.31,60381.09
2022-12-13,TTF,69466.44,57888.7
2022-12-13,CEGH,70120.7,58433.92
2022-12-13,THE,69761.6,58134.67
2022-12-14,TTF,69623.67,58019.72
2022-12-14,CEGH,70085.81,58404.84
2022-12-14,THE,69815.41,58179.51
2022-12-15,TTF,67463.48,56219.57
2022-12-15,CEGH,67547.82,56289.85
2022-12-15,THE,67617.27,56347.72
2022-12-16,TTF,68431.45,57026.21
2022-12-16,CEGH,68050.18,56708.48
2022-12-16,THE,68659.22,57216.02
2022-12-17,TTF,59969.22,49974.35
2022-12-17,CEGH,58770.94,48975.78
2022-12-17,THE,60033.59,50027.99
2022-12-18,TTF,59969.22,49974.35
2022-12-18,CEGH,58770.94,48975.78
2022-12-18,THE,60033.59,50027.99
2022-12-19,TTF,59602.52,49668.77
2022-12-19,CEGH,59458.98,49549.15
2022-12-19,THE,59919.28,49932.73
2022-12-20,TTF,54566.53,45472.11
2022-12-20,CEGH,54734.6,45612.17
2022-12-20,THE,54729.65,45608.04
2022-12-21,TTF,53662.58,44718.82
2022-12-21,CEGH,53904.95,44920.79
2022-12-21,THE,53875.27,44896.06
2022-12-22,TTF,48526.83,40439.02
2022-12-22,CEGH,48244.47,40203.72
2022-12-22,THE,48660.57,40550.47
2022-12-23,TTF,45852.11,38210.09
2022-12-23,CEGH,46481.64,38734.7
2022-12-23,THE,46040.48,38367.07
2022-12-24,TTF,40964.58,34137.15
2022-12-24,CEGH,41708.12,34756.77
2022-12-24,THE,40974.49,34145.41
2022-12-25,TTF,40964.58,34137.15
2022-12-25,CEGH,41708.12,34756.77
2022-12-25,THE,40974.49,34145.41
2022-12-26,TTF,40899.52,34082.93
2022-12-26,CEGH,41641.88,34701.57
2022-12-26,THE,40909.42,34091.18
2022-12-27,TTF,40909.15,34090.96
2022-12-27,CEGH,41651.67,34709.72
2022-12-27,THE,40919.05,34099.21
2022-12-28,TTF,41319.78,34433.15
2022-12-28,CEGH,41498.18,34581.82
2022-12-28,THE,41676.58,34730.48
2022-12-29,TTF,39907.51,33256.26
2022-12-29,CEGH,40572.55,33810.46
2022-12-29,THE,40284.7,33570.58
2022-12-30,TTF,41190.67,34325.56
2022-12-30,CEGH,41558.0,34631.67
2022-12-30,THE,41374.33,34478.61
2022-12-31,TTF,33541.27,27951.06
2022-12-31,CEGH,34534.06,28778.38
2022-12-31,THE,33451.92,27876.6
2023-01-01,TTF,34711.55,28926.29
2023-01-01,CEGH,35709.47,29757.89
2023-01-01,THE,34621.74,28851.45
2023-01-02,TTF,36112.73,30093.94
2023-01-02,CEGH,37737.94,31448.28
2023-01-02,THE,35902.71,29918.92
2023-01-03,TTF,36906.95,30755.79
2023-01-03,CEGH,37706.38,31421.98
2023-01-03,THE,37196.74,30997.28
2023-01-04,TTF,33581.14,27984.28
2023-01-04,CEGH,37604.54,31337.12
2023-01-04,THE,33906.96,28255.8
2023-01-05,TTF,35742.02,29785.02
2023-01-05,CEGH,34887.35,29072.79
2023-01-05,THE,36079.91,30066.59
2023-01-06,TTF,35730.32,29775.27
2023-01-06,CEGH,36033.33,30027.77
2023-01-06,THE,36068.1,30056.75
2023-01-07,TTF,34553.05,28794.21
2023-01-07,CEGH,35586.26,29655.22
2023-01-07,THE,34786.52,28988.77
2023-01-08,TTF,34553.05,28794.21
2023-01-08,CEGH,35586.26,29655.22
2023-01-08,THE,34786.52,28988.77
2023-01-09,TTF,37912.22,31593.52
2023-01-09,CEGH,36422.79,30352.32
2023-01-09,THE,38334.96,31945.8
2023-01-10,TTF,36019.5,30016.25
2023-01-10,CEGH,40124.83,33437.36
2023-01-10,THE,36259.82,30216.52
2023-01-11,TTF,34285.5,28571.25
2023-01-11,CEGH,37750.0,31458.33
2023-01-11,THE,35490.55,29575.46
2023-01-12,TTF,35453.79,29544.82
2023-01-12,CEGH,36792.0,30660.0
2023-01-12,THE,35911.6,29926.33
2023-01-13,TTF,34505.75,28754.79
2023-01-13,CEGH,37369.39,31141.16
2023-01-13,THE,35050.24,29208.53
2023-01-14,TTF,34218.37,28515.31
2023-01-14,CEGH,35292.24,29410.2
2023-01-14,THE,34672.12,28893.43
2023-01-15,TTF,34218.37,28515.31
2023-01-15,CEGH,35292.24,29410.2
2023-01-15,THE,34672.12,28893.43
2023-01-16,TTF,31009.92,25841.6
2023-01-16,CEGH,35882.04,29901.7
2023-01-16,THE,31455.61,26213.01
2023-01-17,TTF,33135.06,27612.55
2023-01-17,CEGH,32263.47,26886.22
2023-01-17,THE,33530.31,27941.92
2023-01-18,TTF,33244.35,27703.62
2023-01-18,CEGH,34856.05,29046.71
2023-01-18,THE,33640.92,28034.1
2023-01-19,TTF,33889.55,28241.29
2023-01-19,CEGH,35512.31,29593.59
2023-01-19,THE,34148.18,28456.82
2023-01-20,TTF,37524.4,31270.33
2023-01-20,CEGH,35610.7,29675.58
2023-01-20,THE,37686.41,31405.34
2023-01-21,TTF,37524.4,31270.33
2023-01-21,CEGH,38592.63,32160.52
2023-01-21,THE,37706.66,31422.22
2023-01-22,TTF,37524.4,31270.33
2023-01-22,CEGH,38592.63,32160.52
2023-01-22,THE,37706.66,31422.22
2023-01-23,TTF,36591.02,30492.52
2023-01-23,CEGH,39236.2,32696.83
2023-01-23,THE,36793.71,30661.42
2023-01-24,TTF,32776.6,27313.83
2023-01-24,CEGH,38423.87,32019.89
2023-01-24,THE,33026.11,27521.76
2023-01-25,TTF,32035.17,26695.97
2023-01-25,CEGH,34945.77,29121.47
2023-01-25,THE,32355.75,26963.12
2023-01-26,TTF,31226.94,26022.45
2023-01-26,CEGH,33804.31,28170.26
2023-01-26,THE,31542.74,26285.62
2023-01-27,TTF,31289.51,26074.59
2023-01-27,CEGH,33147.33,27622.77
2023-01-27,THE,31605.95,26338.29
2023-01-28,TTF,31805.0,26504.17
2023-01-28,CEGH,33473.99,27894.99
2023-01-28,THE,32009.16,26674.3
2023-01-29,TTF,31805.0,26504.17
2023-01-29,CEGH,33473.99,27894.99
2023-01-29,THE,32009.16,26674.3
2023-01-30,TTF,31500.64,26250.53
2023-01-30,CEGH,33420.22,27850.18
2023-01-30,THE,31907.98,26589.98
2023-01-31,TTF,31279.35,26066.12
2023-01-31,CEGH,32321.41,26934.51
2023-01-31,THE,31585.84,26321.53
2023-02-01,TTF,32384.35,26986.96
2023-02-01,CEGH,33794.39,28161.99
2023-02-01,THE,32688.68,27240.57
2023-02-02,TTF,33367.87,27806.56
2023-02-02,CEGH,34306.74,28588.95
2023-02-02,THE,33694.44,28078.7
2023-02-03,TTF,31777.19,26480.99
2023-02-03,CEGH,32487.35,27072.79
2023-02-03,THE,32121.98,26768.32
2023-02-04,TTF,33346.74,27788.95
2023-02-04,CEGH,34087.78,28406.48
2023-02-04,THE,33557.73,27964.77
2023-02-05,TTF,33346.74,27788.95
2023-02-05,CEGH,34087.78,28406.48
2023-02-05,THE,33557.73,27964.77
2023-02-06,TTF,33377.64,27814.7
2023-02-06,CEGH,34320.13,28600.11
2023-02-06,THE,33526.19,27938.49
2023-02-07,TTF,32805.59,27337.99
2023-02-07,CEGH,33865.61,28221.34
2023-02-07,THE,32982.26,27485.22
2023-02-08,TTF,30698.66,25582.22
2023-02-08,CEGH,32102.84,26752.37
2023-02-08,THE,31064.75,25887.29
2023-02-09,TTF,30304.76,25253.97
2023-02-09,CEGH,31421.14,26184.28
2023-02-09,THE,30581.34,25484.45
2023-02-10,TTF,29937.14,24947.62
2023-02-10,CEGH,31233.68,26028.07
2023-02-10,THE,30270.1,25225.08
2023-02-11,TTF,30295.33,25246.11
2023-02-11,CEGH,31152.96,25960.8
2023-02-11,THE,30471.9,25393.25
2023-02-12,TTF,30295.33,25246.11
2023-02-12,CEGH,31152.96,25960.8
2023-02-12,THE,30471.9,25393.25
2023-02-13,TTF,30237.99,25198.32
2023-02-13,CEGH,30948.58,25790.48
2023-02-13,THE,30448.16,25373.47
2023-02-14,TTF,29136.34,24280.28
2023-02-14,CEGH,29677.24,24731.03
2023-02-14,THE,29321.65,24434.71
2023-02-15,TTF,29724.02,24770.02
2023-02-15,CEGH,30510.18,25425.15
2023-02-15,THE,29950.79,24958.99
2023-02-16,TTF,30207.67,25173.06
2023-02-16,CEGH,31029.58,25857.98
2023-02-16,THE,30408.14,25340.12
2023-02-17,TTF,28620.76,23850.63
2023-02-17,CEGH,29792.93,24827.44
2023-02-17,THE,28826.14,24021.78
2023-02-18,TTF,27263.24,22719.37
2023-02-18,CEGH,28174.93,23479.11
2023-02-18,THE,27533.74,22944.78
2023-02-19,TTF,27263.24,22719.37
2023-02-19,CEGH,28174.93,23479.11
2023-02-19,THE,27533.74,22944.78
2023-02-20,TTF,27029.34,22524.45
2023-02-20,CEGH,28079.09,23399.24
2023-02-20,THE,27302.97,22752.47
2023-02-21,TTF,27542.7,22952.25
2023-02-21,CEGH,28017.6,23348.0
2023-02-21,THE,27772.65,23143.87
2023-02-22,TTF,27434.72,22862.27
2023-02-22,CEGH,27979.04,23315.87
2023-02-22,THE,27484.65,22903.87
2023-02-23,TTF,27977.58,23314.65
2023-02-23,CEGH,28346.64,23622.2
2023-02-23,THE,27967.61,23306.34
2023-02-24,TTF,27839.87,23199.89
2023-02-24,CEGH,28342.17,23618.47
2023-02-24,THE,28038.8,23365.67
2023-02-25,TTF,28386.92,23655.77
2023-02-25,CEGH,28570.93,23809.11
2023-02-25,THE,28565.96,23804.97
2023-02-26,TTF,28386.92,23655.77
2023-02-26,CEGH,28570.93,23809.11
2023-02-26,THE,28565.96,23804.97
2023-02-27,TTF,28516.86,23764.05
2023-02-27,CEGH,28997.0,24164.17
2023-02-27,THE,28704.96,23920.8
2023-02-28,TTF,26710.0,22258.33
2023-02-28,CEGH,27343.09,22785.91
2023-02-28,THE,26942.46,22452.05
2023-03-01,TTF,26462.28,22051.9
2023-03-01,CEGH,27461.9,22884.92
2023-03-01,THE,26800.46,22333.72
2023-03-02,TTF,27102.93,22585.77
2023-03-02,CEGH,27968.9,23307.42
2023-03-02,THE,27358.22,22798.52
2023-03-03,TTF,26505.94,22088.28
2023-03-03,CEGH,27330.69,22775.57
2023-03-03,THE,26779.2,22316.0
2023-03-04,TTF,25711.01,21425.84
2023-03-04,CEGH,25999.18,21665.98
2023-03-04,THE,26088.61,21740.51
2023-03-05,TTF,25711.01,21425.84
2023-03-05,CEGH,25999.18,21665.98
2023-03-05,THE,26088.61,21740.51
2023-03-06,TTF,25848.46,21540.38
2023-03-06,CEGH,26246.13,21871.77
2023-03-06,THE,26231.22,21859.35
2023-03-07,TTF,24583.58,20486.32
2023-03-07,CEGH,24777.99,20648.32
2023-03-07,THE,24723.15,20602.62
2023-03-08,TTF,25371.06,21142.55
2023-03-08,CEGH,25466.01,21221.67
2023-03-08,THE,25580.96,21317.47
2023-03-09,TTF,24160.32,20133.6
2023-03-09,CEGH,24115.86,20096.55
2023-03-09,THE,24427.11,20355.92
2023-03-10,TTF,25390.37,21158.64
2023-03-10,CEGH,24950.06,20791.72
2023-03-10,THE,25568.47,21307.06
2023-03-11,TTF,29788.46,24823.72
2023-03-11,CEGH,29857.72,24881.43
2023-03-11,THE,30199.08,25165.9
2023-03-12,TTF,29788.46,24823.72
2023-03-12,CEGH,29857.72,24881.43
2023-03-12,THE,30199.08,25165.9
2023-03-13,TTF,29569.38,24641.15
2023-03-13,CEGH,29549.53,24624.61
2023-03-13,THE,29812.57,24843.81
2023-03-14,TTF,27418.52,22848.77
2023-03-14,CEGH,27468.62,22890.52
2023-03-14,THE,27699.05,23082.54
2023-03-15,TTF,25658.74,21382.28
2023-03-15,CEGH,26297.65,21914.71
2023-03-15,THE,25975.68,21646.4
2023-03-16,TTF,24018.88,20015.73
2023-03-16,CEGH,24845.03,20704.19
2023-03-16,THE,24454.21,20378.51
2023-03-17,TTF,25046.67,20872.22
2023-03-17,CEGH,25869.97,21558.31
2023-03-17,THE,25542.64,21285.53
2023-03-18,TTF,23573.66,19644.72
2023-03-18,CEGH,24248.17,20206.81
2023-03-18,THE,23791.88,19826.57
2023-03-19,TTF,23573.66,19644.72
2023-03-19,CEGH,24248.17,20206.81
2023-03-19,THE,23791.88,19826.57
2023-03-20,TTF,23640.12,19700.1
2023-03-20,CEGH,24351.82,20293.18
2023-03-20,THE,23874.03,19895.02
2023-03-21,TTF,22434.06,18695.05
2023-03-21,CEGH,23246.48,19372.07
2023-03-21,THE,22684.81,18904.01
2023-03-22,TTF,23624.53,19687.11
2023-03-22,CEGH,24705.24,20587.7
2023-03-22,THE,23851.78,19876.48
2023-03-23,TTF,22727.67,18939.72
2023-03-23,CEGH,24000.4,20000.33
2023-03-23,THE,23116.56,19263.8
2023-03-24,TTF,24729.68,20608.07
2023-03-24,CEGH,25432.67,21193.89
2023-03-24,THE,25076.08,20896.73
2023-03-24,THE,25076.08,20896.73
2023-03-25,TTF,23644.64,19703.87
2023-03-25,CEGH,24352.72,20293.93
2023-03-25,THE,23914.63,19928.86
2023-03-26,TTF,23644.64,19703.87
2023-03-26,CEGH,24352.72,20293.93
2023-03-26,THE,23914.63,19928.86
2023-03-27,TTF,23677.17,19730.97
2023-03-27,CEGH,24145.45,20121.21
2023-03-27,THE,23954.11,19961.76
2023-03-28,TTF,24649.54,20541.28
2023-03-28,CEGH,25209.63,21008.02
2023-03-28,THE,24937.16,20780.97
2023-03-29,TTF,24629.08,20524.23
2023-03-29,CEGH,25298.87,21082.39
2023-03-29,THE,24877.71,20731.42
2023-03-30,TTF,24494.88,20412.4
2023-03-30,CEGH,25166.16,20971.8
2023-03-30,THE,24677.95,20564.96
2023-03-31,TTF,24871.21,20726.01
2023-03-31,CEGH,25115.82,20929.85
2023-03-31,THE,25064.86,20887.38
2023-04-01,TTF,26940.18,22450.15
2023-04-01,CEGH,27414.1,22845.08
2023-04-01,THE,27424.3,22853.58
2023-04-02,TTF,26940.18,22450.15
2023-04-02,CEGH,27414.1,22845.08
2023-04-02,THE,27424.3,22853.58
2023-04-03,TTF,27170.37,22641.97
2023-04-03,CEGH,27531.78,22943.15
2023-04-03,THE,27725.22,23104.35
2023-04-04,TTF,29396.93,24497.44
2023-04-04,CEGH,30043.79,25036.49
2023-04-04,THE,30013.23,25011.02
2023-04-05,TTF,26991.43,22492.86
2023-04-05,CEGH,27895.32,23246.1
2023-04-05,THE,27491.89,22909.91
2023-04-06,TTF,26179.44,21816.2
2023-04-06,CEGH,27840.24,23200.2
2023-04-06,THE,26876.56,22397.13
2023-04-07,TTF,24953.67,20794.72
2023-04-07,CEGH,26364.87,21970.72
2023-04-07,THE,25413.84,21178.2
2023-04-08,TTF,24989.46,20824.55
2023-04-08,CEGH,26201.25,21834.37
2023-04-08,THE,25475.2,21229.33
2023-04-09,TTF,24989.46,20824.55
2023-04-09,CEGH,26201.25,21834.37
2023-04-09,THE,25475.2,21229.33
2023-04-10,TTF,24989.46,20824.55
2023-04-10,CEGH,26201.25,21834.37
2023-04-10,THE,25475.2,21229.33
2023-04-11,TTF,24934.0,20778.33
2023-04-11,CEGH,26143.07,21785.89
2023-04-11,THE,25418.65,21182.21
2023-04-12,TTF,25414.7,21178.92
2023-04-12,CEGH,27100.69,22583.91
2023-04-12,THE,25920.5,21600.42
2023-04-13,TTF,25385.11,21154.26
2023-04-13,CEGH,26874.03,22395.02
2023-04-13,THE,25835.37,21529.47
2023-04-14,TTF,25056.09,20880.07
2023-04-14,CEGH,26304.28,21920.23
2023-04-14,THE,25463.56,21219.63
2023-04-15,TTF,24230.84,20192.37
2023-04-15,CEGH,25365.56,21137.97
2023-04-15,THE,24720.83,20600.69
2023-04-16,TTF,24230.84,20192.37
2023-04-16,CEGH,25365.56,21137.97
2023-04-16,THE,24720.83,20600.69
2023-04-17,TTF,24399.8,20333.17
2023-04-17,CEGH,25802.9,21502.42
2023-04-17,THE,24876.13,20730.11
2023-04-18,TTF,24282.47,20235.39
2023-04-18,CEGH,25850.88,21542.4
2023-04-18,THE,24837.84,20698.2
2023-04-19,TTF,24836.01,20696.67
2023-04-19,CEGH,26315.65,21929.71
2023-04-19,THE,25519.31,21266.09
2023-04-20,TTF,23440.29,19533.57
2023-04-20,CEGH,25063.28,20886.07
2023-04-20,THE,24310.66,20258.88
2023-04-21,TTF,23902.94,19919.12
2023-04-21,CEGH,25145.01,20954.17
2023-04-21,THE,24328.94,20274.12
2023-04-22,TTF,23594.99,19662.49
2023-04-22,CEGH,24554.77,20462.31
2023-04-22,THE,24020.99,20017.49
2023-04-23,TTF,23594.99,19662.49
2023-04-23,CEGH,24554.77,20462.31
2023-04-23,THE,24020.99,20017.49
2023-04-24,TTF,23643.92,19703.27
2023-04-24,CEGH,24626.29,20521.91
2023-04-24,THE,24096.53,20080.44
2023-04-25,TTF,23411.38,19509.48
2023-04-25,CEGH,23957.63,19964.69
2023-04-25,THE,23720.58,19767.15
2023-04-26,TTF,23567.83,19639.86
2023-04-26,CEGH,24615.43,20512.86
2023-04-26,THE,23996.16,19996.8
2023-04-27,TTF,22987.49,19156.24
2023-04-27,CEGH,24084.42,20070.35
2023-04-27,THE,23535.96,19613.3
2023-04-28,TTF,23153.03,19294.19
2023-04-28,CEGH,23778.4,19815.33
2023-04-28,THE,23364.94,19470.78
2023-04-29,TTF,22615.53,18846.27
2023-04-29,CEGH,23669.87,19724.89
2023-04-29,THE,22946.3,19121.92
2023-04-30,TTF,22615.53,18846.27
2023-04-30,CEGH,23669.87,19724.89
2023-04-30,THE,22946.3,19121.92
2023-05-01,TTF,22553.68,18794.73
2023-05-01,CEGH,24260.47,20217.06
2023-05-01,THE,23036.93,19197.44
2023-05-02,TTF,22629.76,18858.13
2023-05-02,CEGH,24342.38,20285.32
2023-05-02,THE,23114.66,19262.22
2023-05-03,TTF,22041.12,18367.6
2023-05-03,CEGH,23376.91,19480.76
2023-05-03,THE,22375.07,18645.89
2023-05-04,TTF,21697.85,18081.54
2023-05-04,CEGH,22871.76,19059.8
2023-05-04,THE,22039.16,18365.97
2023-05-05,TTF,21079.06,17565.88
2023-05-05,CEGH,22209.9,18508.25
2023-05-05,THE,21374.74,17812.28
2023-05-06,TTF,21530.36,17941.97
2023-05-06,CEGH,22401.83,18668.19
2023-05-06,THE,21727.48,18106.23
2023-05-07,TTF,21530.36,17941.97
2023-05-07,CEGH,22401.83,18668.19
2023-05-07,THE,21727.48,18106.23
2023-05-08,TTF,21407.58,17839.65
2023-05-08,CEGH,22856.79,19047.32
2023-05-08,THE,21711.86,18093.22
2023-05-09,TTF,21453.65,17878.04
2023-05-09,CEGH,22906.02,19088.35
2023-05-09,THE,21758.6,18132.17
2023-05-10,TTF,21271.17,17725.97
2023-05-10,CEGH,22508.78,18757.32
2023-05-10,THE,21538.2,17948.5
2023-05-11,TTF,20868.59,17390.49
2023-05-11,CEGH,21791.93,18159.94
2023-05-11,THE,21078.9,17565.75
2023-05-12,TTF,20446.98,17039.15
2023-05-12,CEGH,21885.8,18238.17
2023-05-12,THE,20754.2,17295.17
2023-05-13,TTF,18849.44,15707.87
2023-05-13,THE,19438.28,16198.57
2023-05-14,TTF,18849.44,15707.87
2023-05-14,THE,19438.28,16198.57
2023-05-15,TTF,18977.09,15814.24
2023-05-15,CEGH,20140.35,16783.62
2023-05-15,THE,19375.05,16145.87
2023-05-16,CEGH,19943.07,16619.22
2023-05-16,THE,19168.69,15973.91
2023-05-17,CEGH,20304.62,16920.52
2023-05-17,THE,19427.47,16189.56
2023-05-18,TTF,18760.74,15633.95
2023-05-18,CEGH,20008.47,16673.72
2023-05-18,THE,19014.35,15845.29
2023-05-19,TTF,17770.93,14809.11
2023-05-19,CEGH,19037.42,15864.52
2023-05-19,THE,18069.82,15058.18
2023-05-20,TTF,17183.27,14319.39
2023-05-20,CEGH,18348.45,15290.37
2023-05-20,THE,17603.75,14669.79
2023-05-21,TTF,17183.27,14319.39
2023-05-21,CEGH,18348.45,15290.37
2023-05-21,THE,17603.75,14669.79
2023-05-22,TTF,17484.65,14570.54
2023-05-22,CEGH,19013.45,15844.54
2023-05-22,THE,17925.07,14937.56
2023-05-23,TTF,17192.67,14327.22
2023-05-23,CEGH,18571.39,15476.16
2023-05-23,THE,17755.31,14796.09
2023-05-24,TTF,17528.0,14606.67
2023-05-24,CEGH,18714.0,15595.0
2023-05-24,THE,17972.12,14976.77
2023-05-25,TTF,16735.95,13946.62
2023-05-25,CEGH,17826.41,14855.34
2023-05-25,THE,17134.78,14278.98
2023-05-26,TTF,15414.74,12845.62
2023-05-26,CEGH,16349.78,13624.82
2023-05-26,THE,15635.93,13029.94
2023-05-27,TTF,14776.29,12313.57
2023-05-27,CEGH,15801.82,13168.18
2023-05-27,THE,14912.03,12426.69
2023-05-28,TTF,14776.29,12313.57
2023-05-28,CEGH,15801.82,13168.18
2023-05-28,THE,14912.03,12426.69
2023-05-29,TTF,14803.29,12336.07
2023-05-29,CEGH,15830.73,13192.27
2023-05-29,THE,14939.28,12449.4
2023-05-30,TTF,14936.97,12447.47
2023-05-30,CEGH,15970.77,13308.97
2023-05-30,THE,15117.64,12598.03
2023-05-31,TTF,15489.23,12907.69
2023-05-31,CEGH,16420.11,13683.42
2023-05-31,THE,15715.66,13096.38
2023-06-01,TTF,15687.34,13072.78
2023-06-01,CEGH,16477.81,13731.51
2023-06-01,THE,15942.49,13285.41
2023-06-02,TTF,14426.57,12022.14
2023-06-02,CEGH,15018.39,12515.32
2023-06-02,THE,14612.14,12176.78
2023-06-03,TTF,14612.14,12176.78
2023-06-03,CEGH,15224.02,12686.68
2023-06-03,THE,14772.63,12310.52
2023-06-04,TTF,14612.14,12176.78
2023-06-04,CEGH,15224.02,12686.68
2023-06-04,THE,14772.63,12310.52
2023-06-05,TTF,14693.15,12244.29
2023-06-05,CEGH,15393.74,12828.12
2023-06-05,THE,14879.64,12399.7
2023-06-06,TTF,17134.74,14278.95
2023-06-06,CEGH,17870.91,14892.42
2023-06-06,THE,17295.0,14412.5
2023-06-07,TTF,15525.8,12938.17
2023-06-07,CEGH,16216.14,13513.45
2023-06-07,THE,15705.89,13088.24
2023-06-08,TTF,16084.89,13404.07
2023-06-08,CEGH,16777.59,13981.32
2023-06-08,THE,16275.63,13563.02
2023-06-09,TTF,16332.12,13610.1
2023-06-09,CEGH,17001.04,14167.53
2023-06-09,THE,16513.18,13760.98
2023-06-10,TTF,18826.73,15688.94
2023-06-10,CEGH,19576.12,16313.43
2023-06-10,THE,19073.17,15894.31
2023-06-11,TTF,18826.73,15688.94
2023-06-11,CEGH,19576.12,16313.43
2023-06-11,THE,19073.17,15894.31
2023-06-12,TTF,18870.59,15725.49
2023-06-12,CEGH,19743.92,16453.27
2023-06-12,THE,19082.61,15902.17
2023-06-13,TTF,18080.11,15066.76
2023-06-13,CEGH,18851.48,15709.57
2023-06-13,THE,18276.73,15230.61
2023-06-14,TTF,20786.76,17322.3
2023-06-14,CEGH,21489.59,17907.99
2023-06-14,THE,20999.12,17499.27
2023-06-15,TTF,22075.1,18395.92
2023-06-15,CEGH,22743.13,18952.61
2023-06-15,THE,22231.99,18526.66
2023-06-16,TTF,23650.33,19708.61
2023-06-16,CEGH,24273.79,20228.16
2023-06-16,THE,23782.12,19818.43
2023-06-17,TTF,19858.86,16549.05
2023-06-17,CEGH,20872.62,17393.85
2023-06-17,THE,20102.17,16751.81
2023-06-18,TTF,19858.86,16549.05
2023-06-18,CEGH,20872.62,17393.85
2023-06-18,THE,20102.17,16751.81
2023-06-19,TTF,20409.9,17008.25
2023-06-19,CEGH,21144.12,17620.1
2023-06-19,THE,20666.62,17222.18
2023-06-20,TTF,20670.85,17225.71
2023-06-20,CEGH,21714.53,18095.44
2023-06-20,THE,20844.79,17370.66
2023-06-21,TTF,22357.95,18631.62
2023-06-21,CEGH,23212.89,19344.07
2023-06-21,THE,22521.77,18768.14
2023-06-22,TTF,22078.66,18398.88
2023-06-22,CEGH,22892.35,19076.96
2023-06-22,THE,22186.13,18488.44
2023-06-23,TTF,20421.05,17017.54
2023-06-23,CEGH,21115.99,17596.66
2023-06-23,THE,20534.3,17111.92
2023-06-24,TTF,19448.13,16206.77
2023-06-24,CEGH,20153.37,16794.47
2023-06-24,THE,19612.85,16344.04
2023-06-25,TTF,19448.13,16206.77
2023-06-25,CEGH,20153.37,16794.47
2023-06-25,THE,19612.85,16344.04
2023-06-26,TTF,19369.11,16140.92
2023-06-26,CEGH,20377.92,16981.6
2023-06-26,THE,19521.96,16268.3
2023-06-27,TTF,19512.69,16260.57
2023-06-27,CEGH,20366.77,16972.31
2023-06-27,THE,19604.74,16337.28
2023-06-28,TTF,20780.43,17317.02
2023-06-28,CEGH,21667.38,18056.15
2023-06-28,THE,20882.96,17402.47
2023-06-29,TTF,20566.07,17138.39
2023-06-29,CEGH,21488.49,17907.07
2023-06-29,THE,20699.31,17249.42
2023-06-30,TTF,20502.76,17085.63
2023-06-30,CEGH,21281.62,17734.68
2023-06-30,THE,20666.73,17222.27
2023-07-01,TTF,21589.06,17990.88
2023-07-01,CEGH,22034.86,18362.38
2023-07-01,THE,21763.28,18136.07
2023-07-02,TTF,21589.06,17990.88
2023-07-02,CEGH,22034.86,18362.38
2023-07-02,THE,21763.28,18136.07
2023-07-03,TTF,21446.73,17872.27
2023-07-03,CEGH,22397.62,18664.68
2023-07-03,THE,21594.2,17995.17
2023-07-04,TTF,20193.96,16828.3
2023-07-04,CEGH,21036.34,17530.28
2023-07-04,THE,20336.91,16947.42
2023-07-05,TTF,20551.33,17126.11
2023-07-05,CEGH,21613.24,18011.03
2023-07-05,THE,20714.7,17262.25
2023-07-06,TTF,20123.56,16769.63
2023-07-06,CEGH,21035.83,17529.86
2023-07-06,THE,20291.75,16909.79
2023-07-07,TTF,19111.54,15926.28
2023-07-07,CEGH,20234.4,16862.0
2023-07-07,THE,19285.07,16070.89
2023-07-08,TTF,19274.86,16062.38
2023-07-08,CEGH,20213.98,16844.98
2023-07-08,THE,19453.5,16211.25
2023-07-09,TTF,19274.86,16062.38
2023-07-09,CEGH,20213.98,16844.98
2023-07-09,THE,19453.5,16211.25
2023-07-10,TTF,19442.96,16202.47
2023-07-10,CEGH,20575.41,17146.17
2023-07-10,THE,19631.7,16359.75
2023-07-11,TTF,18111.83,15093.19
2023-07-11,CEGH,19353.78,16128.15
2023-07-11,THE,18296.58,15247.15
2023-07-12,TTF,17566.52,14638.77
2023-07-12,CEGH,18785.98,15654.98
2023-07-12,THE,17787.78,14823.15
2023-07-13,TTF,16557.5,13797.92
2023-07-13,CEGH,17610.12,14675.1
2023-07-13,THE,16769.05,13974.21
2023-07-14,TTF,16560.65,13800.54
2023-07-14,CEGH,17623.14,14685.95
2023-07-14,THE,16743.84,13953.2
2023-07-15,TTF,15943.05,13285.87
2023-07-15,CEGH,17036.94,14197.45
2023-07-15,THE,16100.06,13416.72
2023-07-16,TTF,15943.05,13285.87
2023-07-16,CEGH,17036.94,14197.45
2023-07-16,THE,16100.06,13416.72
2023-07-17,TTF,16094.82,13412.35
2023-07-17,CEGH,17330.52,14442.1
2023-07-17,THE,16252.57,13543.81
2023-07-18,TTF,16070.66,13392.22
2023-07-18,CEGH,17223.14,14352.62
2023-07-18,THE,16296.94,13580.78
2023-07-19,TTF,17141.06,14284.22
2023-07-19,CEGH,18237.51,15197.92
2023-07-19,THE,17341.37,14451.14
2023-07-20,TTF,16800.47,14000.39
2023-07-20,CEGH,17845.93,14871.61
2023-07-20,THE,16994.85,14162.37
2023-07-21,TTF,17579.22,14649.35
2023-07-21,CEGH,18597.87,15498.22
2023-07-21,THE,17752.5,14793.75
2023-07-22,TTF,17285.18,14404.32
2023-07-22,CEGH,18303.83,15253.19
2023-07-22,THE,17463.7,14553.08
2023-07-23,TTF,17285.18,14404.32
2023-07-23,CEGH,18303.83,15253.19
2023-07-23,THE,17463.7,14553.08
2023-07-24,TTF,17150.21,14291.84
2023-07-24,CEGH,18150.35,15125.29
2023-07-24,THE,17316.9,14430.75
2023-07-25,TTF,18447.7,15373.08
2023-07-25,CEGH,19544.65,16287.21
2023-07-25,THE,18640.06,15533.38
2023-07-26,TTF,19599.35,16332.79
2023-07-26,CEGH,20380.9,16984.08
2023-07-26,THE,19790.85,16492.37
2023-07-27,TTF,17841.08,14867.57
2023-07-27,CEGH,18887.92,15739.93
2023-07-27,THE,18058.74,15048.95
2023-07-28,TTF,17513.55,14594.62
2023-07-28,CEGH,18306.47,15255.39
2023-07-28,THE,17706.56,14755.47
2023-07-29,TTF,16032.04,13360.03
2023-07-29,CEGH,16887.56,14072.97
2023-07-29,THE,16251.13,13542.61
2023-07-30,TTF,16032.04,13360.03
2023-07-30,CEGH,16887.56,14072.97
2023-07-30,THE,16251.13,13542.61
2023-07-31,TTF,15888.54,13240.45
2023-07-31,CEGH,16729.15,13940.96
2023-07-31,THE,16084.51,13403.76
2023-08-01,TTF,16761.19,13967.66
2023-08-01,CEGH,17902.77,14918.97
2023-08-01,THE,16952.32,14126.93
2023-08-02,TTF,16272.18,13560.15
2023-08-02,CEGH,17757.97,14798.31
2023-08-02,THE,16467.54,13722.95
2023-08-03,TTF,17011.95,14176.62
2023-08-03,CEGH,18174.17,15145.14
2023-08-03,THE,17191.94,14326.62
2023-08-04,TTF,18162.07,15135.06
2023-08-04,CEGH,19196.89,15997.41
2023-08-04,THE,18326.0,15271.67
2023-08-05,TTF,17424.37,14520.31
2023-08-05,CEGH,17931.54,14942.95
2023-08-05,THE,17547.32,14622.77
2023-08-06,TTF,17424.37,14520.31
2023-08-06,CEGH,17931.54,14942.95
2023-08-06,THE,17547.32,14622.77
2023-08-07,TTF,17490.58,14575.48
2023-08-07,CEGH,17710.92,14759.1
2023-08-07,THE,17613.56,14677.97
2023-08-08,TTF,18017.69,15014.74
2023-08-08,CEGH,18069.13,15057.61
2023-08-08,THE,18187.47,15156.22
2023-08-09,TTF,17941.24,14951.03
2023-08-09,CEGH,18515.32,15429.43
2023-08-09,THE,18115.52,15096.27
2023-08-10,TTF,22191.97,18493.31
2023-08-10,CEGH,22747.01,18955.84
2023-08-10,THE,22376.98,18647.48
2023-08-11,TTF,20754.38,17295.32
2023-08-11,CEGH,20718.26,17265.22
2023-08-11,THE,20929.83,17441.52
2023-08-12,TTF,18989.53,15824.61
2023-08-12,CEGH,19897.76,16581.47
2023-08-12,THE,19206.27,16005.22
2023-08-13,TTF,18989.53,15824.61
2023-08-13,CEGH,19897.76,16581.47
2023-08-13,THE,19206.27,16005.22
2023-08-14,TTF,19127.26,15939.38
2023-08-14,CEGH,19523.92,16269.93
2023-08-14,THE,19235.44,16029.53
2023-08-15,TTF,19167.92,15973.27
2023-08-15,CEGH,20162.13,16801.77
2023-08-15,THE,19301.17,16084.31
2023-08-16,TTF,21386.22,17821.85
2023-08-16,CEGH,21898.18,18248.48
2023-08-16,THE,21550.05,17958.37
2023-08-17,TTF,20748.88,17290.73
2023-08-17,CEGH,21433.97,17861.64
2023-08-17,THE,20912.49,17427.07
2023-08-18,TTF,19825.2,16521.0
2023-08-18,CEGH,20988.85,17490.71
2023-08-18,THE,20024.25,16686.87
2023-08-19,TTF,20284.54,16903.78
2023-08-19,CEGH,21320.59,17767.16
2023-08-19,THE,20442.75,17035.62
2023-08-20,TTF,20284.54,16903.78
2023-08-20,CEGH,21320.59,17767.16
2023-08-20,THE,20442.75,17035.62
2023-08-21,TTF,20144.38,16786.98
2023-08-21,CEGH,21029.82,17524.85
2023-08-21,THE,20302.13,16918.44
2023-08-22,TTF,23047.22,19206.02
2023-08-22,CEGH,23619.52,19682.93
2023-08-22,THE,23174.97,19312.47
2023-08-23,TTF,24679.07,20565.89
2023-08-23,CEGH,25362.4,21135.33
2023-08-23,THE,24709.67,20591.39
2023-08-24,TTF,21386.27,17821.89
2023-08-24,CEGH,22333.3,18611.08
2023-08-24,THE,21568.59,17973.82
2023-08-25,TTF,19002.23,15835.19
2023-08-25,CEGH,20013.12,16677.6
2023-08-25,THE,19180.03,15983.36
2023-08-26,TTF,20465.22,17054.35
2023-08-26,CEGH,21531.98,17943.32
2023-08-26,THE,20617.61,17181.34
2023-08-27,TTF,20465.22,17054.35
2023-08-27,CEGH,21531.98,17943.32
2023-08-27,THE,20617.61,17181.34
2023-08-28,TTF,20707.75,17256.46
2023-08-28,CEGH,21643.96,18036.63
2023-08-28,THE,20900.05,17416.71
2023-08-29,TTF,20713.38,17261.15
2023-08-29,CEGH,21649.85,18041.54
2023-08-29,THE,20905.74,17421.45
2023-08-30,TTF,20683.01,17235.84
2023-08-30,CEGH,21604.29,18003.57
2023-08-30,THE,20824.75,17353.96
2023-08-31,TTF,21084.57,17570.47
2023-08-31,CEGH,21691.13,18075.94
2023-08-31,THE,21252.77,17710.64
2023-09-01,TTF,18945.21,15787.67
2023-09-01,CEGH,19596.81,16330.67
2023-09-01,THE,19128.47,15940.39
2023-09-02,TTF,19377.91,16148.26
2023-09-02,CEGH,19352.46,16127.05
2023-09-02,THE,19571.35,16309.46
2023-09-03,TTF,19377.91,16148.26
2023-09-03,CEGH,19352.46,16127.05
2023-09-03,THE,19571.35,16309.46
2023-09-04,TTF,19235.41,16029.51
2023-09-04,CEGH,19580.55,16317.12
2023-09-04,THE,19372.45,16143.71
2023-09-05,TTF,18508.03,15423.36
2023-09-05,CEGH,19110.13,15925.11
2023-09-05,THE,18624.4,15520.33
2023-09-06,TTF,19320.18,16100.15
2023-09-06,CEGH,20159.91,16799.92
2023-09-06,THE,19410.69,16175.57
2023-09-07,TTF,17957.24,14964.37
2023-09-07,CEGH,19009.03,15840.86
2023-09-07,THE,18188.73,15157.27
2023-09-08,TTF,19178.51,15982.09
2023-09-08,CEGH,19955.79,16629.82
2023-09-08,THE,19253.73,16044.77
2023-09-09,TTF,20081.16,16734.3
2023-09-09,CEGH,20106.23,16755.19
2023-09-09,THE,20271.71,16893.09
2023-09-10,TTF,20081.16,16734.3
2023-09-10,CEGH,20106.23,16755.19
2023-09-10,THE,20271.71,16893.09
2023-09-11,TTF,19934.71,16612.26
2023-09-11,CEGH,20551.17,17125.97
2023-09-11,THE,20039.96,16699.97
2023-09-12,TTF,21578.28,17981.9
2023-09-12,CEGH,22326.44,18605.37
2023-09-12,THE,21688.74,18073.95
2023-09-13,TTF,20851.38,17376.15
2023-09-13,CEGH,21714.88,18095.73
2023-09-13,THE,21017.06,17514.22
2023-09-14,TTF,21646.21,18038.51
2023-09-14,CEGH,21907.78,18256.48
2023-09-14,THE,21771.97,18143.31
2023-09-15,TTF,20715.47,17262.89
2023-09-15,CEGH,21223.14,17685.95
2023-09-15,THE,20911.5,17426.25
2023-09-16,TTF,21273.4,17727.83
2023-09-16,CEGH,21600.12,18000.1
2023-09-16,THE,21419.17,17849.31
2023-09-17,TTF,21273.4,17727.83
2023-09-17,CEGH,21600.12,18000.1
2023-09-17,THE,21419.17,17849.31
2023-09-18,TTF,20994.98,17495.82
2023-09-18,CEGH,21344.33,17786.94
2023-09-18,THE,21109.77,17591.47
2023-09-19,TTF,19923.55,16602.96
2023-09-19,CEGH,20443.04,17035.87
2023-09-19,THE,20068.41,16723.67
2023-09-20,TTF,21760.07,18133.39
2023-09-20,CEGH,22106.15,18421.79
2023-09-20,THE,21780.13,18150.11
2023-09-21,TTF,21772.11,18143.42
2023-09-21,CEGH,21952.61,18293.84
2023-09-21,THE,21882.42,18235.35
2023-09-22,TTF,22295.27,18579.39
2023-09-22,CEGH,22140.82,18450.68
2023-09-22,THE,22524.46,18770.38
2023-09-23,TTF,22888.18,19073.48
2023-09-23,CEGH,22250.43,18542.02
2023-09-23,THE,23022.7,19185.58
2023-09-24,TTF,22888.18,19073.48
2023-09-24,CEGH,22250.43,18542.02
2023-09-24,THE,23022.7,19185.58
2023-09-25,TTF,22950.06,19125.05
2023-09-25,CEGH,22790.61,18992.17
2023-09-25,THE,23089.58,19241.32
2023-09-26,TTF,25195.86,20996.55
2023-09-26,CEGH,24613.25,20511.04
2023-09-26,THE,25380.11,21150.09
2023-09-27,TTF,22716.25,18930.21
2023-09-27,CEGH,23143.26,19286.05
2023-09-27,THE,22895.0,19079.17
2023-09-28,TTF,22387.12,18655.93
2023-09-28,CEGH,22159.96,18466.63
2023-09-28,THE,22604.41,18837.01
2023-09-29,TTF,22468.27,18723.56
2023-09-29,CEGH,22073.16,18394.3
2023-09-29,THE,22665.82,18888.18
2023-09-30,TTF,21134.79,17612.32
2023-09-30,CEGH,20043.31,16702.76
2023-09-30,THE,21144.67,17620.56
2023-10-01,TTF,21134.79,17612.32
2023-10-01,CEGH,20043.31,16702.76
2023-10-01,THE,21144.67,17620.56
2023-10-02,TTF,21339.87,17783.22
2023-10-02,CEGH,20570.65,17142.21
2023-10-02,THE,21275.36,17729.47
2023-10-03,TTF,18717.01,15597.51
2023-10-03,CEGH,17922.62,14935.52
2023-10-03,THE,18717.01,15597.51
2023-10-04,TTF,17295.08,14412.57
2023-10-04,CEGH,17874.41,14895.34
2023-10-04,THE,17295.08,14412.57
2023-10-05,TTF,19122.7,15935.58
2023-10-05,CEGH,18290.76,15242.3
2023-10-05,THE,19034.09,15861.74
2023-10-06,TTF,16610.39,13841.99
2023-10-06,CEGH,17099.16,14249.3
2023-10-06,THE,16674.57,13895.47
2023-10-07,TTF,18753.07,15627.56
2023-10-07,CEGH,19508.44,16257.03
2023-10-07,THE,18758.01,15631.67
2023-10-08,TTF,18753.07,15627.56
2023-10-08,CEGH,19508.44,16257.03
2023-10-08,THE,18758.01,15631.67
2023-10-09,TTF,18732.5,15610.42
2023-10-09,CEGH,19480.18,16233.48
2023-10-09,THE,18747.36,15622.8
2023-10-10,TTF,21924.12,18270.1
2023-10-10,CEGH,21815.67,18179.72
2023-10-10,THE,21953.7,18294.75
2023-10-11,TTF,25256.37,21046.97
2023-10-11,CEGH,24583.81,20486.51
2023-10-11,THE,25300.87,21084.06
2023-10-12,TTF,24887.14,20739.28
2023-10-12,CEGH,25594.95,21329.12
2023-10-12,THE,24931.68,20776.4
2023-10-13,TTF,26838.89,22365.74
2023-10-13,CEGH,26725.04,22270.87
2023-10-13,THE,26848.8,22374.0
2023-10-14,TTF,29046.62,24205.52
2023-10-14,CEGH,28244.71,23537.26
2023-10-14,THE,28982.27,24151.89
2023-10-15,TTF,29046.62,24205.52
2023-10-15,CEGH,28244.71,23537.26
2023-10-15,THE,28982.27,24151.89
2023-10-16,TTF,29486.48,24572.07
2023-10-16,CEGH,28427.33,23689.44
2023-10-16,THE,29466.86,24555.72
2023-10-17,TTF,26163.27,21802.72
2023-10-17,CEGH,25736.64,21447.2
2023-10-17,THE,26187.78,21823.15
2023-10-18,TTF,25097.16,20914.3
2023-10-18,CEGH,25235.43,21029.52
2023-10-18,THE,25186.05,20988.37
2023-10-19,TTF,26678.9,22232.42
2023-10-19,CEGH,26169.48,21807.9
2023-10-19,THE,26664.06,22220.05
2023-10-20,TTF,25188.05,20990.04
2023-10-20,CEGH,24549.35,20457.79
2023-10-20,THE,25044.47,20870.39
2023-10-21,TTF,25292.03,21076.69
2023-10-21,CEGH,25009.81,20841.51
2023-10-21,THE,25311.83,21093.19
2023-10-22,TTF,25292.03,21076.69
2023-10-22,CEGH,25009.81,20841.51
2023-10-22,THE,25311.83,21093.19
2023-10-23,TTF,25563.23,21302.69
2023-10-23,CEGH,25597.93,21331.61
2023-10-23,THE,25632.64,21360.53
2023-10-24,TTF,26564.51,22137.09
2023-10-24,CEGH,26380.8,21984.0
2023-10-24,THE,26614.17,22178.47
2023-10-25,TTF,26769.57,22307.97
2023-10-25,CEGH,26206.35,21838.62
2023-10-25,THE,26909.13,22424.27
2023-10-26,TTF,26941.44,22451.2
2023-10-26,CEGH,26407.18,22005.98
2023-10-26,THE,27144.26,22620.22
2023-10-27,TTF,26405.17,22004.31
2023-10-27,CEGH,25818.75,21515.62
2023-10-27,THE,26553.0,22127.5
2023-10-28,TTF,25991.23,21659.36
2023-10-28,CEGH,25468.88,21224.07
2023-10-28,THE,26143.99,21786.66
2023-10-29,TTF,25991.23,21659.36
2023-10-29,CEGH,25468.88,21224.07
2023-10-29,THE,26143.99,21786.66
2023-10-30,TTF,25998.37,21665.31
2023-10-30,CEGH,25973.79,21644.82
2023-10-30,THE,26091.77,21743.14
2023-10-31,TTF,26581.31,22151.09
2023-10-31,CEGH,25568.64,21307.2
2023-10-31,THE,26620.83,22184.02
2023-11-01,TTF,22692.82,18910.68
2023-11-01,CEGH,21641.1,18034.25
2023-11-01,THE,22687.88,18906.57
2023-11-02,TTF,20893.98,17411.65
2023-11-02,CEGH,20982.13,17485.11
2023-11-02,THE,20693.18,17244.32
2023-11-03,TTF,22582.21,18818.51
2023-11-03,CEGH,22146.29,18455.24
2023-11-03,THE,22517.81,18764.84
2023-11-04,TTF,22701.1,18917.58
2023-11-04,CEGH,21695.5,18079.58
2023-11-04,THE,22696.14,18913.45
2023-11-05,TTF,22701.1,18917.58
2023-11-05,CEGH,21695.5,18079.58
2023-11-05,THE,22696.14,18913.45
2023-11-06,TTF,22808.11,19006.76
2023-11-06,CEGH,22902.37,19085.31
2023-11-06,THE,23145.46,19287.88
2023-11-07,TTF,23095.58,19246.32
2023-11-07,CEGH,22783.09,18985.91
2023-11-07,THE,23189.82,19324.85
2023-11-08,TTF,23927.29,19939.41
2023-11-08,CEGH,24016.02,20013.35
2023-11-08,THE,24129.41,20107.84
2023-11-09,TTF,24242.47,20202.06
2023-11-09,CEGH,23488.85,19574.04
2023-11-09,THE,24345.91,20288.26
2023-11-10,TTF,24232.22,20193.52
2023-11-10,CEGH,23654.85,19712.37
2023-11-10,THE,24488.82,20407.35
2023-11-11,TTF,23615.38,19679.48
2023-11-11,CEGH,23077.49,19231.24
2023-11-11,THE,24039.76,20033.13
2023-11-12,TTF,23615.38,19679.48
2023-11-12,CEGH,23077.49,19231.24
2023-11-12,THE,24039.76,20033.13
2023-11-13,TTF,23864.5,19887.08
2023-11-13,CEGH,23592.95,19660.79
2023-11-13,THE,24269.35,20224.46
2023-11-14,TTF,23264.44,19387.03
2023-11-14,CEGH,23783.56,19819.63
2023-11-14,THE,23308.94,19424.12
2023-11-15,TTF,24668.08,20556.73
2023-11-15,CEGH,24393.73,20328.11
2023-11-15,THE,24842.66,20702.22
2023-11-16,TTF,26087.87,21739.89
2023-11-16,CEGH,25330.92,21109.1
2023-11-16,THE,26264.49,21887.07
2023-11-17,TTF,25556.49,21297.07
2023-11-17,CEGH,24796.2,20663.5
2023-11-17,THE,25919.01,21599.17
2023-11-18,TTF,25239.28,21032.73
2023-11-18,CEGH,24327.94,20273.28
2023-11-18,THE,25460.82,21217.35
2023-11-19,TTF,25239.28,21032.73
2023-11-19,CEGH,24327.94,20273.28
2023-11-19,THE,25460.82,21217.35
2023-11-20,TTF,25278.86,21065.72
2023-11-20,CEGH,24504.4,20420.33
2023-11-20,THE,25580.6,21317.17
2023-11-21,TTF,25887.41,21572.84
2023-11-21,CEGH,25165.7,20971.42
2023-11-21,THE,26220.51,21850.42
2023-11-22,TTF,24965.57,20804.64
2023-11-22,CEGH,24293.17,20244.31
2023-11-22,THE,25203.18,21002.65
2023-11-23,TTF,25166.1,20971.75
2023-11-23,CEGH,24526.16,20438.47
2023-11-23,THE,25463.39,21219.49
2023-11-24,TTF,26135.56,21779.63
2023-11-24,CEGH,25421.23,21184.36
2023-11-24,THE,26472.6,22060.5
2023-11-25,TTF,26014.83,21679.02
2023-11-25,CEGH,25531.9,21276.58
2023-11-25,THE,26412.24,22010.2
2023-11-26,TTF,26014.83,21679.02
2023-11-26,CEGH,25531.9,21276.58
2023-11-26,THE,26412.24,22010.2
2023-11-27,TTF,26395.44,21996.2
2023-11-27,CEGH,26012.27,21676.89
2023-11-27,THE,26773.57,22311.31
2023-11-28,TTF,25325.7,21104.75
2023-11-28,CEGH,24680.52,20567.1
2023-11-28,THE,25569.55,21307.96
2023-11-29,TTF,25391.74,21159.78
2023-11-29,CEGH,24754.17,20628.47
2023-11-29,THE,25565.16,21304.3
2023-11-30,TTF,24195.96,20163.3
2023-11-30,CEGH,23407.69,19506.41
2023-11-30,THE,24313.69,20261.41
2023-12-01,TTF,23805.99,19838.32
2023-12-01,CEGH,23459.97,19549.97
2023-12-01,THE,23973.92,19978.27
2023-12-02,TTF,24859.33,20716.11
2023-12-02,CEGH,24523.48,20436.23
2023-12-02,THE,25286.77,21072.31
2023-12-03,TTF,24859.33,20716.11
2023-12-03,CEGH,24523.48,20436.23
2023-12-03,THE,25286.77,21072.31
2023-12-04,TTF,24906.12,20755.1
2023-12-04,CEGH,24667.35,20556.12
2023-12-04,THE,25317.62,21098.02
2023-12-05,TTF,23043.49,19202.91
2023-12-05,CEGH,23506.44,19588.7
2023-12-05,THE,23425.04,19520.87
2023-12-06,TTF,22106.9,18422.42
2023-12-06,CEGH,22076.43,18397.02
2023-12-06,THE,22467.48,18722.9
2023-12-07,TTF,22501.36,18751.13
2023-12-07,CEGH,22177.17,18480.97
2023-12-07,THE,22785.03,18987.52
2023-12-08,TTF,22727.62,18939.68
2023-12-08,CEGH,22246.97,18539.14
2023-12-08,THE,23142.49,19285.41
2023-12-09,TTF,22100.25,18416.87
2023-12-09,CEGH,21913.05,18260.87
2023-12-09,THE,22363.34,18636.12
2023-12-10,TTF,22100.25,18416.87
2023-12-10,CEGH,21913.05,18260.87
2023-12-10,THE,22363.34,18636.12
2023-12-11,TTF,22209.52,18507.93
2023-12-11,CEGH,22168.94,18474.12
2023-12-11,THE,22478.38,18731.98
2023-12-12,TTF,20792.23,17326.86
2023-12-12,CEGH,21102.24,17585.2
2023-12-12,THE,21076.83,17564.02
2023-12-13,TTF,20489.49,17074.57
2023-12-13,CEGH,20428.1,17023.42
2023-12-13,THE,20673.67,17228.06
2023-12-14,TTF,20783.47,17319.56
2023-12-14,CEGH,20972.69,17477.24
2023-12-14,THE,21131.22,17609.35
2023-12-15,TTF,20538.48,17115.4
2023-12-15,CEGH,20569.54,17141.28
2023-12-15,THE,20864.62,17387.18
2023-12-16,TTF,19006.11,15838.42
2023-12-16,CEGH,19321.9,16101.58
2023-12-16,THE,19466.86,16222.38
2023-12-17,TTF,19006.11,15838.42
2023-12-17,CEGH,19321.9,16101.58
2023-12-17,THE,19466.86,16222.38
2023-12-18,TTF,19182.03,15985.02
2023-12-18,CEGH,19436.33,16196.94
2023-12-18,THE,19638.72,16365.6
2023-12-19,TTF,20744.03,17286.69
2023-12-19,CEGH,21243.21,17702.67
2023-12-19,THE,21165.22,17637.68
2023-12-20,TTF,19710.94,16425.78
2023-12-20,CEGH,20261.36,16884.47
2023-12-20,THE,20030.7,16692.25
2023-12-21,TTF,20175.85,16813.21
2023-12-21,CEGH,20523.05,17102.54
2023-12-21,THE,20365.23,16971.02
2023-12-22,TTF,20540.99,17117.49
2023-12-22,CEGH,20773.69,17311.41
2023-12-22,THE,20699.65,17249.71
2023-12-23,TTF,20028.0,16690.0
2023-12-23,CEGH,19895.79,16579.82
2023-12-23,THE,20086.18,16738.48
2023-12-24,TTF,20028.0,16690.0
2023-12-24,CEGH,19895.79,16579.82
2023-12-24,THE,20086.18,16738.48
2023-12-25,TTF,20256.53,16880.44
2023-12-25,CEGH,20325.43,16937.86
2023-12-25,THE,20447.34,17039.45
2023-12-26,TTF,20249.45,16874.54
2023-12-26,CEGH,20318.33,16931.94
2023-12-26,THE,20440.19,17033.49
2023-12-27,TTF,20148.22,16790.18
2023-12-27,CEGH,20216.75,16847.29
2023-12-27,THE,20338.01,16948.34
2023-12-28,TTF,21245.58,17704.65
2023-12-28,CEGH,20728.26,17273.55
2023-12-28,THE,21389.58,17824.65
2023-12-29,TTF,20050.66,16708.88
2023-12-29,CEGH,19877.64,16564.7
2023-12-29,THE,20169.61,16808.01
2023-12-30,TTF,19180.16,15983.47
2023-12-30,CEGH,19315.33,16096.11
2023-12-30,THE,19153.13,15960.94
2023-12-31,TTF,19180.16,15983.47
2023-12-31,CEGH,19315.33,16096.11
2023-12-31,THE,19153.13,15960.94
2024-01-01,TTF,18864.93,15720.77
2024-01-01,CEGH,18864.93,15720.77
2024-01-01,THE,19037.08,15864.23
2024-01-02,TTF,18869.4,15724.5
2024-01-02,CEGH,18869.4,15724.5
2024-01-02,THE,19041.6,15868.0
2024-01-03,TTF,18412.56,15343.8
2024-01-03,CEGH,18578.24,15481.87
2024-01-03,THE,18653.06,15544.22
2024-01-04,TTF,19839.86,16533.22
2024-01-04,CEGH,20069.04,16724.2
2024-01-04,THE,20164.98,16804.15
2024-01-05,TTF,20390.16,16991.8
2024-01-05,CEGH,20331.45,16942.87
2024-01-05,THE,20459.55,17049.62
2024-01-06,TTF,21025.32,17521.1
2024-01-06,CEGH,21222.81,17685.67
2024-01-06,THE,21452.32,17876.93
2024-01-07,TTF,21025.32,17521.1
2024-01-07,CEGH,21222.81,17685.67
2024-01-07,THE,21452.32,17876.93
2024-01-08,TTF,21314.59,17762.16
2024-01-08,CEGH,21186.78,17655.65
2024-01-08,THE,21650.09,18041.74
2024-01-09,TTF,19838.68,16532.23
2024-01-09,CEGH,19961.82,16634.85
2024-01-09,THE,20122.45,16768.71
2024-01-10,TTF,19597.07,16330.89
2024-01-10,CEGH,20116.69,16763.91
2024-01-10,THE,19998.84,16665.7
2024-01-11,TTF,19696.06,16413.38
2024-01-11,CEGH,20343.99,16953.32
2024-01-11,THE,20054.83,16712.36
2024-01-12,TTF,19516.76,16263.97
2024-01-12,CEGH,19596.97,16330.81
2024-01-12,THE,19762.73,16468.94
2024-01-13,TTF,19885.71,16571.42
2024-01-13,CEGH,20003.34,16669.45
2024-01-13,THE,20217.22,16847.68
2024-01-14,TTF,19885.71,16571.42
2024-01-14,CEGH,20003.34,16669.45
2024-01-14,THE,20217.22,16847.68
2024-01-15,TTF,19920.21,16600.17
2024-01-15,CEGH,19766.46,16472.05
2024-01-15,THE,20132.28,16776.9
2024-01-16,TTF,19048.47,15873.72
2024-01-16,CEGH,19138.8,15949.0
2024-01-16,THE,19223.81,16019.84
2024-01-17,TTF,18766.67,15638.89
2024-01-17,CEGH,18893.6,15744.67
2024-01-17,THE,18930.62,15775.52
2024-01-18,TTF,17724.7,14770.58
2024-01-18,CEGH,17476.59,14563.82
2024-01-18,THE,17819.73,14849.77
2024-01-19,TTF,17976.13,14980.11
2024-01-19,CEGH,17876.07,14896.72
2024-01-19,THE,18070.93,15059.11
2024-01-20,TTF,17807.61,14839.67
2024-01-20,CEGH,17997.2,14997.67
2024-01-20,THE,18044.6,15037.17
2024-01-21,TTF,17807.61,14839.67
2024-01-21,CEGH,17997.2,14997.67
2024-01-21,THE,18044.6,15037.17
2024-01-22,TTF,17621.68,14684.73
2024-01-22,CEGH,17999.25,14999.37
2024-01-22,THE,17978.27,14981.89
2024-01-23,TTF,17056.18,14213.48
2024-01-23,CEGH,17841.84,14868.2
2024-01-23,THE,17401.87,14501.56
2024-01-24,TTF,16914.88,14095.73
2024-01-24,CEGH,17578.41,14648.67
2024-01-24,THE,17254.48,14378.73
2024-01-25,TTF,18065.25,15054.37
2024-01-25,CEGH,18511.46,15426.22
2024-01-25,THE,18280.48,15233.73
2024-01-26,TTF,17323.26,14436.05
2024-01-26,CEGH,17601.7,14668.08
2024-01-26,THE,17433.59,14527.99
2024-01-27,TTF,17517.65,14598.04
2024-01-27,CEGH,17754.06,14795.05
2024-01-27,THE,17827.61,14856.34
2024-01-28,TTF,17517.65,14598.04
2024-01-28,CEGH,17754.06,14795.05
2024-01-28,THE,17827.61,14856.34
2024-01-29,TTF,17599.47,14666.22
2024-01-29,CEGH,18279.51,15232.92
2024-01-29,THE,17957.94,14964.95
2024-01-30,TTF,17841.4,14867.83
2024-01-30,CEGH,18304.71,15253.92
2024-01-30,THE,18062.52,15052.1
2024-01-31,TTF,18587.83,15489.86
2024-01-31,CEGH,18941.27,15784.39
2024-01-31,THE,18656.41,15547.01
2024-02-01,TTF,18380.6,15317.17
2024-02-01,CEGH,19107.11,15922.59
2024-02-01,THE,18589.67,15491.39
2024-02-02,TTF,17831.75,14859.79
2024-02-02,CEGH,18703.82,15586.52
2024-02-02,THE,18009.3,15007.75
2024-02-03,TTF,17894.41,14912.01
2024-02-03,CEGH,18562.82,15469.02
2024-02-03,THE,18014.52,15012.1
2024-02-04,TTF,17894.41,14912.01
2024-02-04,CEGH,18562.82,15469.02
2024-02-04,THE,18014.52,15012.1
2024-02-05,TTF,18006.12,15005.1
2024-02-05,CEGH,18767.22,15639.35
2024-02-05,THE,18142.59,15118.82
2024-02-06,TTF,17253.2,14377.67
2024-02-06,CEGH,17906.39,14921.99
2024-02-06,THE,17429.46,14524.55
2024-02-07,TTF,17837.83,14864.86
2024-02-07,CEGH,18304.63,15253.86
2024-02-07,THE,17931.19,14942.66
2024-02-08,TTF,17744.47,14787.06
2024-02-08,CEGH,17744.47,14787.06
2024-02-08,THE,17796.47,14830.39
2024-02-09,TTF,17191.54,14326.28
2024-02-09,CEGH,17559.96,14633.3
2024-02-09,THE,17212.29,14343.57
2024-02-10,TTF,16714.15,13928.46
2024-02-10,CEGH,17258.99,14382.49
2024-02-10,THE,16750.47,13958.72
2024-02-11,TTF,16714.15,13928.46
2024-02-11,CEGH,17258.99,14382.49
2024-02-11,THE,16750.47,13958.72
2024-02-12,TTF,16843.62,14036.35
2024-02-12,CEGH,17275.38,14396.15
2024-02-12,THE,16900.85,14084.04
2024-02-13,TTF,16369.44,13641.2
2024-02-13,CEGH,16851.51,14042.92
2024-02-13,THE,16442.8,13702.33
2024-02-14,TTF,16330.46,13608.72
2024-02-14,CEGH,16900.69,14083.91
2024-02-14,THE,16409.66,13674.72
2024-02-15,TTF,15854.42,13212.02
2024-02-15,CEGH,16536.6,13780.5
2024-02-15,THE,16017.09,13347.57
2024-02-16,TTF,15721.67,13101.39
2024-02-16,CEGH,16533.11,13777.59
2024-02-16,THE,15931.08,13275.9
2024-02-17,TTF,15690.26,13075.22
2024-02-17,CEGH,16208.54,13507.12
2024-02-17,THE,15794.96,13162.47
2024-02-18,TTF,15690.26,13075.22
2024-02-18,CEGH,16208.54,13507.12
2024-02-18,THE,15794.96,13162.47
2024-02-19,TTF,15777.8,13148.17
2024-02-19,CEGH,16413.11,13677.59
2024-02-19,THE,15893.31,13244.42
2024-02-20,TTF,15340.26,12783.55
2024-02-20,CEGH,16028.64,13357.2
2024-02-20,THE,15557.36,12964.47
2024-02-21,TTF,15638.52,13032.1
2024-02-21,CEGH,16390.61,13658.84
2024-02-21,THE,15819.87,13183.22
2024-02-22,TTF,15796.91,13164.09
2024-02-22,CEGH,16396.89,13664.07
2024-02-22,THE,15861.19,13217.66
2024-02-23,TTF,15321.44,12767.87
2024-02-23,CEGH,15830.43,13192.02
2024-02-23,THE,15375.01,12812.51
2024-02-24,TTF,15321.44,12767.87
2024-02-24,CEGH,15942.95,13285.79
2024-02-24,THE,15380.37,12816.97
2024-02-25,TTF,15321.44,12767.87
2024-02-25,CEGH,15942.95,13285.79
2024-02-25,THE,15380.37,12816.97
2024-02-26,TTF,15367.7,12806.42
2024-02-26,CEGH,16034.79,13362.32
2024-02-26,THE,15394.39,12828.66
2024-02-27,TTF,15855.89,13213.24
2024-02-27,CEGH,16454.11,13711.76
2024-02-27,THE,15834.53,13195.44
2024-02-28,TTF,16222.63,13518.86
2024-02-28,CEGH,16822.57,14018.81
2024-02-28,THE,16179.78,13483.15
2024-02-29,TTF,16420.77,13683.97
2024-02-29,CEGH,17189.64,14324.7
2024-02-29,THE,16457.89,13714.91
2024-03-01,TTF,16102.72,13418.93
2024-03-01,CEGH,16631.77,13859.81
2024-03-01,THE,16139.75,13449.79
2024-03-02,TTF,16388.41,13657.01
2024-03-02,CEGH,17070.88,14225.73
2024-03-02,THE,16525.96,13771.63
2024-03-03,TTF,16388.41,13657.01
2024-03-03,CEGH,17070.88,14225.73
2024-03-03,THE,16525.96,13771.63
2024-03-04,TTF,16587.52,13822.93
2024-03-04,CEGH,17090.85,14242.37
2024-03-04,THE,16661.7,13884.75
2024-03-05,TTF,17451.32,14542.77
2024-03-05,CEGH,17910.06,14925.05
2024-03-05,THE,17493.99,14578.32
2024-03-06,TTF,17649.55,14707.96
2024-03-06,CEGH,18291.24,15242.7
2024-03-06,THE,17708.37,14756.97
2024-03-07,TTF,17011.71,14176.42
2024-03-07,CEGH,17791.4,14826.17
2024-03-07,THE,17225.32,14354.43
2024-03-08,TTF,16633.09,13860.91
2024-03-08,CEGH,17618.6,14682.17
2024-03-08,THE,16824.87,14020.72
2024-03-09,TTF,16904.77,14087.31
2024-03-09,CEGH,17522.72,14602.27
2024-03-09,THE,16936.73,14113.94
2024-03-10,TTF,16904.77,14087.31
2024-03-10,CEGH,17522.72,14602.27
2024-03-10,THE,16936.73,14113.94
2024-03-11,TTF,17106.03,14255.02
2024-03-11,CEGH,17684.23,14736.86
2024-03-11,THE,17111.39,14259.49
2024-03-12,TTF,16474.77,13728.97
2024-03-12,CEGH,17347.49,14456.24
2024-03-12,THE,16480.16,13733.47
2024-03-13,TTF,16357.44,13631.2
2024-03-13,CEGH,17064.59,14220.49
2024-03-13,THE,16443.81,13703.17
2024-03-14,TTF,16476.47,13730.39
2024-03-14,CEGH,17543.98,14619.98
2024-03-14,THE,16530.93,13775.77
2024-03-15,TTF,16789.39,13991.16
2024-03-15,CEGH,17880.75,14900.62
2024-03-15,THE,17006.58,14172.15
2024-03-16,TTF,17565.83,14638.19
2024-03-16,CEGH,18190.24,15158.53
2024-03-16,THE,17598.41,14665.34
2024-03-17,TTF,17565.83,14638.19
2024-03-17,CEGH,18190.24,15158.53
2024-03-17,THE,17598.41,14665.34
2024-03-18,TTF,17685.26,14737.72
2024-03-18,CEGH,18211.41,15176.17
2024-03-18,THE,17690.68,14742.23
2024-03-19,TTF,18619.88,15516.57
2024-03-19,CEGH,19170.35,15975.29
2024-03-19,THE,18658.03,15548.36
2024-03-20,TTF,18655.76,15546.47
2024-03-20,CEGH,19217.36,16014.47
2024-03-20,THE,18655.76,15546.47
2024-03-21,TTF,18171.05,15142.54
2024-03-21,CEGH,18601.54,15501.28
2024-03-21,THE,18192.85,15160.71
2024-03-22,TTF,17374.91,14479.09
2024-03-22,CEGH,17642.11,14701.76
2024-03-22,THE,17374.91,14479.09
2024-03-23,TTF,17963.84,14969.87
2024-03-23,CEGH,18296.48,15247.07
2024-03-23,THE,17985.65,14988.04
2024-03-24,TTF,17963.84,14969.87
2024-03-24,CEGH,18296.48,15247.07
2024-03-24,THE,17985.65,14988.04
2024-03-25,TTF,17934.2,14945.17
2024-03-25,CEGH,18204.64,15170.53
2024-03-25,THE,17934.2,14945.17
2024-03-26,TTF,18405.74,15338.12
2024-03-26,CEGH,18967.67,15806.39
2024-03-26,THE,18400.28,15333.57
2024-03-27,TTF,17900.37,14916.97
2024-03-27,CEGH,18366.3,15305.25
2024-03-27,THE,17999.04,14999.2
2024-03-28,TTF,18069.28,15057.73
2024-03-28,CEGH,18799.52,15666.27
2024-03-28,THE,18063.83,15053.19
2024-03-29,TTF,17988.88,14990.73
2024-03-29,CEGH,17939.92,14949.93
2024-03-29,THE,17950.8,14959.0
2024-03-30,TTF,17613.53,14677.94
2024-03-30,CEGH,17782.16,14818.47
2024-03-30,THE,17602.65,14668.87
2024-03-31,TTF,17613.53,14677.94
2024-03-31,CEGH,17782.16,14818.47
2024-03-31,THE,17602.65,14668.87
2024-04-01,TTF,17527.26,14606.05
2024-04-01,CEGH,17695.07,14745.89
2024-04-01,THE,17516.43,14597.02
2024-04-02,TTF,17518.99,14599.16
2024-04-02,CEGH,17686.72,14738.93
2024-04-02,THE,17508.17,14590.14
2024-04-03,TTF,17349.47,14457.89
2024-04-03,CEGH,17642.6,14702.17
2024-04-03,THE,17409.19,14507.66
2024-04-04,TTF,16974.42,14145.35
2024-04-04,CEGH,17506.24,14588.53
2024-04-04,THE,16958.14,14131.78
2024-04-05,TTF,17087.84,14239.87
2024-04-05,CEGH,17637.03,14697.52
2024-04-05,THE,17109.59,14257.99
2024-04-06,TTF,17305.34,14421.12
2024-04-06,CEGH,17609.85,14674.87
2024-04-06,THE,17321.66,14434.72
2024-04-07,TTF,17305.34,14421.12
2024-04-07,CEGH,17609.85,14674.87
2024-04-07,THE,17321.66,14434.72
2024-04-08,TTF,17211.4,14342.83
2024-04-08,CEGH,17449.2,14541.0
2024-04-08,THE,17243.83,14369.86
2024-04-09,TTF,18004.4,15003.67
2024-04-09,CEGH,17874.35,14895.29
2024-04-09,THE,17998.98,14999.15
2024-04-10,TTF,17866.62,14888.85
2024-04-10,CEGH,17904.69,14920.57
2024-04-10,THE,17888.37,14906.97
2024-04-11,TTF,17859.99,14883.32
2024-04-11,CEGH,18072.12,15060.1
2024-04-11,THE,17838.23,14865.19
2024-04-12,TTF,18792.76,15660.63
2024-04-12,CEGH,18992.38,15826.98
2024-04-12,THE,18803.55,15669.62
2024-04-13,TTF,19213.59,16011.32
2024-04-13,CEGH,18674.07,15561.72
2024-04-13,THE,19186.61,15988.84
2024-04-14,TTF,19213.59,16011.32
2024-04-14,CEGH,18674.07,15561.72
2024-04-14,THE,19186.61,15988.84
2024-04-15,TTF,19267.78,16056.48
2024-04-15,CEGH,18869.02,15724.18
2024-04-15,THE,19230.06,16025.05
2024-04-16,TTF,20076.8,16730.67
2024-04-16,CEGH,19957.7,16631.42
2024-04-16,THE,20055.14,16712.62
2024-04-17,TTF,21340.04,17783.37
2024-04-17,CEGH,21448.21,17873.51
2024-04-17,THE,21221.05,17684.21
2024-04-18,TTF,20178.26,16815.22
2024-04-18,CEGH,21166.46,17638.72
2024-04-18,THE,20178.26,16815.22
2024-04-19,TTF,20767.09,17305.91
2024-04-19,CEGH,21071.09,17559.24
2024-04-19,THE,20750.8,17292.33
2024-04-20,TTF,19876.79,16563.99
2024-04-20,CEGH,20463.08,17052.57
2024-04-20,THE,19882.22,16568.52
2024-04-21,TTF,19876.79,16563.99
2024-04-21,CEGH,20463.08,17052.57
2024-04-21,THE,19882.22,16568.52
2024-04-22,TTF,20040.27,16700.22
2024-04-22,CEGH,20617.11,17180.92
2024-04-22,THE,20062.04,16718.37
2024-04-23,TTF,19263.21,16052.67
2024-04-23,CEGH,20523.62,17103.02
2024-04-23,THE,19263.21,16052.67
2024-04-24,TTF,18734.71,15612.26
2024-04-24,CEGH,20205.27,16837.72
2024-04-24,THE,18740.13,15616.77
2024-04-25,TTF,19257.39,16047.82
2024-04-25,CEGH,19809.85,16508.21
2024-04-25,THE,19235.72,16029.77
2024-04-26,TTF,19596.05,16330.04
2024-04-26,CEGH,20617.0,17180.83
2024-04-26,THE,19639.72,16366.43
2024-04-27,TTF,18771.64,15643.03
2024-04-27,CEGH,18880.84,15734.03
2024-04-27,THE,18771.64,15643.03
2024-04-28,TTF,18771.64,15643.03
2024-04-28,CEGH,18880.84,15734.03
2024-04-28,THE,18771.64,15643.03
2024-04-29,TTF,18736.54,15613.78
2024-04-29,CEGH,18752.89,15627.41
2024-04-29,THE,18741.99,15618.32
2024-04-30,TTF,18155.83,15129.86
2024-04-30,CEGH,18554.16,15461.8
2024-04-30,THE,18128.54,15107.12
2024-05-01,TTF,18773.24,15644.37
2024-05-01,CEGH,18969.06,15807.55
2024-05-01,THE,18724.28,15603.57
2024-05-02,TTF,18463.21,15386.01
2024-05-02,CEGH,18604.42,15503.68
2024-05-02,THE,18446.92,15372.43
2024-05-03,TTF,19727.58,16439.65
2024-05-03,CEGH,19857.97,16548.31
2024-05-03,THE,19705.85,16421.54
2024-05-04,TTF,19352.74,16127.28
2024-05-04,CEGH,19428.79,16190.66
2024-05-04,THE,19282.11,16068.42
2024-05-05,TTF,19352.74,16127.28
2024-05-05,CEGH,19428.79,16190.66
2024-05-05,THE,19282.11,16068.42
2024-05-06,TTF,19401.47,16167.89
2024-05-06,CEGH,19559.11,16299.26
2024-05-06,THE,19363.42,16136.18
2024-05-07,TTF,19429.3,16191.08
2024-05-07,CEGH,19587.18,16322.65
2024-05-07,THE,19391.19,16159.32
2024-05-08,TTF,20045.75,16704.79
2024-05-08,CEGH,20208.72,16840.6
2024-05-08,THE,19931.67,16609.72
2024-05-09,TTF,19577.48,16314.57
2024-05-09,CEGH,19756.79,16463.99
2024-05-09,THE,19506.85,16255.71
2024-05-10,TTF,19723.51,16436.26
2024-05-10,CEGH,19930.54,16608.78
2024-05-10,THE,19685.38,16404.48
2024-05-11,TTF,18966.22,15805.18
2024-05-11,CEGH,19205.94,16004.95
2024-05-11,THE,19015.25,15846.04
2024-05-12,TTF,18966.22,15805.18
2024-05-12,CEGH,19205.94,16004.95
2024-05-12,THE,19015.25,15846.04
2024-05-13,TTF,19196.69,15997.24
2024-05-13,CEGH,19587.01,16322.51
2024-05-13,THE,19235.17,16029.31
2024-05-14,TTF,18821.29,15684.41
2024-05-14,CEGH,19485.47,16237.89
2024-05-14,THE,18837.76,15698.13
2024-05-15,TTF,18994.33,15828.61
2024-05-15,CEGH,19824.74,16520.62
2024-05-15,THE,18999.83,15833.19
2024-05-16,TTF,19227.66,16023.05
2024-05-16,CEGH,19827.37,16522.81
2024-05-16,THE,19200.15,16000.12
2024-05-17,TTF,19614.96,16345.8
2024-05-17,CEGH,19945.04,16620.87
2024-05-17,THE,19620.46,16350.38
2024-05-18,TTF,19708.48,16423.73
2024-05-18,CEGH,20154.09,16795.07
2024-05-18,THE,19664.47,16387.06
2024-05-19,TTF,19708.48,16423.73
2024-05-19,CEGH,20154.09,16795.07
2024-05-19,THE,19664.47,16387.06
2024-05-20,TTF,19716.97,16430.81
2024-05-20,CEGH,20282.41,16902.01
2024-05-20,THE,19667.56,16389.63
2024-05-21,TTF,20845.58,17371.32
2024-05-21,CEGH,21548.08,17956.73
2024-05-21,THE,20790.26,17325.22
2024-05-22,TTF,21412.17,17843.47
2024-05-22,CEGH,21695.49,18079.57
2024-05-22,THE,21373.29,17811.07
2024-05-23,TTF,22167.66,18473.05
2024-05-23,CEGH,22604.96,18837.47
2024-05-23,THE,22128.92,18440.77
2024-05-24,TTF,22805.29,19004.41
2024-05-24,CEGH,23417.05,19514.21
2024-05-24,THE,22794.16,18995.13
2024-05-25,TTF,22165.72,18471.43
2024-05-25,CEGH,22627.32,18856.1
2024-05-25,THE,22082.3,18401.92
2024-05-26,TTF,22165.72,18471.43
2024-05-26,CEGH,22627.32,18856.1
2024-05-26,THE,22082.3,18401.92
2024-05-27,TTF,22262.28,18551.9
2024-05-27,CEGH,22848.62,19040.52
2024-05-27,THE,22206.44,18505.37
2024-05-28,TTF,22398.99,18665.82
2024-05-28,CEGH,22988.95,19157.46
2024-05-28,THE,22342.8,18619.0
2024-05-29,TTF,22252.56,18543.8
2024-05-29,CEGH,22947.0,19122.5
2024-05-29,THE,22218.69,18515.57
2024-05-30,TTF,22498.68,18748.9
2024-05-30,CEGH,23096.45,19247.04
2024-05-30,THE,22436.65,18697.21
2024-05-31,TTF,22846.19,19038.49
2024-05-31,CEGH,23645.09,19704.24
2024-05-31,THE,22812.43,19010.36
2024-06-01,TTF,22401.72,18668.1
2024-06-01,CEGH,22834.93,19029.11
2024-06-01,THE,22351.09,18625.91
2024-06-02,TTF,22401.72,18668.1
2024-06-02,CEGH,22834.93,19029.11
2024-06-02,THE,22351.09,18625.91
2024-06-03,TTF,22565.72,18804.77
2024-06-03,CEGH,23141.78,19284.82
2024-06-03,THE,22531.83,18776.52
2024-06-04,TTF,23454.77,19545.64
2024-06-04,CEGH,24153.63,20128.02
2024-06-04,THE,23364.59,19470.49
2024-06-05,TTF,22200.71,18500.59
2024-06-05,CEGH,23038.04,19198.37
2024-06-05,THE,22183.85,18486.54
2024-06-06,TTF,21744.83,18120.69
2024-06-06,CEGH,22377.55,18647.96
2024-06-06,THE,21722.44,18102.03
2024-06-07,TTF,21698.23,18081.86
2024-06-07,CEGH,22420.85,18684.04
2024-06-07,THE,21731.84,18109.87
2024-06-08,TTF,21440.55,17867.12
2024-06-08,CEGH,22213.58,18511.32
2024-06-08,THE,21462.95,17885.79
2024-06-09,TTF,21440.55,17867.12
2024-06-09,CEGH,22213.58,18511.32
2024-06-09,THE,21462.95,17885.79
2024-06-10,TTF,21627.01,18022.51
2024-06-10,CEGH,22455.06,18712.55
2024-06-10,THE,21672.07,18060.06
2024-06-11,TTF,22333.53,18611.27
2024-06-11,CEGH,22869.39,19057.82
2024-06-11,THE,22327.95,18606.62
2024-06-12,TTF,22243.86,18536.55
2024-06-12,CEGH,22656.8,18880.67
2024-06-12,THE,22227.12,18522.6
2024-06-13,TTF,22715.91,18929.92
2024-06-13,CEGH,23258.09,19381.74
2024-06-13,THE,22749.45,18957.87
2024-06-14,TTF,23029.08,19190.9
2024-06-14,CEGH,23665.82,19721.52
2024-06-14,THE,23068.53,19223.77
2024-06-15,TTF,22955.83,19129.86
2024-06-15,CEGH,23412.25,19510.21
2024-06-15,THE,22927.66,19106.38
2024-06-16,TTF,22955.83,19129.86
2024-06-16,CEGH,23412.25,19510.21
2024-06-16,THE,22927.66,19106.38
2024-06-17,TTF,22767.97,18973.31
2024-06-17,CEGH,23415.55,19512.96
2024-06-17,THE,22734.47,18945.39
2024-06-18,TTF,22244.7,18537.25
2024-06-18,CEGH,23083.22,19236.02
2024-06-18,THE,22261.47,18551.22
2024-06-19,TTF,22216.34,18513.62
2024-06-19,CEGH,23164.74,19303.95
2024-06-19,THE,22260.97,18550.81
2024-06-20,TTF,22688.1,18906.75
2024-06-20,CEGH,23544.13,19620.11
2024-06-20,THE,22777.62,18981.35
2024-06-21,TTF,21988.05,18323.37
2024-06-21,CEGH,22935.99,19113.32
2024-06-21,THE,22066.12,18388.43
2024-06-22,TTF,21909.98,18258.32
2024-06-22,CEGH,22634.88,18862.4
2024-06-22,THE,21915.56,18262.97
2024-06-23,TTF,21909.98,18258.32
2024-06-23,CEGH,22634.88,18862.4
2024-06-23,THE,21915.56,18262.97
2024-06-24,TTF,21846.82,18205.68
2024-06-24,CEGH,22690.62,18908.85
2024-06-24,THE,21813.51,18177.92
2024-06-25,TTF,22095.28,18412.73
2024-06-25,CEGH,22978.16,19148.47
2024-06-25,THE,22084.11,18403.42
2024-06-26,TTF,22506.17,18755.14
2024-06-26,CEGH,23512.59,19593.82
2024-06-26,THE,22483.81,18736.51
2024-06-27,TTF,21864.23,18220.19
2024-06-27,CEGH,22870.85,19059.04
2024-06-27,THE,21858.67,18215.56
2024-06-28,TTF,21985.21,18321.01
2024-06-28,CEGH,22825.79,19021.49
2024-06-28,THE,22018.61,18348.84
2024-06-29,TTF,21968.51,18307.09
2024-06-29,CEGH,22742.29,18951.91
2024-06-29,THE,22001.91,18334.92
2024-06-30,TTF,21968.51,18307.09
2024-06-30,CEGH,22742.29,18951.91
2024-06-30,THE,22001.91,18334.92
2024-07-01,TTF,21951.24,18292.7
2024-07-01,CEGH,22695.66,18913.05
2024-07-01,THE,21940.13,18283.44
2024-07-02,TTF,21696.93,18080.77
2024-07-02,CEGH,22179.32,18482.77
2024-07-02,THE,21680.1,18066.75
2024-07-03,TTF,21737.48,18114.57
2024-07-03,CEGH,22326.62,18605.52
2024-07-03,THE,21743.1,18119.25
2024-07-04,TTF,21355.94,17796.62
2024-07-04,CEGH,21902.08,18251.73
2024-07-04,THE,21344.68,17787.23
2024-07-05,TTF,21630.79,18025.66
2024-07-05,CEGH,22086.14,18405.12
2024-07-05,THE,21580.2,17983.5
2024-07-06,TTF,21507.12,17922.6
2024-07-06,CEGH,21990.57,18325.47
2024-07-06,THE,21462.15,17885.12
2024-07-07,TTF,21507.12,17922.6
2024-07-07,CEGH,21990.57,18325.47
2024-07-07,THE,21462.15,17885.12
2024-07-08,TTF,21551.93,17959.94
2024-07-08,CEGH,22560.05,18800.04
2024-07-08,THE,21495.61,17913.01
2024-07-09,TTF,21085.98,17571.65
2024-07-09,CEGH,21951.9,18293.25
2024-07-09,THE,21080.32,17566.93
2024-07-10,TTF,20563.13,17135.94
2024-07-10,CEGH,21706.54,18088.78
2024-07-10,THE,20551.81,17126.51
2024-07-11,TTF,20384.07,16986.72
2024-07-11,CEGH,21708.4,18090.33
2024-07-11,THE,20361.43,16967.86
2024-07-12,TTF,20757.51,17297.92
2024-07-12,CEGH,22011.21,18342.67
2024-07-12,THE,20700.53,17250.44
2024-07-13,TTF,21145.02,17620.85
2024-07-13,CEGH,22142.28,18451.9
2024-07-13,THE,21082.33,17568.61
2024-07-14,TTF,21145.02,17620.85
2024-07-14,CEGH,22142.28,18451.9
2024-07-14,THE,21082.33,17568.61
2024-07-15,TTF,21300.5,17750.42
2024-07-15,CEGH,22694.76,18912.3
2024-07-15,THE,21243.13,17702.61
2024-07-16,TTF,21032.03,17526.69
2024-07-16,CEGH,22439.03,18699.19
2024-07-16,THE,20986.09,17488.41
2024-07-17,TTF,22057.65,18381.37
2024-07-17,CEGH,23547.68,19623.07
2024-07-17,THE,22005.67,18338.06
2024-07-18,TTF,21613.52,18011.27
2024-07-18,CEGH,23237.96,19364.97
2024-07-18,THE,21596.05,17996.71
2024-07-19,TTF,21945.75,18288.12
2024-07-19,CEGH,23201.06,19334.22
2024-07-19,THE,21916.69,18263.91
2024-07-20,TTF,21637.73,18031.44
2024-07-20,CEGH,22887.23,19072.69
2024-07-20,THE,21597.05,17997.54
2024-07-21,TTF,21637.73,18031.44
2024-07-21,CEGH,22887.23,19072.69
2024-07-21,THE,21597.05,17997.54
2024-07-22,TTF,21614.17,18011.81
2024-07-22,CEGH,22919.6,19099.67
2024-07-22,THE,21585.17,17987.64
2024-07-23,TTF,21442.19,17868.49
2024-07-23,CEGH,22869.2,19057.67
2024-07-23,THE,21390.19,17825.16
2024-07-24,TTF,21139.88,17616.57
2024-07-24,CEGH,22496.5,18747.08
2024-07-24,THE,21105.39,17587.82
2024-07-25,TTF,21850.05,18208.37
2024-07-25,CEGH,22831.6,19026.33
2024-07-25,THE,21769.69,18141.41
2024-07-26,TTF,21380.61,17817.17
2024-07-26,CEGH,22310.05,18591.71
2024-07-26,THE,21300.29,17750.24
2024-07-27,TTF,21730.59,18108.82
2024-07-27,CEGH,22533.81,18778.17
2024-07-27,THE,21627.32,18022.77
2024-07-28,TTF,21730.59,18108.82
2024-07-28,CEGH,22533.81,18778.17
2024-07-28,THE,21627.32,18022.77
2024-07-29,TTF,21728.49,18107.07
2024-07-29,CEGH,22863.19,19052.66
2024-07-29,THE,21653.99,18044.99
2024-07-30,TTF,22331.97,18609.97
2024-07-30,CEGH,23540.72,19617.27
2024-07-30,THE,22309.16,18590.97
2024-07-31,TTF,22663.16,18885.97
2024-07-31,CEGH,23838.03,19865.02
2024-07-31,THE,22611.83,18843.19
2024-08-01,TTF,23133.58,19277.98
2024-08-01,CEGH,24621.58,20517.98
2024-08-01,THE,23127.87,19273.22
2024-08-02,TTF,23693.16,19744.3
2024-08-02,CEGH,24873.29,20727.74
2024-08-02,THE,23670.36,19725.3
2024-08-03,TTF,23676.06,19730.05
2024-08-03,CEGH,24685.16,20570.97
2024-08-03,THE,23619.04,19682.53
2024-08-04,TTF,23676.06,19730.05
2024-08-04,CEGH,24685.16,20570.97
2024-08-04,THE,23619.04,19682.53
2024-08-05,TTF,23868.88,19890.73
2024-08-05,CEGH,24889.28,20741.07
2024-08-05,THE,23817.28,19847.73
2024-08-06,TTF,23547.27,19622.72
2024-08-06,CEGH,24897.95,20748.29
2024-08-06,THE,23489.3,19574.42
2024-08-07,TTF,23881.38,19901.15
2024-08-07,CEGH,25204.21,21003.51
2024-08-07,THE,23846.87,19872.39
2024-08-08,TTF,24988.45,20823.71
2024-08-08,CEGH,26276.03,21896.69
2024-08-08,THE,24913.72,20761.43
2024-08-09,TTF,25862.84,21552.37
2024-08-09,CEGH,27393.26,22827.72
2024-08-09,THE,25862.84,21552.37
2024-08-10,TTF,25868.59,21557.16
2024-08-10,CEGH,27341.48,22784.57
2024-08-10,THE,25862.84,21552.37
2024-08-11,TTF,25868.59,21557.16
2024-08-11,CEGH,27341.48,22784.57
2024-08-11,THE,25862.84,21552.37
2024-08-12,TTF,25872.85,21560.71
2024-08-12,CEGH,27192.64,22660.53
2024-08-12,THE,25907.43,21589.52
2024-08-13,TTF,25715.75,21429.79
2024-08-13,CEGH,26978.32,22481.93
2024-08-13,THE,25686.8,21405.67
2024-08-14,TTF,25378.05,21148.37
2024-08-14,CEGH,26544.48,22120.4
2024-08-14,THE,25407.07,21172.56
2024-08-15,TTF,25591.71,21326.42
2024-08-15,CEGH,26685.39,22237.82
2024-08-15,THE,25562.47,21302.06
2024-08-16,TTF,25681.64,21401.37
2024-08-16,CEGH,26752.01,22293.34
2024-08-16,THE,25664.19,21386.82
2024-08-17,TTF,25792.17,21493.47
2024-08-17,CEGH,26722.92,22269.1
2024-08-17,THE,25768.9,21474.08
2024-08-18,TTF,25792.17,21493.47
2024-08-18,CEGH,26722.92,22269.1
2024-08-18,THE,25768.9,21474.08
2024-08-19,TTF,25853.11,21544.26
2024-08-19,CEGH,26626.69,22188.91
2024-08-19,THE,25818.21,21515.17
2024-08-20,TTF,26180.48,21817.07
2024-08-20,CEGH,27234.59,22695.49
2024-08-20,THE,26116.07,21763.39
2024-08-21,TTF,25129.7,20941.42
2024-08-21,CEGH,26488.72,22073.93
2024-08-21,THE,25088.51,20907.09
2024-08-22,TTF,24653.22,20544.35
2024-08-22,CEGH,25896.7,21580.58
2024-08-22,THE,24629.64,20524.7
2024-08-23,TTF,24479.54,20399.62
2024-08-23,CEGH,25630.85,21359.04
2024-08-23,THE,24438.21,20365.17
2024-08-24,TTF,24945.97,20788.31
2024-08-24,CEGH,26303.93,21919.94
2024-08-24,THE,24922.35,20768.62
2024-08-25,TTF,24945.97,20788.31
2024-08-25,CEGH,26303.93,21919.94
2024-08-25,THE,24922.35,20768.62
2024-08-26,TTF,24892.96,20744.13
2024-08-26,CEGH,26111.35,21759.46
2024-08-26,THE,24898.85,20749.04
2024-08-27,TTF,25076.81,20897.34
2024-08-27,CEGH,26304.27,21920.22
2024-08-27,THE,25082.74,20902.28
2024-08-28,TTF,25976.06,21646.72
2024-08-28,CEGH,27479.68,22899.73
2024-08-28,THE,25934.62,21612.18
2024-08-29,TTF,25950.61,21625.51
2024-08-29,CEGH,27482.24,22901.87
2024-08-29,THE,25921.15,21600.96
2024-08-30,TTF,25934.75,21612.29
2024-08-30,CEGH,27178.87,22649.06
2024-08-30,THE,25829.12,21524.27
2024-08-31,TTF,26057.99,21714.99
2024-08-31,CEGH,27008.68,22507.23
2024-08-31,THE,26122.54,21768.78
2024-09-01,TTF,26057.99,21714.99
2024-09-01,CEGH,27008.68,22507.23
2024-09-01,THE,26122.54,21768.78
2024-09-02,TTF,26199.89,21833.24
2024-09-02,CEGH,27426.8,22855.67
2024-09-02,THE,26223.26,21852.72
2024-09-03,TTF,25739.86,21449.88
2024-09-03,CEGH,27543.6,22953.0
2024-09-03,THE,25734.03,21445.02
2024-09-04,TTF,24926.77,20772.31
2024-09-04,CEGH,27002.72,22502.27
2024-09-04,THE,24950.16,20791.8
2024-09-05,TTF,24082.74,20068.95
2024-09-05,CEGH,25857.07,21547.56
2024-09-05,THE,24088.6,20073.83
2024-09-06,TTF,24036.63,20030.52
2024-09-06,CEGH,25564.4,21303.67
2024-09-06,THE,24048.34,20040.28
2024-09-07,TTF,24305.9,20254.92
2024-09-07,CEGH,25470.75,21225.62
2024-09-07,THE,24305.9,20254.92
2024-09-08,TTF,24305.9,20254.92
2024-09-08,CEGH,25470.75,21225.62
2024-09-08,THE,24305.9,20254.92
2024-09-09,TTF,24447.07,20372.56
2024-09-09,CEGH,25891.91,21576.59
2024-09-09,THE,24470.47,20392.06
2024-09-10,TTF,24652.49,20543.74
2024-09-10,CEGH,25812.1,21510.08
2024-09-10,THE,24664.14,20553.45
2024-09-11,TTF,23636.03,19696.69
2024-09-11,CEGH,24748.89,20624.07
2024-09-11,THE,23659.34,19716.12
2024-09-12,TTF,24365.63,20304.69
2024-09-12,CEGH,24867.95,20723.29
2024-09-12,THE,24394.84,20329.03
2024-09-13,TTF,23930.25,19941.87
2024-09-13,CEGH,24397.21,20331.01
2024-09-13,THE,23906.9,19922.42
2024-09-14,TTF,24181.24,20151.03
2024-09-14,CEGH,24152.06,20126.72
2024-09-14,THE,24163.73,20136.44
2024-09-15,TTF,24181.24,20151.03
2024-09-15,CEGH,24152.06,20126.72
2024-09-15,THE,24163.73,20136.44
2024-09-16,TTF,24375.79,20313.16
2024-09-16,CEGH,24546.32,20455.27
2024-09-16,THE,24375.79,20313.16
2024-09-17,TTF,23565.92,19638.27
2024-09-17,CEGH,24363.42,20302.85
2024-09-17,THE,23536.38,19613.65
2024-09-18,TTF,24152.32,20126.93
2024-09-18,CEGH,25455.24,21212.7
2024-09-18,THE,24158.24,20131.87
2024-09-19,TTF,24008.92,20007.43
2024-09-19,CEGH,24950.28,20791.9
2024-09-19,THE,24020.76,20017.3
2024-09-20,TTF,22662.46,18885.38
2024-09-20,CEGH,23820.2,19850.17
2024-09-20,THE,22662.46,18885.38
2024-09-21,TTF,23737.08,19780.9
2024-09-21,CEGH,24170.5,20142.08
2024-09-21,THE,23719.27,19766.06
2024-09-22,TTF,23737.08,19780.9
2024-09-22,CEGH,24170.5,20142.08
2024-09-22,THE,23719.27,19766.06
2024-09-23,TTF,23713.95,19761.62
2024-09-23,CEGH,24223.55,20186.29
2024-09-23,THE,23708.03,19756.69
2024-09-24,TTF,24715.74,20596.45
2024-09-24,CEGH,25294.48,21078.73
2024-09-24,THE,24686.22,20571.85
2024-09-25,TTF,24647.07,20539.22
2024-09-25,CEGH,25001.78,20834.82
2024-09-25,THE,24570.22,20475.18
2024-09-26,TTF,25516.7,21263.92
2024-09-26,CEGH,25890.38,21575.32
2024-09-26,THE,25510.77,21258.97
2024-09-27,TTF,25641.29,21367.74
2024-09-27,CEGH,25617.69,21348.07
2024-09-27,THE,25599.98,21333.32
2024-09-28,TTF,25989.46,21657.88
2024-09-28,CEGH,26154.7,21795.58
2024-09-28,THE,26007.17,21672.64
2024-09-29,TTF,25989.46,21657.88
2024-09-29,CEGH,26154.7,21795.58
2024-09-29,THE,26007.17,21672.64
2024-09-30,TTF,25997.76,21664.8
2024-09-30,CEGH,26174.77,21812.31
2024-09-30,THE,26003.66,21669.72
2024-10-01,TTF,26275.75,21896.46
2024-10-01,CEGH,27318.75,22765.62
2024-10-01,THE,26613.54,22177.95
2024-10-02,TTF,26102.96,21752.47
2024-10-02,CEGH,27071.38,22559.48
2024-10-02,THE,26619.45,22182.87
2024-10-03,TTF,25847.21,21539.34
2024-10-03,CEGH,26434.19,22028.49
2024-10-03,THE,26217.01,21847.51
2024-10-04,TTF,26406.43,22005.36
2024-10-04,CEGH,26909.12,22424.27
2024-10-04,THE,26675.31,22229.42
2024-10-05,TTF,27072.79,22560.66
2024-10-05,CEGH,27417.66,22848.05
2024-10-05,THE,27359.2,22799.33
2024-10-06,TTF,27072.79,22560.66
2024-10-06,CEGH,27417.66,22848.05
2024-10-06,THE,27359.2,22799.33
2024-10-07,TTF,26989.64,22491.37
2024-10-07,CEGH,27322.15,22768.46
2024-10-07,THE,27292.98,22744.15
2024-10-08,TTF,26488.32,22073.6
2024-10-08,CEGH,26761.22,22301.02
2024-10-08,THE,26749.61,22291.34
2024-10-09,TTF,25391.72,21159.77
2024-10-09,CEGH,25577.62,21314.68
2024-10-09,THE,25769.33,21474.44
2024-10-10,TTF,25124.61,20937.17
2024-10-10,CEGH,25234.7,21028.92
2024-10-10,THE,25472.27,21226.89
2024-10-11,TTF,26179.89,21816.57
2024-10-11,CEGH,26116.26,21763.55
2024-10-11,THE,26538.5,22115.42
2024-10-12,TTF,26052.64,21710.53
2024-10-12,CEGH,25641.97,21368.31
2024-10-12,THE,26087.34,21739.45
2024-10-13,TTF,26052.64,21710.53
2024-10-13,CEGH,25641.97,21368.31
2024-10-13,THE,26087.34,21739.45
2024-10-14,TTF,26171.81,21809.84
2024-10-14,CEGH,26270.09,21891.74
2024-10-14,THE,26455.08,22045.9
2024-10-15,TTF,26255.02,21879.18
2024-10-15,CEGH,26560.96,22134.13
2024-10-15,THE,26722.59,22268.82
2024-10-16,TTF,25883.51,21569.59
2024-10-16,CEGH,26408.41,22007.01
2024-10-16,THE,26212.29,21843.57
2024-10-17,TTF,25480.0,21233.33
2024-10-17,CEGH,26073.98,21728.32
2024-10-17,THE,25877.91,21564.92
2024-10-18,TTF,25763.97,21469.97
2024-10-18,CEGH,26063.05,21719.21
2024-10-18,THE,26068.8,21724.0
2024-10-19,TTF,25338.36,21115.3
2024-10-19,CEGH,26011.28,21676.07
2024-10-19,THE,25666.19,21388.49
2024-10-20,TTF,25338.36,21115.3
2024-10-20,CEGH,26011.28,21676.07
2024-10-20,THE,25666.19,21388.49
2024-10-21,TTF,25398.81,21165.67
2024-10-21,CEGH,26013.31,21677.76
2024-10-21,THE,25697.45,21414.54
2024-10-22,TTF,26057.25,21714.37
2024-10-22,CEGH,26333.44,21944.53
2024-10-22,THE,26362.21,21968.51
2024-10-23,TTF,26628.83,22190.69
2024-10-23,CEGH,26783.83,22319.86
2024-10-23,THE,26996.22,22496.85
2024-10-24,TTF,26736.13,22280.11
2024-10-24,CEGH,26855.95,22379.96
2024-10-24,THE,27055.64,22546.37
2024-10-25,TTF,27176.41,22647.01
2024-10-25,CEGH,27239.32,22699.43
2024-10-25,THE,27519.55,22932.96
2024-10-26,TTF,27799.79,23166.49
2024-10-26,CEGH,27994.24,23328.53
2024-10-26,THE,27914.17,23261.81
2024-10-27,TTF,27799.79,23166.49
2024-10-27,CEGH,27994.24,23328.53
2024-10-27,THE,27914.17,23261.81
2024-10-28,TTF,28027.05,23355.87
2024-10-28,CEGH,28268.18,23556.82
2024-10-28,THE,28245.21,23537.67
2024-10-29,TTF,27431.8,22859.83
2024-10-29,CEGH,27661.37,23051.14
2024-10-29,THE,27822.06,23185.05
2024-10-30,TTF,27417.63,22848.02
2024-10-30,CEGH,27709.74,23091.45
2024-10-30,THE,27784.2,23153.5
2024-10-31,TTF,26505.17,22087.64
2024-10-31,CEGH,26717.23,22264.36
2024-10-31,THE,26734.42,22278.68
2024-11-01,TTF,25770.92,21475.77
2024-11-01,CEGH,25966.7,21638.92
2024-11-01,THE,26214.31,21845.26
2024-11-02,TTF,24809.28,20674.4
2024-11-02,CEGH,25310.25,21091.87
2024-11-02,THE,25241.15,21034.29
2024-11-03,TTF,24809.28,20674.4
2024-11-03,CEGH,25310.25,21091.87
2024-11-03,THE,25241.15,21034.29
2024-11-04,TTF,25355.29,21129.41
2024-11-04,CEGH,25303.33,21086.11
2024-11-04,THE,25799.88,21499.9
2024-11-05,TTF,26316.46,21930.38
2024-11-05,CEGH,26583.08,22152.57
2024-11-05,THE,26710.6,22258.83
2024-11-06,TTF,26605.8,22171.5
2024-11-06,CEGH,26744.94,22287.45
2024-11-06,THE,26976.83,22480.69
2024-11-07,TTF,26132.7,21777.25
2024-11-07,CEGH,26275.03,21895.86
2024-11-07,THE,26514.13,22095.11
2024-11-08,TTF,26716.03,22263.36
2024-11-08,CEGH,26778.97,22315.81
2024-11-08,THE,27099.4,22582.83
2024-11-09,TTF,27019.3,22516.08
2024-11-09,CEGH,27328.29,22773.57
2024-11-09,THE,27499.95,22916.62
2024-11-10,TTF,27019.3,22516.08
2024-11-10,CEGH,27328.29,22773.57
2024-11-10,THE,27499.95,22916.62
2024-11-11,TTF,27052.18,22543.48
2024-11-11,CEGH,27200.7,22667.25
2024-11-11,THE,27480.59,22900.49
2024-11-12,TTF,27948.76,23290.63
2024-11-12,CEGH,28406.33,23671.94
2024-11-12,THE,28462.82,23719.02
2024-11-13,TTF,27915.89,23263.24
2024-11-13,CEGH,28784.78,23987.32
2024-11-13,THE,28333.41,23611.17
2024-11-14,TTF,27791.04,23159.2
2024-11-14,CEGH,28485.15,23737.62
2024-11-14,THE,28248.14,23540.12
2024-11-15,TTF,28744.68,23953.9
2024-11-15,CEGH,29475.82,24563.18
2024-11-15,THE,29230.25,24358.54
2024-11-16,TTF,28588.4,23823.67
2024-11-16,CEGH,29319.55,24432.96
2024-11-16,THE,29157.69,24298.07
2024-11-17,TTF,28588.4,23823.67
2024-11-17,CEGH,29319.55,24432.96
2024-11-17,THE,29157.69,24298.07
2024-11-18,TTF,28838.23,24031.86
2024-11-18,CEGH,29510.84,24592.37
2024-11-18,THE,29359.5,24466.25
2024-11-19,TTF,29291.75,24409.79
2024-11-19,CEGH,29818.4,24848.67
2024-11-19,THE,29818.4,24848.67
2024-11-20,TTF,28773.56,23977.97
2024-11-20,CEGH,29132.6,24277.17
2024-11-20,THE,29160.65,24300.54
2024-11-21,TTF,29254.88,24379.07
2024-11-21,CEGH,29808.64,24840.53
2024-11-21,THE,29825.42,24854.52
2024-11-22,TTF,30200.47,25167.06
2024-11-22,CEGH,30619.04,25515.87
2024-11-22,THE,30713.92,25594.93
2024-11-23,TTF,29207.05,24339.21
2024-11-23,CEGH,29977.23,24981.02
2024-11-23,THE,29882.35,24901.96
2024-11-24,TTF,29207.05,24339.21
2024-11-24,CEGH,29977.23,24981.02
2024-11-24,THE,29882.35,24901.96
2024-11-25,TTF,28876.25,24063.54
2024-11-25,CEGH,29638.05,24698.37
2024-11-25,THE,29511.08,24592.57
2024-11-26,TTF,29626.21,24688.51
2024-11-26,CEGH,30586.31,25488.59
2024-11-26,THE,30150.92,25125.77
2024-11-27,TTF,29296.53,24413.77
2024-11-27,CEGH,29997.63,24998.02
2024-11-27,THE,29806.93,24839.11
2024-11-28,TTF,29280.8,24400.67
2024-11-28,CEGH,30028.81,25024.01
2024-11-28,THE,29893.84,24911.53
2024-11-29,TTF,29304.13,24420.11
2024-11-29,CEGH,29647.68,24706.4
2024-11-29,THE,29647.68,24706.4
2024-11-30,TTF,29608.26,24673.55
2024-11-30,CEGH,30182.72,25152.27
2024-11-30,THE,30182.72,25152.27
2024-12-01,TTF,29608.26,24673.55
2024-12-01,CEGH,30182.72,25152.27
2024-12-01,THE,30182.72,25152.27
2024-12-02,TTF,29656.36,24713.63
2024-12-02,CEGH,30270.78,25225.65
2024-12-02,THE,30203.14,25169.28
2024-12-03,TTF,30291.0,25242.5
2024-12-03,CEGH,31447.52,26206.27
2024-12-03,THE,30807.5,25672.92
2024-12-04,TTF,30365.29,25304.41
2024-12-04,CEGH,31659.49,26382.91
2024-12-04,THE,30747.92,25623.27
2024-12-05,TTF,29362.79,24468.99
2024-12-05,CEGH,31035.06,25862.55
2024-12-05,THE,29862.23,24885.19
2024-12-06,TTF,29024.89,24187.41
2024-12-06,CEGH,30645.12,25537.6
2024-12-06,THE,29469.33,24557.77
2024-12-07,TTF,28901.13,24084.27
2024-12-07,CEGH,30346.96,25289.13
2024-12-07,THE,29317.44,24431.2
2024-12-08,TTF,28901.13,24084.27
2024-12-08,CEGH,30346.96,25289.13
2024-12-08,THE,29317.44,24431.2
2024-12-09,TTF,28994.98,24162.48
2024-12-09,CEGH,30628.03,25523.36
2024-12-09,THE,29411.69,24509.74
2024-12-10,TTF,28480.34,23733.62
2024-12-10,CEGH,31171.8,25976.5
2024-12-10,THE,29009.62,24174.68
2024-12-11,TTF,28770.7,23975.58
2024-12-11,CEGH,30740.04,25616.7
2024-12-11,THE,29181.45,24317.87
2024-12-12,TTF,28374.76,23645.63
2024-12-12,CEGH,30697.42,25581.18
2024-12-12,THE,28802.17,24001.81
2024-12-13,TTF,27151.72,22626.43
2024-12-13,CEGH,29121.39,24267.82
2024-12-13,THE,27595.03,22995.86
2024-12-14,TTF,26169.68,21808.07
2024-12-14,CEGH,27129.27,22607.72
2024-12-14,THE,26691.56,22242.97
2024-12-15,TTF,26169.68,21808.07
2024-12-15,CEGH,27129.27,22607.72
2024-12-15,THE,26691.56,22242.97
2024-12-16,TTF,26188.86,21824.05
2024-12-16,CEGH,27778.15,23148.46
2024-12-16,THE,26739.21,22282.67
2024-12-17,TTF,25561.41,21301.17
2024-12-17,CEGH,26860.73,22383.94
2024-12-17,THE,26067.64,21723.03
2024-12-18,TTF,26537.7,22114.75
2024-12-18,CEGH,27907.88,23256.57
2024-12-18,THE,27028.26,22523.55
2024-12-19,TTF,26152.42,21793.68
2024-12-19,CEGH,27095.0,22579.17
2024-12-19,THE,26530.58,22108.82
2024-12-20,TTF,27036.56,22530.47
2024-12-20,CEGH,27915.02,23262.52
2024-12-20,THE,27551.32,22959.43
2024-12-21,TTF,27310.73,22758.94
2024-12-21,CEGH,28390.62,23658.85
2024-12-21,THE,27881.45,23234.54
2024-12-22,TTF,27310.73,22758.94
2024-12-22,CEGH,28390.62,23658.85
2024-12-22,THE,27881.45,23234.54
2024-12-23,TTF,27359.08,22799.23
2024-12-23,CEGH,28387.06,23655.88
2024-12-23,THE,27923.35,23269.46
2024-12-24,TTF,28379.11,23649.26
2024-12-24,CEGH,29404.65,24503.87
2024-12-24,THE,28967.53,24139.61
2024-12-25,TTF,28931.62,24109.68
2024-12-25,CEGH,29760.79,24800.66
2024-12-25,THE,29452.66,24543.88
2024-12-26,TTF,28853.62,24044.68
2024-12-26,CEGH,29680.56,24733.8
2024-12-26,THE,29373.25,24477.71
2024-12-27,TTF,28851.05,24042.54
2024-12-27,CEGH,29677.93,24731.61
2024-12-27,THE,29370.64,24475.53
2024-12-28,TTF,29672.34,24726.95
2024-12-28,CEGH,30393.06,25327.55
2024-12-28,THE,30169.58,25141.32
2024-12-29,TTF,29672.34,24726.95
2024-12-29,CEGH,30393.06,25327.55
2024-12-29,THE,30169.58,25141.32
2024-12-30,TTF,29826.44,24855.37
2024-12-30,CEGH,30522.97,25435.81
2024-12-30,THE,30320.75,25267.29
2024-12-31,TTF,29958.99,24965.82
2024-12-31,CEGH,30821.94,25684.95
2024-12-31,THE,30404.56,25337.13
2025-01-01,TTF,30804.69,25670.57
2025-01-01,CEGH,31532.32,26276.93
2025-01-01,THE,31409.19,26174.32
2025-01-02,TTF,30778.58,25648.82
2025-01-02,CEGH,31504.88,26254.07
2025-01-02,THE,31381.97,26151.64
2025-01-03,TTF,31361.0,26134.17
2025-01-03,CEGH,31983.44,26652.87
2025-01-03,THE,31783.37,26486.14
2025-01-04,TTF,31166.49,25972.07
2025-01-04,CEGH,31622.2,26351.83
2025-01-04,THE,31572.19,26310.16
2025-01-05,TTF,31166.49,25972.07
2025-01-05,CEGH,31622.2,26351.83
2025-01-05,THE,31572.19,26310.16
2025-01-06,TTF,31037.38,25864.48
2025-01-06,CEGH,31620.37,26350.31
2025-01-06,THE,31431.59,26192.99
2025-01-07,TTF,30042.33,25035.27
2025-01-07,CEGH,30835.57,25696.31
2025-01-07,THE,30582.41,25485.34
2025-01-08,TTF,30334.97,25279.14
2025-01-08,CEGH,31110.76,25925.63
2025-01-08,THE,30902.76,25752.3
2025-01-09,TTF,28967.03,24139.19
2025-01-09,CEGH,29540.13,24616.77
2025-01-09,THE,29434.41,24528.67
2025-01-10,TTF,28871.04,24059.2
2025-01-10,CEGH,29284.03,24403.36
2025-01-10,THE,29261.71,24384.76
2025-01-11,TTF,29144.51,24287.09
2025-01-11,CEGH,29674.7,24728.92
2025-01-11,THE,29557.5,24631.25
2025-01-12,TTF,29144.51,24287.09
2025-01-12,CEGH,29674.7,24728.92
2025-01-12,THE,29557.5,24631.25
2025-01-13,TTF,29215.55,24346.29
2025-01-13,CEGH,29852.0,24876.67
2025-01-13,THE,29584.02,24653.35
2025-01-14,TTF,30761.75,25634.79
2025-01-14,CEGH,31502.18,26251.82
2025-01-14,THE,31043.56,25869.63
2025-01-15,TTF,30051.24,25042.7
2025-01-15,CEGH,31222.41,26018.67
2025-01-15,THE,30367.63,25306.36
2025-01-16,TTF,29972.37,24976.97
2025-01-16,CEGH,31260.7,26050.58
2025-01-16,THE,30440.86,25367.38
2025-01-17,TTF,29567.12,24639.27
2025-01-17,CEGH,30538.42,25448.68
2025-01-17,THE,29977.84,24981.53
2025-01-18,TTF,30327.51,25272.92
2025-01-18,CEGH,30316.41,25263.67
2025-01-18,THE,30249.81,25208.17
2025-01-19,TTF,30327.51,25272.92
2025-01-19,CEGH,30316.41,25263.67
2025-01-19,THE,30249.81,25208.17
2025-01-20,TTF,30283.6,25236.33
2025-01-20,CEGH,30678.12,25565.1
2025-01-20,THE,30300.27,25250.22
2025-01-21,TTF,31205.79,26004.82
2025-01-21,CEGH,31618.22,26348.52
2025-01-21,THE,31244.81,26037.34
2025-01-22,TTF,31799.79,26499.82
2025-01-22,CEGH,32560.24,27133.53
2025-01-22,THE,32202.38,26835.32
2025-01-23,TTF,31063.52,25886.27
2025-01-23,CEGH,31709.97,26424.97
2025-01-23,THE,31653.76,26378.13
2025-01-24,TTF,30841.74,25701.45
2025-01-24,CEGH,31725.8,26438.17
2025-01-24,THE,31597.11,26330.92
2025-01-25,TTF,31272.58,26060.48
2025-01-25,CEGH,32106.28,26755.23
2025-01-25,THE,31860.09,26550.07
2025-01-26,TTF,31272.58,26060.48
2025-01-26,CEGH,32106.28,26755.23
2025-01-26,THE,31860.09,26550.07
2025-01-27,TTF,31381.15,26150.96
2025-01-27,CEGH,32253.3,26877.75
2025-01-27,THE,32050.74,26708.95
2025-01-28,TTF,30589.03,25490.86
2025-01-28,CEGH,31573.21,26311.01
2025-01-28,THE,31165.96,25971.63
2025-01-29,TTF,30742.32,25618.6
2025-01-29,CEGH,31432.32,26193.6
2025-01-29,THE,31185.49,25987.91
2025-01-30,TTF,32314.17,26928.47
2025-01-30,CEGH,32873.04,27394.2
2025-01-30,THE,32710.97,27259.14
2025-01-31,TTF,32578.68,27148.9
2025-01-31,CEGH,33175.17,27645.97
2025-01-31,THE,33013.5,27511.25
2025-02-01,TTF,33258.79,27715.66
2025-02-01,CEGH,33626.71,28022.26
2025-02-01,THE,33643.44,28036.2
2025-02-02,TTF,33258.79,27715.66
2025-02-02,CEGH,33626.71,28022.26
2025-02-02,THE,33643.44,28036.2
2025-02-03,TTF,33222.61,27685.51
2025-02-03,CEGH,33611.17,28009.31
2025-02-03,THE,33600.07,28000.06
2025-02-04,TTF,33225.53,27687.94
2025-02-04,CEGH,33664.86,28054.05
2025-02-04,THE,33615.44,28012.87
2025-02-05,TTF,32384.08,26986.73
2025-02-05,CEGH,32930.98,27442.48
2025-02-05,THE,32886.79,27405.66
2025-02-06,TTF,33370.22,27808.52
2025-02-06,CEGH,33926.38,28271.98
2025-02-06,THE,33926.38,28271.98
2025-02-07,TTF,33519.58,27932.98
2025-02-07,CEGH,34103.29,28419.41
2025-02-07,THE,34004.17,28336.81
2025-02-08,TTF,34086.77,28405.64
2025-02-08,CEGH,34698.01,28915.01
2025-02-08,THE,34659.46,28882.88
2025-02-09,TTF,34086.77,28405.64
2025-02-09,CEGH,34698.01,28915.01
2025-02-09,THE,34659.46,28882.88
2025-02-10,TTF,34195.36,28496.13
2025-02-10,CEGH,34818.39,29015.32
2025-02-10,THE,34752.22,28960.18
2025-02-11,TTF,35586.73,29655.61
2025-02-11,CEGH,36839.8,30699.83
2025-02-11,THE,36097.85,30081.54
2025-02-12,TTF,35308.14,29423.45
2025-02-12,CEGH,36939.34,30782.78
2025-02-12,THE,35809.63,29841.36
2025-02-13,TTF,34674.22,28895.18
2025-02-13,CEGH,35479.68,29566.4
2025-02-13,THE,35185.27,29321.06
2025-02-14,TTF,32384.44,26987.03
2025-02-14,CEGH,33397.31,27831.09
2025-02-14,THE,32874.18,27395.15
2025-02-15,TTF,32039.4,26699.5
2025-02-15,CEGH,32640.44,27200.37
2025-02-15,THE,32440.09,27033.41
2025-02-16,TTF,32039.4,26699.5
2025-02-16,CEGH,32640.44,27200.37
2025-02-16,THE,32440.09,27033.41
2025-02-17,TTF,32326.57,26938.81
2025-02-17,CEGH,33488.25,27906.87
2025-02-17,THE,32818.05,27348.37
2025-02-18,TTF,30626.98,25522.48
2025-02-18,CEGH,32885.08,27404.23
2025-02-18,THE,31340.65,26117.21
2025-02-19,TTF,31198.32,25998.6
2025-02-19,CEGH,32579.45,27149.54
2025-02-19,THE,32044.82,26704.02
2025-02-20,TTF,30212.31,25176.92
2025-02-20,CEGH,32083.84,26736.53
2025-02-20,THE,31136.94,25947.45
2025-02-21,TTF,29892.25,24910.21
2025-02-21,CEGH,31488.11,26240.09
2025-02-21,THE,30723.66,25603.05
2025-02-22,TTF,29401.21,24501.01
2025-02-22,CEGH,30656.7,25547.25
2025-02-22,THE,30115.45,25096.21
2025-02-23,TTF,29401.21,24501.01
2025-02-23,CEGH,30656.7,25547.25
2025-02-23,THE,30115.45,25096.21
2025-02-24,TTF,29490.06,24575.05
2025-02-24,CEGH,30911.58,25759.65
2025-02-24,THE,30192.46,25160.38
2025-02-25,TTF,29878.27,24898.56
2025-02-25,CEGH,31136.46,25947.05
2025-02-25,THE,30448.65,25373.87
2025-02-26,TTF,28232.28,23526.9
2025-02-26,CEGH,29584.39,24653.66
2025-02-26,THE,28821.37,24017.81
2025-02-27,TTF,26673.29,22227.74
2025-02-27,CEGH,27824.71,23187.26
2025-02-27,THE,27237.82,22698.18
2025-02-28,TTF,28794.39,23995.32
2025-02-28,CEGH,29769.6,24808.0
2025-02-28,THE,29401.81,24501.51
2025-03-01,TTF,28448.88,23707.4
2025-03-01,CEGH,29713.88,24761.57
2025-03-01,THE,29028.44,24190.37
2025-03-02,TTF,28448.88,23707.4
2025-03-02,CEGH,29713.88,24761.57
2025-03-02,THE,29028.44,24190.37
2025-03-03,TTF,28227.43,23522.86
2025-03-03,CEGH,29508.96,24590.8
2025-03-03,THE,28796.39,23996.99
2025-03-04,TTF,28876.04,24063.37
2025-03-04,CEGH,30175.89,25146.57
2025-03-04,THE,29500.86,24584.05
2025-03-05,TTF,28143.04,23452.53
2025-03-05,CEGH,29216.8,24347.33
2025-03-05,THE,28733.33,23944.44
2025-03-06,TTF,26969.83,22474.86
2025-03-06,CEGH,27803.24,23169.37
2025-03-06,THE,27638.82,23032.35
2025-03-07,TTF,25160.76,20967.3
2025-03-07,CEGH,26291.17,21909.31
2025-03-07,THE,25914.37,21595.31
2025-03-08,TTF,26085.64,21738.03
2025-03-08,CEGH,27404.45,22837.04
2025-03-08,THE,26696.52,22247.1
2025-03-09,TTF,26085.64,21738.03
2025-03-09,CEGH,27404.45,22837.04
2025-03-09,THE,26696.52,22247.1
2025-03-10,TTF,26402.05,22001.71
2025-03-10,CEGH,27519.54,22932.95
2025-03-10,THE,27089.74,22574.78
2025-03-11,TTF,27437.32,22864.43
2025-03-11,CEGH,28142.89,23452.41
2025-03-11,THE,28016.69,23347.24
2025-03-12,TTF,28739.65,23949.71
2025-03-12,CEGH,29440.61,24533.84
2025-03-12,THE,29347.92,24456.6
2025-03-13,TTF,28297.21,23581.01
2025-03-13,CEGH,28910.59,24092.16
2025-03-13,THE,28893.23,24077.69
2025-03-14,TTF,27595.01,22995.84
2025-03-14,CEGH,28344.55,23620.46
2025-03-14,THE,28292.66,23577.22
2025-03-15,TTF,28119.69,23433.07
2025-03-15,CEGH,28851.93,24043.27
2025-03-15,THE,28805.81,24004.84
2025-03-16,TTF,28119.69,23433.07
2025-03-16,CEGH,28851.93,24043.27
2025-03-16,THE,28805.81,24004.84
2025-03-17,TTF,28233.44,23527.87
2025-03-17,CEGH,29085.29,24237.74
2025-03-17,THE,28946.21,24121.84
2025-03-18,TTF,27672.56,23060.47
2025-03-18,CEGH,28893.55,24077.96
2025-03-18,THE,28621.58,23851.32
2025-03-19,TTF,27203.91,22669.92
2025-03-19,CEGH,28761.04,23967.53
2025-03-19,THE,28220.69,23517.24
2025-03-20,TTF,28559.11,23799.26
2025-03-20,CEGH,30068.92,25057.43
2025-03-20,THE,29470.8,24559.0
2025-03-21,TTF,27912.56,23260.47
2025-03-21,CEGH,29423.19,24519.32
2025-03-21,THE,28667.88,23889.9
2025-03-22,TTF,27837.61,23198.01
2025-03-22,CEGH,29307.87,24423.22
2025-03-22,THE,28500.67,23750.56
2025-03-23,TTF,27837.61,23198.01
2025-03-23,CEGH,29307.87,24423.22
2025-03-23,THE,28500.67,23750.56
2025-03-24,TTF,28014.98,23345.82
2025-03-24,CEGH,29369.31,24474.42
2025-03-24,THE,28769.95,23974.96
2025-03-25,TTF,28122.62,23435.52
2025-03-25,CEGH,29445.54,24537.95
2025-03-25,THE,28879.4,24066.17
2025-03-26,TTF,27471.56,22892.97
2025-03-26,CEGH,28732.34,23943.62
2025-03-26,THE,28327.5,23606.25
2025-03-27,TTF,27015.13,22512.61
2025-03-27,CEGH,28272.82,23560.68
2025-03-27,THE,27819.13,23182.61
2025-03-28,TTF,27124.18,22603.48
2025-03-28,CEGH,28328.15,23606.79
2025-03-28,THE,27903.89,23253.24
2025-03-29,TTF,26505.0,22087.5
2025-03-29,CEGH,27869.49,23224.57
2025-03-29,THE,27393.64,22828.03
2025-03-30,TTF,26505.0,22087.5
2025-03-30,CEGH,27869.49,23224.57
2025-03-30,THE,27393.64,22828.03
2025-03-31,TTF,26596.79,22163.99
2025-03-31,CEGH,27806.49,23172.07
2025-03-31,THE,27422.37,22851.97
2025-04-01,TTF,27006.53,22505.44
2025-04-01,CEGH,28224.16,23520.13
2025-04-01,THE,27695.76,23079.8
2025-04-02,TTF,27817.4,23181.17
2025-04-02,CEGH,29080.5,24233.75
2025-04-02,THE,28474.67,23728.89
2025-04-03,TTF,27164.22,22636.85
2025-04-03,CEGH,28462.35,23718.62
2025-04-03,THE,27690.33,23075.27
2025-04-04,TTF,26895.74,22413.12
2025-04-04,CEGH,28047.22,23372.68
2025-04-04,THE,27271.73,22726.44
2025-04-05,TTF,25233.15,21027.62
2025-04-05,CEGH,26437.5,22031.25
2025-04-05,THE,25691.39,21409.49
2025-04-06,TTF,25233.15,21027.62
2025-04-06,CEGH,26437.5,22031.25
2025-04-06,THE,25691.39,21409.49
2025-04-07,TTF,25289.46,21074.55
2025-04-07,CEGH,26830.25,22358.54
2025-04-07,THE,25960.64,21633.87
2025-04-08,TTF,24567.84,20473.2
2025-04-08,CEGH,26518.91,22099.09
2025-04-08,THE,25399.06,21165.88
2025-04-09,TTF,24431.75,20359.79
2025-04-09,CEGH,26214.34,21845.28
2025-04-09,THE,25331.7,21109.75
2025-04-10,TTF,23401.59,19501.32
2025-04-10,CEGH,25222.32,21018.6
2025-04-10,THE,24440.34,20366.95
2025-04-11,TTF,23312.04,19426.7
2025-04-11,CEGH,24933.1,20777.58
2025-04-11,THE,24116.69,20097.24
2025-04-12,TTF,23294.42,19412.02
2025-04-12,CEGH,25032.94,20860.78
2025-04-12,THE,23969.86,19974.88
2025-04-13,TTF,23294.42,19412.02
2025-04-13,CEGH,25032.94,20860.78
2025-04-13,THE,23969.86,19974.88
2025-04-14,TTF,24002.37,20001.97
2025-04-14,CEGH,25817.68,21514.73
2025-04-14,THE,24801.83,20668.19
2025-04-15,TTF,24704.27,20586.89
2025-04-15,CEGH,26837.23,22364.36
2025-04-15,THE,25367.06,21139.22
2025-04-16,TTF,24288.3,20240.25
2025-04-16,CEGH,26091.82,21743.18
2025-04-16,THE,24897.43,20747.86
2025-04-17,TTF,25207.62,21006.35
2025-04-17,CEGH,26725.33,22271.11
2025-04-17,THE,25759.52,21466.27
2025-04-18,TTF,25324.65,21103.87
2025-04-18,CEGH,26872.4,22393.67
2025-04-18,THE,25818.48,21515.4
2025-04-19,TTF,25318.62,21098.85
2025-04-19,CEGH,26559.23,22132.69
2025-04-19,THE,25770.3,21475.25
2025-04-20,TTF,25318.62,21098.85
2025-04-20,CEGH,26559.23,22132.69
2025-04-20,THE,25770.3,21475.25
2025-04-21,TTF,25335.96,21113.3
2025-04-21,CEGH,26884.4,22403.67
2025-04-21,THE,25830.02,21525.02
2025-04-22,TTF,25734.65,21445.54
2025-04-22,CEGH,27307.46,22756.22
2025-04-22,THE,26236.48,21863.73
2025-04-23,TTF,24887.36,20739.47
2025-04-23,CEGH,26030.53,21692.11
2025-04-23,THE,25266.38,21055.32
2025-04-24,TTF,24816.44,20680.37
2025-04-24,CEGH,26089.52,21741.27
2025-04-24,THE,25175.83,20979.86
2025-04-25,TTF,24404.9,20337.42
2025-04-25,CEGH,25455.92,21213.27
2025-04-25,THE,24732.97,20610.81
2025-04-26,TTF,23457.16,19547.63
2025-04-26,CEGH,24824.09,20686.74
2025-04-26,THE,23955.33,19962.77
2025-04-27,TTF,23457.16,19547.63
2025-04-27,CEGH,24824.09,20686.74
2025-04-27,THE,23955.33,19962.77
2025-04-28,TTF,23465.86,19554.88
2025-04-28,CEGH,24941.17,20784.31
2025-04-28,THE,23994.06,19995.05
2025-04-29,TTF,23341.57,19451.31
2025-04-29,CEGH,24719.93,20599.94
2025-04-29,THE,23760.54,19800.45
2025-04-30,TTF,22991.47,19159.56
2025-04-30,CEGH,24421.21,20351.01
2025-04-30,THE,23476.13,19563.44
2025-05-01,TTF,23140.89,19284.07
2025-05-01,CEGH,24488.57,20407.14
2025-05-01,THE,23533.71,19611.42
2025-05-02,TTF,23121.89,19268.24
2025-05-02,CEGH,24479.13,20399.27
2025-05-02,THE,23387.31,19489.42
2025-05-03,TTF,23767.33,19806.11
2025-05-03,CEGH,25239.19,21032.66
2025-05-03,THE,23972.43,19977.02
2025-05-04,TTF,23767.33,19806.11
2025-05-04,CEGH,25239.19,21032.66
2025-05-04,THE,23972.43,19977.02
2025-05-05,TTF,23987.45,19989.54
2025-05-05,CEGH,25393.81,21161.51
2025-05-05,THE,24169.31,20141.09
2025-05-06,TTF,23923.62,19936.35
2025-05-06,CEGH,25326.24,21105.2
2025-05-06,THE,24105.0,20087.5
2025-05-07,TTF,24803.35,20669.46
2025-05-07,CEGH,26452.05,22043.37
2025-05-07,THE,25176.41,20980.34
2025-05-08,TTF,24638.7,20532.25
2025-05-08,CEGH,26387.8,21989.83
2025-05-08,THE,25103.12,20919.27
2025-05-09,TTF,25093.24,20911.03
2025-05-09,CEGH,27021.6,22518.0
2025-05-09,THE,25543.79,21286.49
2025-05-10,TTF,24582.62,20485.52
2025-05-10,CEGH,26553.03,22127.52
2025-05-10,THE,25081.23,20901.02
2025-05-11,TTF,24582.62,20485.52
2025-05-11,CEGH,26553.03,22127.52
2025-05-11,THE,25081.23,20901.02
2025-05-12,TTF,24536.22,20446.85
2025-05-12,CEGH,26500.99,22084.16
2025-05-12,THE,25057.36,20881.13
2025-05-13,TTF,24708.9,20590.75
2025-05-13,CEGH,26648.67,22207.22
2025-05-13,THE,25122.87,20935.72
2025-05-14,TTF,24691.61,20576.34
2025-05-14,CEGH,26664.06,22220.05
2025-05-14,THE,25217.2,21014.33
2025-05-15,TTF,24456.01,20380.01
2025-05-15,CEGH,26664.59,22220.49
2025-05-15,THE,24945.48,20787.9
2025-05-16,TTF,24591.79,20493.16
2025-05-16,CEGH,26689.6,22241.33
2025-05-16,THE,25233.61,21028.01
2025-05-17,TTF,24514.54,20428.78
2025-05-17,CEGH,26523.2,22102.67
2025-05-17,THE,25144.47,20953.72
2025-05-18,TTF,24514.54,20428.78
2025-05-18,CEGH,26523.2,22102.67
2025-05-18,THE,25144.47,20953.72
2025-05-19,TTF,24596.98,20497.48
2025-05-19,CEGH,26673.96,22228.3
2025-05-19,THE,25180.2,20983.5
2025-05-20,TTF,24890.65,20742.21
2025-05-20,CEGH,26835.76,22363.13
2025-05-20,THE,25310.89,21092.41
2025-05-21,TTF,26085.27,21737.72
2025-05-21,CEGH,27717.06,23097.55
2025-05-21,THE,26497.7,22081.42
2025-05-22,TTF,25985.16,21654.3
2025-05-22,CEGH,27986.75,23322.29
2025-05-22,THE,26351.82,21959.85
2025-05-23,TTF,25578.21,21315.17
2025-05-23,CEGH,27580.41,22983.67
2025-05-23,THE,26233.58,21861.32
2025-05-24,TTF,25728.53,21440.44
2025-05-24,CEGH,27875.03,23229.19
2025-05-24,THE,26257.64,21881.37
2025-05-25,TTF,25728.53,21440.44
2025-05-25,CEGH,27875.03,23229.19
2025-05-25,THE,26257.64,21881.37
2025-05-26,TTF,25765.15,21470.96
2025-05-26,CEGH,27962.88,23302.4
2025-05-26,THE,26288.99,21907.49
2025-05-27,TTF,25929.68,21608.07
2025-05-27,CEGH,28141.44,23451.2
2025-05-27,THE,26456.87,22047.39
2025-05-28,TTF,26132.09,21776.74
2025-05-28,CEGH,28174.85,23479.04
2025-05-28,THE,26629.14,22190.95
2025-05-29,TTF,25851.89,21543.24
2025-05-29,CEGH,27806.12,23171.77
2025-05-29,THE,26376.64,21980.53
2025-05-30,TTF,24688.28,20573.57
2025-05-30,CEGH,26901.0,22417.5
2025-05-30,THE,25257.95,21048.29
2025-05-31,TTF,23950.71,19958.92
2025-05-31,CEGH,26325.33,21937.77
2025-05-31,THE,24604.33,20503.61
2025-06-01,TTF,23950.71,19958.92
2025-06-01,CEGH,26325.33,21937.77
2025-06-01,THE,24604.33,20503.61
2025-06-02,TTF,24270.53,20225.44
2025-06-02,CEGH,26405.61,22004.67
2025-06-02,THE,24831.44,20692.87
2025-06-03,TTF,25039.59,20866.32
2025-06-03,CEGH,27151.53,22626.27
2025-06-03,THE,25599.53,21332.94
2025-06-04,TTF,25473.01,21227.51
2025-06-04,CEGH,27824.6,23187.17
2025-06-04,THE,26044.2,21703.5
2025-06-05,TTF,25297.74,21081.45
2025-06-05,CEGH,27976.83,23314.02
2025-06-05,THE,25860.17,21550.14
2025-06-06,TTF,25829.12,21524.27
2025-06-06,CEGH,28056.87,23380.72
2025-06-06,THE,26393.64,21994.7
2025-06-07,TTF,25750.2,21458.5
2025-06-07,CEGH,28020.45,23350.37
2025-06-07,THE,26223.68,21853.07
2025-06-08,TTF,25750.2,21458.5
2025-06-08,CEGH,28020.45,23350.37
2025-06-08,THE,26223.68,21853.07
2025-06-09,TTF,25705.41,21421.17
2025-06-09,CEGH,28249.25,23541.04
2025-06-09,THE,26202.07,21835.06
2025-06-10,TTF,25328.15,21106.79
2025-06-10,CEGH,27944.07,23286.72
2025-06-10,THE,25904.75,21587.29
2025-06-11,TTF,24960.52,20800.43
2025-06-11,CEGH,27547.2,22956.0
2025-06-11,THE,25587.41,21322.84
2025-06-12,TTF,25543.8,21286.5
2025-06-12,CEGH,27988.07,23323.39
2025-06-12,THE,26157.9,21798.25
2025-06-13,TTF,26115.01,21762.51
2025-06-13,CEGH,28911.89,24093.24
2025-06-13,THE,26700.26,22250.22
2025-06-14,TTF,27063.73,22553.11
2025-06-14,CEGH,29823.64,24853.03
2025-06-14,THE,27501.13,22917.61
2025-06-15,TTF,27063.73,22553.11
2025-06-15,CEGH,29823.64,24853.03
2025-06-15,THE,27501.13,22917.61
2025-06-16,TTF,26874.82,22395.68
2025-06-16,CEGH,29557.36,24631.13
2025-06-16,THE,27247.57,22706.31
2025-06-17,TTF,27135.35,22612.79
2025-06-17,CEGH,29678.85,24732.37
2025-06-17,THE,27720.42,23100.35
2025-06-18,TTF,27875.22,23229.35
2025-06-18,CEGH,30336.01,25280.01
2025-06-18,THE,28422.74,23685.62
2025-06-19,TTF,27588.61,22990.51
2025-06-19,CEGH,30129.53,25107.94
2025-06-19,THE,28214.63,23512.19
2025-06-20,TTF,29323.23,24436.02
2025-06-20,CEGH,31751.46,26459.55
2025-06-20,THE,29911.89,24926.57
2025-06-21,TTF,28630.33,23858.61
2025-06-21,CEGH,31438.73,26198.94
2025-06-21,THE,29341.63,24451.36
2025-06-22,TTF,28630.33,23858.61
2025-06-22,CEGH,31438.73,26198.94
2025-06-22,THE,29341.63,24451.36
2025-06-23,TTF,28871.74,24059.78
2025-06-23,CEGH,31626.08,26355.07
2025-06-23,THE,29649.87,24708.22
2025-06-24,TTF,28604.13,23836.77
2025-06-24,CEGH,31366.66,26138.88
2025-06-24,THE,29280.92,24400.77
2025-06-25,TTF,25936.13,21613.44
2025-06-25,CEGH,28639.7,23866.42
2025-06-25,THE,26582.5,22152.08
2025-06-26,TTF,25701.22,21417.68
2025-06-26,CEGH,28419.26,23682.72
2025-06-26,THE,26468.96,22057.47
2025-06-27,TTF,24752.85,20627.37
2025-06-27,CEGH,27719.14,23099.28
2025-06-27,THE,25612.83,21344.02
2025-06-28,TTF,24391.42,20326.18
2025-06-28,CEGH,27444.95,22870.79
2025-06-28,THE,25157.91,20964.92
2025-06-29,TTF,24391.42,20326.18
2025-06-29,CEGH,27444.95,22870.79
2025-06-29,THE,25157.91,20964.92
2025-06-30,TTF,24463.78,20386.48
2025-06-30,CEGH,27632.62,23027.18
2025-06-30,THE,25257.55,21047.96
2025-07-01,TTF,24465.31,20387.76
2025-07-01,CEGH,27082.5,22568.75
2025-07-01,THE,25205.91,21004.92
2025-07-02,TTF,25582.19,21318.49
2025-07-02,CEGH,28310.64,23592.2
2025-07-02,THE,26481.12,22067.6
2025-07-03,TTF,25313.13,21094.27
2025-07-03,CEGH,28278.12,23565.1
2025-07-03,THE,26125.19,21770.99
2025-07-04,TTF,25373.08,21144.23
2025-07-04,CEGH,28359.57,23632.97
2025-07-04,THE,26223.67,21853.06
2025-07-05,TTF,25240.77,21033.97
2025-07-05,CEGH,28145.35,23454.46
2025-07-05,THE,25877.13,21564.27
2025-07-06,TTF,25240.77,21033.97
2025-07-06,CEGH,28145.35,23454.46
2025-07-06,THE,25877.13,21564.27
2025-07-07,TTF,25200.06,21000.05
2025-07-07,CEGH,28139.16,23449.3
2025-07-07,THE,25974.17,21645.14
2025-07-08,TTF,25447.84,21206.53
2025-07-08,CEGH,28186.68,23488.9
2025-07-08,THE,26214.21,21845.17
2025-07-09,TTF,26009.09,21674.24
2025-07-09,CEGH,28592.35,23826.96
2025-07-09,THE,26769.61,22308.01
2025-07-10,TTF,26052.29,21710.24
2025-07-10,CEGH,28567.98,23806.65
2025-07-10,THE,26696.86,22247.38
2025-07-11,TTF,26380.13,21983.44
2025-07-11,CEGH,29103.43,24252.86
2025-07-11,THE,26995.07,22495.89
2025-07-12,TTF,26574.65,22145.54
2025-07-12,CEGH,29028.13,24190.11
2025-07-12,THE,27202.14,22668.45
2025-07-13,TTF,26574.65,22145.54
2025-07-13,CEGH,29028.13,24190.11
2025-07-13,THE,27202.14,22668.45
2025-07-14,TTF,26583.62,22153.02
2025-07-14,CEGH,28917.77,24098.14
2025-07-14,THE,27234.43,22695.36
2025-07-15,TTF,26363.34,21969.45
2025-07-15,CEGH,28894.36,24078.63
2025-07-15,THE,27209.1,22674.25
2025-07-16,TTF,25756.05,21463.37
2025-07-16,CEGH,28238.43,23532.02
2025-07-16,THE,26875.31,22396.09
2025-07-17,TTF,25817.84,21514.87
2025-07-17,CEGH,28323.11,23602.59
2025-07-17,THE,26831.14,22359.28
2025-07-18,TTF,25695.28,21412.73
2025-07-18,CEGH,28004.64,23337.2
2025-07-18,THE,26713.38,22261.15
2025-07-19,TTF,25068.28,20890.23
2025-07-19,CEGH,27514.21,22928.51
2025-07-19,THE,25949.81,21624.84
2025-07-20,TTF,25068.28,20890.23
2025-07-20,CEGH,27514.21,22928.51
2025-07-20,THE,25949.81,21624.84
2025-07-21,TTF,25135.65,20946.37
2025-07-21,CEGH,27576.92,22980.77
2025-07-21,THE,26107.18,21755.98
2025-07-22,TTF,25130.63,20942.19
2025-07-22,CEGH,27362.33,22801.94
2025-07-22,THE,25999.55,21666.29
2025-07-23,TTF,25144.06,20953.38
2025-07-23,CEGH,27692.22,23076.85
2025-07-23,THE,26152.05,21793.37
2025-07-24,TTF,25084.87,20904.06
2025-07-24,CEGH,27576.35,22980.29
2025-07-24,THE,25969.75,21641.46
2025-07-25,TTF,24862.61,20718.84
2025-07-25,CEGH,27190.28,22658.57
2025-07-25,THE,25762.23,21468.52
2025-07-26,TTF,24680.17,20566.81
2025-07-26,CEGH,26655.55,22212.96
2025-07-26,THE,25642.7,21368.92
2025-07-27,TTF,24680.17,20566.81
2025-07-27,CEGH,26655.55,22212.96
2025-07-27,THE,25642.7,21368.92
2025-07-28,TTF,24670.36,20558.63
2025-07-28,CEGH,27017.48,22514.57
2025-07-28,THE,25643.1,21369.25
2025-07-29,TTF,24813.92,20678.27
2025-07-29,CEGH,26835.43,22362.86
2025-07-29,THE,25699.89,21416.57
2025-07-30,TTF,25203.28,21002.73
2025-07-30,CEGH,27748.88,23124.07
2025-07-30,THE,26284.54,21903.78
2025-07-31,TTF,25546.08,21288.4
2025-07-31,CEGH,27810.08,23175.07
2025-07-31,THE,26545.45,22121.21
2025-08-01,TTF,25517.92,21264.93
2025-08-01,CEGH,27861.04,23217.53
2025-08-01,THE,26270.41,21892.01
2025-08-02,TTF,24569.66,20474.72
2025-08-02,CEGH,26980.07,22483.39
2025-08-02,THE,25297.68,21081.4
2025-08-03,TTF,24569.66,20474.72
2025-08-03,CEGH,26980.07,22483.39
2025-08-03,THE,25297.68,21081.4
2025-08-04,TTF,24570.93,20475.77
2025-08-04,CEGH,26866.2,22388.5
2025-08-04,THE,25327.88,21106.57
2025-08-05,TTF,25081.73,20901.44
2025-08-05,CEGH,27255.97,22713.31
2025-08-05,THE,25806.47,21505.39
2025-08-06,TTF,25072.36,20893.63
2025-08-06,CEGH,27161.16,22634.3
2025-08-06,THE,25743.98,21453.32
2025-08-07,TTF,24777.56,20647.97
2025-08-07,CEGH,26887.17,22405.97
2025-08-07,THE,25346.72,21122.27
2025-08-08,TTF,24562.44,20468.7
2025-08-08,CEGH,26801.52,22334.6
2025-08-08,THE,25131.49,20942.91
2025-08-09,TTF,24110.91,20092.42
2025-08-09,CEGH,26152.07,21793.39
2025-08-09,THE,24698.52,20582.1
2025-08-10,TTF,24110.91,20092.42
2025-08-10,CEGH,26152.07,21793.39
2025-08-10,THE,24698.52,20582.1
2025-08-11,TTF,24144.01,20120.01
2025-08-11,CEGH,26261.96,21884.97
2025-08-11,THE,24675.04,20562.53
2025-08-12,TTF,24478.97,20399.14
2025-08-12,CEGH,26609.41,22174.51
2025-08-12,THE,25047.08,20872.57
2025-08-13,TTF,24097.16,20080.97
2025-08-13,CEGH,26246.88,21872.4
2025-08-13,THE,24657.69,20548.07
2025-08-14,TTF,24738.84,20615.7
2025-08-14,CEGH,26988.91,22490.76
2025-08-14,THE,25387.06,21155.88
2025-08-15,TTF,24391.67,20326.39
2025-08-15,CEGH,26321.86,21934.88
2025-08-15,THE,24906.8,20755.67
2025-08-16,TTF,23615.88,19679.9
2025-08-16,CEGH,25930.86,21609.05
2025-08-16,THE,24180.66,20150.55
2025-08-17,TTF,23615.88,19679.9
2025-08-17,CEGH,25930.86,21609.05
2025-08-17,THE,24180.66,20150.55
2025-08-18,TTF,23599.77,19666.47
2025-08-18,CEGH,25772.16,21476.8
2025-08-18,THE,24125.85,20104.87
2025-08-19,TTF,23522.94,19602.45
2025-08-19,CEGH,25596.81,21330.67
2025-08-19,THE,24047.57,20039.64
2025-08-20,TTF,23596.28,19663.57
2025-08-20,CEGH,25880.93,21567.44
2025-08-20,THE,24178.28,20148.57
2025-08-21,TTF,24254.66,20212.22
2025-08-21,CEGH,26439.38,22032.82
2025-08-21,THE,24828.61,20690.51
2025-08-22,TTF,24954.11,20795.09
2025-08-22,CEGH,26835.31,22362.76
2025-08-22,THE,25421.33,21184.44
2025-08-23,TTF,25034.03,20861.69
2025-08-23,CEGH,26761.53,22301.27
2025-08-23,THE,25372.15,21143.46
2025-08-24,TTF,25034.03,20861.69
2025-08-24,CEGH,26761.53,22301.27
2025-08-24,THE,25372.15,21143.46
2025-08-25,TTF,24983.93,20819.94
2025-08-25,CEGH,26868.42,22390.35
2025-08-25,THE,25364.51,21137.09
2025-08-26,TTF,25277.57,21064.64
2025-08-26,CEGH,27184.21,22653.51
2025-08-26,THE,25662.62,21385.52
2025-08-27,TTF,25181.68,20984.73
2025-08-27,CEGH,26993.58,22494.65
2025-08-27,THE,25546.53,21288.77
2025-08-28,TTF,24508.19,20423.49
2025-08-28,CEGH,26465.12,22054.27
2025-08-28,THE,24741.3,20617.75
2025-08-29,TTF,24151.05,20125.87
2025-08-29,CEGH,26223.21,21852.67
2025-08-29,THE,24255.89,20213.24
2025-08-30,TTF,23935.2,19946.0
2025-08-30,CEGH,25742.17,21451.81
2025-08-30,THE,24027.71,20023.09
2025-08-31,TTF,23935.2,19946.0
2025-08-31,CEGH,25742.17,21451.81
2025-08-31,THE,24027.71,20023.09
2025-09-01,TTF,23904.23,19920.19
2025-09-01,CEGH,25627.07,21355.89
2025-09-01,THE,24182.11,20151.76
2025-09-02,TTF,24312.12,20260.1
2025-09-02,CEGH,25988.78,21657.32
2025-09-02,THE,24784.07,20653.39
2025-09-03,TTF,23986.7,19988.92
2025-09-03,CEGH,25640.92,21367.43
2025-09-03,THE,24486.67,20405.56
2025-09-04,TTF,23851.82,19876.52
2025-09-04,CEGH,25852.81,21544.01
2025-09-04,THE,24382.95,20319.12
2025-09-05,TTF,24274.75,20228.96
2025-09-05,CEGH,25835.05,21529.21
2025-09-05,THE,24595.44,20496.2
2025-09-06,TTF,23849.21,19874.34
2025-09-06,CEGH,25594.53,21328.77
2025-09-06,THE,24194.57,20162.14
2025-09-07,TTF,23849.21,19874.34
2025-09-07,CEGH,25594.53,21328.77
2025-09-07,THE,24194.57,20162.14
2025-09-08,TTF,23875.72,19896.43
2025-09-08,CEGH,25677.62,21398.02
2025-09-08,THE,24313.85,20261.54
2025-09-09,TTF,24975.8,20813.17
2025-09-09,CEGH,27009.03,22507.52
2025-09-09,THE,25322.94,21102.45
2025-09-10,TTF,25009.68,20841.4
2025-09-10,CEGH,26921.56,22434.63
2025-09-10,THE,25325.23,21104.36
2025-09-11,TTF,24964.83,20804.02
2025-09-11,CEGH,26602.74,22168.95
2025-09-11,THE,25267.68,21056.4
2025-09-12,TTF,24159.34,20132.78
2025-09-12,CEGH,25909.71,21591.42
2025-09-12,THE,24505.71,20421.42
2025-09-13,TTF,24487.15,20405.96
2025-09-13,CEGH,25996.3,21663.58
2025-09-13,THE,24907.73,20756.44
2025-09-14,TTF,24487.15,20405.96
2025-09-14,CEGH,25996.3,21663.58
2025-09-14,THE,24907.73,20756.44
2025-09-15,TTF,24497.91,20414.92
2025-09-15,CEGH,26078.99,21732.49
2025-09-15,THE,24876.13,20730.11
2025-09-16,TTF,24407.55,20339.62
2025-09-16,CEGH,25898.81,21582.34
2025-09-16,THE,24457.25,20381.04
2025-09-17,TTF,24481.84,20401.53
2025-09-17,CEGH,26196.21,21830.17
2025-09-17,THE,24781.07,20650.89
2025-09-18,TTF,24634.49,20528.74
2025-09-18,CEGH,26328.0,21940.0
2025-09-18,THE,24803.22,20669.35
2025-09-19,TTF,25008.93,20840.77
2025-09-19,CEGH,26615.32,22179.43
2025-09-19,THE,25096.44,20913.7
2025-09-20,TTF,24440.13,20366.77
2025-09-20,CEGH,25984.01,21653.34
2025-09-20,THE,24515.14,20429.28
2025-09-21,TTF,24440.13,20366.77
2025-09-21,CEGH,25984.01,21653.34
2025-09-21,THE,24515.14,20429.28
2025-09-22,TTF,24444.15,20370.12
2025-09-22,CEGH,25877.26,21564.38
2025-09-22,THE,24580.63,20483.86
2025-09-23,TTF,24556.38,20463.65
2025-09-23,CEGH,25761.38,21467.82
2025-09-23,THE,24843.58,20702.98
2025-09-24,TTF,24998.48,20832.07
2025-09-24,CEGH,26155.21,21796.01
2025-09-24,THE,25467.42,21222.85
2025-09-25,TTF,24525.78,20438.15
2025-09-25,CEGH,25766.38,21471.98
2025-09-25,THE,24949.7,20791.42
2025-09-26,TTF,24884.03,20736.69
2025-09-26,CEGH,26069.85,21724.87
2025-09-26,THE,25439.49,21199.57
2025-09-27,TTF,24696.8,20580.67
2025-09-27,CEGH,25969.99,21641.66
2025-09-27,THE,24915.24,20762.7
2025-09-28,TTF,24696.8,20580.67
2025-09-28,CEGH,25969.99,21641.66
2025-09-28,THE,24915.24,20762.7
2025-09-29,TTF,24678.15,20565.12
2025-09-29,CEGH,25856.52,21547.1
2025-09-29,THE,24963.44,20802.87
2025-09-30,TTF,24410.44,20342.03
2025-09-30,CEGH,25813.1,21510.92
2025-09-30,THE,24888.34,20740.28
2025-10-01,TTF,24068.6,20057.17
2025-10-01,CEGH,25263.03,21052.52
2025-10-01,THE,24637.96,20531.63
2025-10-02,TTF,24314.5,20262.08
2025-10-02,CEGH,25256.57,21047.14
2025-10-02,THE,24636.79,20530.66
2025-10-03,TTF,23994.8,19995.67
2025-10-03,CEGH,25181.77,20984.81
2025-10-03,THE,24243.38,20202.82
2025-10-04,TTF,23764.86,19804.05
2025-10-04,CEGH,25163.13,20969.27
2025-10-04,THE,24193.66,20161.38
2025-10-05,TTF,23764.86,19804.05
2025-10-05,CEGH,25163.13,20969.27
2025-10-05,THE,24193.66,20161.38
2025-10-06,TTF,23729.83,19774.86
2025-10-06,CEGH,25062.59,20885.49
2025-10-06,THE,24114.16,20095.13
2025-10-07,TTF,25462.12,21218.43
2025-10-07,CEGH,26309.4,21924.5
2025-10-07,THE,25777.53,21481.27
2025-10-08,TTF,25417.97,21181.64
2025-10-08,CEGH,26436.39,22030.32
2025-10-08,THE,25763.62,21469.68
2025-10-09,TTF,24788.58,20657.15
2025-10-09,CEGH,26065.3,21721.08
2025-10-09,THE,25251.16,21042.63
2025-10-10,TTF,24538.82,20449.02
2025-10-10,CEGH,25835.83,21529.86
2025-10-10,THE,25032.92,20860.77
